ticker,level,price,mcap_usd,score,setup,dd_from_hi_pct,base_range_pct,vol_growth_pct,dist_resist_pct,resistance,stop_ref,sector
SBC,strict,5.34,549202676.0,66.9,Cup & Handle probable,85.4,48.5,106.0,0.6,5.37,4.81,Industrials
ALVO,strict,6.11,2385536343.0,57.7,Setup en formation,66.1,58.8,71.0,6.4,6.53,5.5,Health Care
PMVP,strict,1.78,134417469.0,53.2,Setup en formation,73.3,49.2,42.0,6.8,1.91,1.6,Health Care
DV,strict,13.44,2083023224.0,80.2,Squeeze / VCP prêt à casser,68.7,37.6,21.0,1.5,13.65,12.1,Communication Services
GYRE,strict,7.35,819597390.0,58.7,Setup en formation,75.8,37.6,17.0,10.4,8.2,6.61,Health Care
ENGS,relax,3.07,166321966.0,70.8,Squeeze / VCP prêt à casser,75.4,68.1,223.0,4.4,3.21,2.76,Industrials
ACVA,relax,10.5,1782983790.0,66.4,Cup & Handle probable,55.2,60.2,123.0,0.0,10.5,9.45,Consumer Discretionary
WEAV,relax,7.36,588793516.0,79.9,Squeeze / VCP prêt à casser,58.3,42.5,83.0,3.9,7.66,6.62,Health Care
FWDI,relax,8.11,618697424.0,53.7,Setup en formation,82.4,65.1,72.0,7.4,8.76,7.3,Consumer Discretionary
WNC,relax,13.99,569913050.0,79.5,Cup & Handle probable,50.5,56.9,62.0,3.8,14.55,12.59,Industrials
PACB,relax,2.87,892084278.0,29.3,Étendu (déjà parti),73.1,64.5,26.0,1.7,2.92,2.58,Health Care
DNA,relax,14.98,963817349.0,25.1,Étendu (déjà parti),80.1,62.2,23.0,3.2,15.48,13.48,Health Care
ASAN,relax,9.14,2092786869.0,52.3,Setup en formation,67.1,56.1,17.0,13.0,10.51,8.23,Information Technology
SG,relax,9.09,1082085553.0,50.7,Setup en formation,79.9,61.9,12.0,14.5,10.63,8.18,Consumer Discretionary
SENS,relax,10.31,545131486.0,69.6,Setup en formation,63.2,56.7,9.0,3.1,10.64,9.28,Health Care
NRC,relax,20.78,459644581.0,54.3,En base (loin du pivot),51.9,43.4,8.0,11.6,23.49,18.7,Health Care
MDXG,relax,4.55,663210129.0,42.4,Setup en formation,55.1,43.1,5.0,8.8,4.99,4.1,Health Care
