theme,heat,top_headline
semiconducteurs,62,"These 5 AI chip stocks are must-own into Q4, BofA says - Yahoo Finance"
memoire,32,Memory Giant SK Hynix Nears US Listing: Some Key Information You Need to Know - TradingKey
quantique,70,Quantum Computing Stocks Face Profitability Test as Revenue Boom Meets Earnings Reality - ChartMill
ia,100,3 Top AI Stocks for October - Yahoo Finance
laser_photonique,0,
robotique,45,3 AI Stocks With Earnings Growth Up To 76% - Yahoo Finance
equipement_electrique,50,"Hammond Power Solutions Inc. (HPS-A.TO) Stock Price, News, Quote & History - Yahoo! Finance Canada"
production_energie,42,"With Nuclear Investing Evolving, Size Up SMRF - ETF Database"
gestion_thermique,41,Vertiv's Data Center Focus Is A Huge Competitive Advantage: Buy The Stock (NYSE:VRT) - Seeking Alpha
espace,23,Rocket Lab Stock Extends Rally As Backlog And Deals Surge - StocksToTrade
defense,52,"Unusual Machines Tumbles 8% Despite Pentagon's Autonomous Warfare Push; AeroVironment Eases, Red Cat Pulls Back - 24/7 Wall St."
new_tech,10,Hamamatsu Photonics Unveils Microscope For AI Chip Failure Analysis - Quantum Zeitgeist
