ticker,themes,score,setup,price,rsi,macd_hist,avg_dollar_vol,dist_to_high_pct,base_depth_pct,bbwidth_pctile,vol_dryup,overext,c_trend,c_base,c_vcp,c_volume,c_pivot,c_momentum,c_rs,c_hi52,mcap_usd
CGNX,robotique,85.3,Cup & Handle probable,71.31,63.4,0.609,157691756.0,2.2,28.3,60.0,0.23,0.0,0.913,1.0,0.279,0.592,1.0,0.887,0.992,0.928,11283239285.67186
GEV,equipement_electrique|production_energie,79.8,Cup & Handle probable,1134.35,59.7,17.059,3328548102.0,4.0,27.6,97.0,0.0,0.0,0.927,1.0,0.019,0.5,1.0,0.836,0.944,0.867,299114909698.12195
ROK,robotique,79.4,Cup & Handle probable,482.82,58.7,1.384,416613654.0,2.9,20.6,48.0,0.0,0.0,0.873,1.0,0.388,0.309,1.0,0.839,0.968,0.903,52487924988.42462
CARR,gestion_thermique,79.0,Setup en formation,72.07,56.2,-0.008,423243906.0,6.1,21.6,37.0,0.56,0.0,0.921,1.0,0.577,0.779,0.986,0.5,0.937,0.664,58198769986.13697
HEI,defense,77.2,Squeeze / VCP prêt à casser,359.7,71.5,1.106,183569187.0,-1.0,28.1,15.0,0.87,0.0,0.897,1.0,0.699,0.807,0.405,0.63,0.778,0.96,50569227097.48245
TSM,semiconducteurs,76.9,Setup en formation,444.23,53.0,0.552,6461454371.0,7.3,24.0,54.0,0.12,0.0,0.911,1.0,0.276,0.399,0.843,0.842,0.96,0.758,2251759576477.515
PLPC,equipement_electrique,76.1,Cup & Handle probable,393.52,55.2,0.964,41226906.0,4.5,25.5,30.0,0.68,0.0,0.97,1.0,0.556,0.341,1.0,0.547,0.96,0.832,1802552131.5386963
LSCC,ia|semiconducteurs,75.4,Setup en formation,146.3,52.8,-0.614,292545577.0,6.8,30.4,25.0,0.5,0.0,0.951,1.0,0.448,0.252,0.897,0.84,0.897,0.773,18705682548.96408
GHM,gestion_thermique,74.8,Cup & Handle probable,119.44,60.7,1.013,35732698.0,5.1,30.1,94.0,0.0,0.0,1.0,1.0,0.116,0.422,1.0,0.519,0.968,0.831,1347277209.2864227
ESE,equipement_electrique,74.5,Setup en formation,339.82,57.8,1.249,105537443.0,6.1,21.9,86.0,0.32,0.0,0.965,1.0,0.086,0.63,0.982,0.5,0.865,0.795,8621388666.535034
SNOW,ia,74.4,Setup en formation,261.19,69.4,-0.35,1805846856.0,8.4,53.3,21.0,0.79,0.06,1.0,0.0,0.609,0.895,0.706,0.743,0.992,0.722,90167987884.52148
PDFS,semiconducteurs,74.1,Setup en formation,66.88,59.1,0.081,52706403.0,6.7,47.5,60.0,0.11,0.0,1.0,0.141,0.243,0.557,0.911,0.809,0.984,0.776,2477731682.377014
COHU,semiconducteurs,73.9,Setup en formation,69.11,60.7,0.285,91702848.0,7.4,44.3,87.0,0.34,0.0,1.0,0.317,0.076,0.589,0.83,0.818,0.976,0.755,2796082838.28516
MASS,robotique,73.9,Squeeze / VCP prêt à casser,8.88,59.7,-0.02,2886892.0,4.2,30.4,25.0,0.0,0.0,0.973,1.0,0.688,0.153,1.0,0.521,0.976,0.836,328600350.6227732
ACLS,semiconducteurs,73.9,Setup en formation,178.33,54.5,-0.458,124447802.0,8.0,32.9,63.0,0.18,0.0,1.0,0.95,0.219,0.324,0.753,0.811,0.952,0.734,4441048116.5
ASML,semiconducteurs,73.8,Setup en formation,1843.04,53.9,-5.385,4312630068.0,7.8,31.8,54.0,0.0,0.0,0.994,1.0,0.276,0.268,0.769,0.835,0.929,0.738,681927162336.6559
AYI,equipement_electrique,73.3,Cup & Handle probable,367.53,69.2,7.123,168841281.0,2.9,28.5,100.0,0.0,0.12,1.0,1.0,0.0,0.5,1.0,0.683,0.929,0.894,10748059050.67691
ONTO,semiconducteurs,72.4,Setup en formation,351.36,59.0,4.003,463243867.0,9.1,38.4,86.0,0.0,0.0,1.0,0.645,0.086,0.5,0.615,0.824,0.984,0.697,15300125669.916595
POWW,defense,72.4,Setup en formation,2.31,62.0,0.025,2212533.0,6.1,22.4,90.0,0.0,0.0,0.939,1.0,0.057,0.5,0.988,0.523,0.865,0.797,275307467.4861431
MRCY,defense|espace,71.9,Squeeze / VCP prêt à casser,123.05,66.0,-0.031,98368114.0,-0.3,40.1,21.0,0.0,0.02,0.958,0.55,0.471,0.176,0.666,0.883,1.0,0.875,7578062692.458733
MKSI,laser_photonique,71.6,Setup en formation,411.05,59.7,3.514,544412962.0,8.2,41.7,97.0,0.0,0.0,1.0,0.462,0.019,0.5,0.729,0.808,0.968,0.728,24691431632.33734
QTUM,quantique,71.0,Cup & Handle probable,160.36,52.4,-1.065,141689602.0,5.5,25.0,56.0,0.0,0.0,0.91,1.0,0.262,0.0,1.0,0.831,0.881,0.816,
AMD,ia|semiconducteurs,70.6,Setup en formation,540.88,56.5,-1.242,16628754367.0,7.5,52.7,42.0,0.67,0.0,1.0,0.0,0.348,0.456,0.813,0.837,0.96,0.75,844357634829.8557
ETN,equipement_electrique,70.5,Cup & Handle probable,412.31,51.6,0.621,1042336951.0,5.6,15.8,48.0,0.36,0.0,0.784,1.0,0.39,0.276,1.0,0.807,0.683,0.814,154745311734.0088
FORM,semiconducteurs,70.3,Setup en formation,147.13,53.7,1.017,270281727.0,8.2,29.9,64.0,0.37,0.0,0.996,1.0,0.214,0.187,0.725,0.82,0.873,0.727,9634429986.001099
ALNT,gestion_thermique,70.1,Cup & Handle probable,98.63,61.7,-0.104,29392005.0,5.8,44.0,62.0,0.0,0.0,1.0,0.334,0.229,0.468,1.0,0.516,0.952,0.808,1476826917.3061523
LII,gestion_thermique,69.7,Cup & Handle probable,571.08,65.1,4.911,217140777.0,2.0,18.7,71.0,0.58,0.0,0.876,1.0,0.292,0.627,1.0,0.547,0.802,0.457,19837026778.570312
BRKR,robotique,69.5,Squeeze / VCP prêt à casser,60.64,64.1,-0.096,151640960.0,6.0,47.6,18.0,0.11,0.0,1.0,0.132,0.672,0.056,1.0,0.801,0.976,0.801,9383187370.448853
GD,defense,68.4,Cup & Handle probable,361.27,61.3,0.318,503581547.0,1.1,16.4,66.0,0.13,0.0,0.723,1.0,0.205,0.412,1.0,0.877,0.397,0.954,101016494362.78482
KLIC,semiconducteurs,68.4,Cup & Handle probable,133.81,70.4,1.108,155861942.0,0.7,39.6,86.0,0.0,0.1,1.0,0.575,0.086,0.5,1.0,0.341,1.0,0.951,6349548062.23436
BWEN,equipement_electrique,68.3,En base (loin du pivot),4.65,57.1,-0.031,2379894.0,13.9,63.3,53.0,1.0,0.0,1.0,0.0,0.472,1.0,0.014,0.809,0.944,0.537,107190849.49440765
AZZ,equipement_electrique,67.8,Setup en formation,149.9,51.4,-0.204,50833435.0,7.6,19.8,84.0,0.0,0.0,0.891,1.0,0.095,0.47,0.802,0.5,0.817,0.747,4502792701.293793
GSAT,espace,66.8,Squeeze / VCP prêt à casser,80.96,50.9,-0.003,137567486.0,4.4,6.9,10.0,0.24,0.0,0.735,0.153,0.666,0.399,1.0,0.895,0.579,0.853,10353342084.483475
IMOS,semiconducteurs,66.8,Setup en formation,64.81,56.7,-0.242,6587492.0,9.9,42.6,21.0,0.14,0.0,1.0,0.411,0.476,0.23,0.507,0.835,0.96,0.669,2222904031.1912384
RTX,defense,66.0,Momentum en formation,191.78,61.3,0.675,1000701138.0,2.1,13.1,57.0,0.31,0.0,0.748,1.0,0.35,0.547,1.0,0.81,0.373,0.659,268326673029.0
TT,gestion_thermique,65.8,Setup en formation,484.58,54.4,1.344,684903323.0,4.2,13.1,52.0,0.17,0.0,0.804,1.0,0.29,0.356,1.0,0.515,0.603,0.86,105693256297.38245
VICR,equipement_electrique,65.6,Setup en formation,350.21,57.0,2.573,292493855.0,8.5,46.9,49.0,0.25,0.0,1.0,0.17,0.384,0.123,0.69,0.845,0.976,0.717,12897259667.06366
NVEC,semiconducteurs,65.4,En base (loin du pivot),105.97,54.8,-1.139,28241164.0,12.6,38.8,67.0,0.0,0.0,0.855,0.622,0.26,0.5,0.179,0.892,0.905,0.581,475106548.6447449
LRCX,semiconducteurs,64.7,En base (loin du pivot),391.26,56.4,1.183,5263735617.0,10.8,44.9,86.0,0.0,0.0,1.0,0.281,0.086,0.415,0.403,0.808,0.968,0.641,439451914569.6106
GNRC,equipement_electrique,63.8,Setup en formation,270.22,49.3,-0.198,261890065.0,8.8,28.8,40.0,0.02,0.0,0.939,1.0,0.357,0.268,0.644,0.465,0.81,0.705,14873761157.043549
TSLA,new_tech,62.9,Setup en formation,425.3,58.2,2.748,19226600092.0,6.2,19.7,52.0,0.64,0.0,0.3,1.0,0.409,0.527,0.975,0.983,0.421,0.509,1477689602891.1887
POWI,equipement_electrique|semiconducteurs,62.5,En base (loin du pivot),80.27,50.9,-0.55,88800909.0,12.0,31.6,41.0,0.59,0.0,0.97,1.0,0.541,0.296,0.254,0.536,0.865,0.601,4067001513.1292725
IRDM,espace,62.3,Cup & Handle probable,55.72,67.2,0.94,175505263.0,-0.6,35.6,82.0,0.0,0.41,0.934,0.802,0.11,0.5,0.576,0.916,1.0,0.948,5695149620.0
MYRG,equipement_electrique,62.0,Setup en formation,463.11,51.9,1.334,155340955.0,8.0,34.7,73.0,0.0,0.0,1.0,0.852,0.25,0.0,0.746,0.534,0.873,0.732,6742414450.420898
ALGM,semiconducteurs,61.9,En base (loin du pivot),63.2,59.8,1.061,204010967.0,11.9,44.9,100.0,0.0,0.08,1.0,0.285,0.0,0.5,0.257,0.851,0.984,0.602,10337358529.754028
AMAT,semiconducteurs,61.8,En base (loin du pivot),650.91,60.4,7.148,7602085792.0,12.0,49.1,99.0,0.0,0.0,1.0,0.051,0.005,0.5,0.25,0.808,0.976,0.6,478789277221.80237
TATT,defense,61.6,Squeeze / VCP prêt à casser,48.11,61.0,0.225,13042732.0,1.6,35.5,19.0,0.0,0.0,0.877,0.804,0.505,0.5,1.0,0.848,0.484,0.153,617997301.3893051
CW,defense,60.9,Setup en formation,757.76,53.1,-1.944,242953259.0,5.3,14.3,45.0,0.0,0.0,0.783,1.0,0.419,0.04,1.0,0.52,0.603,0.824,28083780386.21289
ZBRA,robotique,60.7,Momentum en formation,267.85,64.7,3.232,225995512.0,-1.6,19.6,75.0,0.49,0.0,0.419,1.0,0.326,0.743,0.15,0.888,0.81,0.198,12726689325.682617
CTS,gestion_thermique,60.6,Setup en formation,63.83,48.2,-0.559,26278677.0,8.2,22.5,9.0,0.0,0.0,0.863,1.0,0.598,0.0,0.729,0.399,0.825,0.728,1729871055.0
SPIR,espace,60.4,En base (loin du pivot),18.38,50.7,0.038,27723411.0,29.1,41.6,7.0,0.95,0.0,0.7,0.468,0.831,0.976,0.0,0.89,0.722,0.029,713840984.2341976
SKYT,semiconducteurs,60.4,En base (loin du pivot),34.82,45.6,-0.306,28147645.0,12.8,24.9,17.0,1.0,0.0,0.752,1.0,0.609,0.656,0.15,0.539,0.627,0.573,1684765655.0682907
INTC,semiconducteurs,60.1,En base (loin du pivot),127.02,53.5,-0.123,16143873721.0,10.8,54.4,63.0,0.41,0.0,1.0,0.0,0.224,0.55,0.404,0.523,0.929,0.641,604879092330.9326
SIF,defense,59.9,Cup & Handle probable,24.51,68.6,0.154,2097310.0,-4.3,41.2,26.0,0.13,0.24,1.0,0.487,0.461,0.564,0.0,0.746,1.0,0.756,154164252.8142395
FIX,gestion_thermique,59.7,En base (loin du pivot),1865.15,48.1,-5.008,1021839154.0,10.0,19.9,29.0,0.0,0.0,0.868,1.0,0.472,0.281,0.496,0.404,0.746,0.666,61265843455.06714
GFS,semiconducteurs,59.1,En base (loin du pivot),77.23,47.0,-0.994,274261565.0,16.4,37.4,29.0,1.0,0.0,1.0,0.7,0.585,0.777,0.0,0.315,0.81,0.452,38321264167.317535
TXN,semiconducteurs,58.7,En base (loin du pivot),298.41,49.9,-2.622,3150936913.0,10.7,31.3,48.0,0.0,0.0,0.861,1.0,0.314,0.177,0.417,0.532,0.786,0.645,266729982965.79575
AOSL,equipement_electrique|gestion_thermique|semiconducteurs,58.3,En base (loin du pivot),43.52,48.9,-0.329,40930503.0,19.9,35.6,61.0,0.68,0.0,0.951,0.801,0.479,0.451,0.0,0.742,0.786,0.336,1110686657.8475647
CRNC,ia,58.3,En base (loin du pivot),11.53,58.2,0.049,10688729.0,13.2,40.4,40.0,0.33,0.0,0.8,0.536,0.649,0.299,0.104,0.922,0.754,0.464,483961436.1137781
KLAC,semiconducteurs,58.3,En base (loin du pivot),266.19,58.1,2.238,3857125938.0,13.4,46.5,94.0,0.0,0.0,1.0,0.193,0.038,0.315,0.075,0.841,0.976,0.553,307693129701.93555
ENS,equipement_electrique,58.3,Setup en formation,220.46,46.6,-0.786,146045799.0,9.7,19.1,6.0,0.0,0.0,0.773,1.0,0.66,0.0,0.543,0.616,0.69,0.678,7547493056.175842
TER,robotique,58.0,En base (loin du pivot),427.34,52.3,2.475,2359963703.0,12.4,38.2,78.0,0.0,0.0,1.0,0.658,0.133,0.299,0.198,0.524,0.929,0.586,57778145999.30548
NLST,laser_photonique,57.9,En base (loin du pivot),2.85,51.9,0.017,3662400.0,28.2,54.2,15.0,1.0,0.0,0.967,0.0,0.91,0.768,0.0,0.831,0.817,0.06,1006617780.6024799
PENG,semiconducteurs,57.7,En base (loin du pivot),68.81,57.7,-0.261,209069605.0,11.1,65.3,55.0,0.08,0.0,1.0,0.0,0.271,0.04,0.363,0.849,0.968,0.63,3230872914.950348
AMKR,semiconducteurs,57.6,En base (loin du pivot),79.99,50.9,-0.604,523576002.0,17.3,35.5,70.0,0.0,0.0,1.0,0.807,0.181,0.5,0.0,0.514,0.897,0.425,17264321256.923447
GOOGL,ia,57.1,En base (loin du pivot),361.21,50.4,-0.108,14153088466.0,11.5,19.1,37.0,0.0,0.0,0.7,1.0,0.383,0.027,0.307,0.927,0.643,0.615,4391828139545.5474
TDG,defense,57.0,Setup en formation,1309.18,56.8,1.327,526715989.0,3.9,17.2,58.0,0.24,0.0,0.429,1.0,0.41,0.62,1.0,0.5,0.341,0.539,75425876793.4436
LPTH,laser_photonique,57.0,En base (loin du pivot),15.89,55.5,0.074,56667085.0,16.1,43.5,20.0,0.21,0.0,0.756,0.361,0.812,0.107,0.0,0.941,0.921,0.463,914213792.2674837
SPXC,equipement_electrique|gestion_thermique,56.8,Setup en formation,231.72,50.6,-0.821,245125628.0,7.7,23.8,14.0,0.0,0.0,0.87,1.0,0.514,0.0,0.786,0.526,0.516,0.743,11401766708.874374
ALAB,ia,56.0,En base (loin du pivot),430.86,60.2,1.79,2550071842.0,13.7,64.1,59.0,0.19,0.05,1.0,0.0,0.248,0.299,0.033,0.852,0.976,0.542,69663616870.00027
UCTT,semiconducteurs,55.6,En base (loin du pivot),129.59,62.9,2.009,160591965.0,10.1,52.2,89.0,0.0,0.27,1.0,0.0,0.067,0.418,0.482,0.844,0.984,0.662,4773098710.797363
ATRO,defense,55.5,En base (loin du pivot),76.06,50.9,-0.301,71955845.0,14.3,40.5,86.0,0.0,0.0,1.0,0.528,0.086,0.448,0.0,0.5,0.913,0.524,3495347828.999634
SLAB,semiconducteurs,55.4,Squeeze / VCP prêt à casser,218.38,50.9,-0.226,126864568.0,1.1,3.5,2.0,0.0,0.0,0.736,0.0,0.59,0.133,1.0,0.814,0.294,0.962,7197293455.321014
ASPN,robotique,55.2,En base (loin du pivot),5.93,52.8,-0.044,9148587.0,11.4,52.9,10.0,0.54,0.0,1.0,0.0,0.699,0.398,0.322,0.86,0.881,0.0,462456181.41695213
MRVL,ia|semiconducteurs,55.0,En base (loin du pivot),272.05,52.5,-5.498,19690619941.0,17.5,55.5,44.0,0.0,0.0,1.0,0.0,0.338,0.435,0.0,0.804,0.865,0.416,214579686126.70898
SOLS,gestion_thermique,54.9,Setup en formation,82.95,48.4,-0.062,155876058.0,8.6,16.3,33.0,0.45,0.0,0.789,1.0,0.498,0.227,0.679,0.435,0.429,0.715,12734515039.575745
CEVA,semiconducteurs,54.9,En base (loin du pivot),45.51,53.9,-0.643,43083391.0,11.8,53.9,43.0,0.04,0.0,1.0,0.0,0.343,0.018,0.275,0.837,0.897,0.607,1126075643.9679718
COHR,laser_photonique,54.6,En base (loin du pivot),368.65,47.2,-3.16,2356645217.0,16.2,33.9,21.0,0.33,0.0,0.907,0.896,0.501,0.472,0.0,0.356,0.786,0.459,65218321182.74963
MXL,semiconducteurs,54.2,En base (loin du pivot),112.39,61.2,2.921,373207166.0,12.4,74.7,80.0,0.95,0.45,1.0,0.0,0.248,0.861,0.2,0.92,0.992,0.587,8338519948.025322
XYL,gestion_thermique,54.2,Momentum en formation,117.27,62.1,1.004,220322729.0,5.8,15.8,52.0,0.56,0.0,0.016,1.0,0.36,0.782,1.0,0.809,0.262,0.226,28076356046.004677
INDI,semiconducteurs,53.5,En base (loin du pivot),4.54,57.1,0.036,25888935.0,17.2,39.7,48.0,0.05,0.03,0.7,0.575,0.568,0.361,0.0,0.98,0.77,0.168,914879582.9099598
AEVA,ia|laser_photonique,53.5,Setup en formation,27.8,60.1,0.192,62046682.0,6.8,58.0,48.0,0.0,0.3,0.996,0.0,0.31,0.266,0.903,0.957,0.968,0.223,1619494137.0248375
OMCL,robotique,53.4,Setup en formation,41.93,56.6,0.315,31384862.0,10.6,24.3,27.0,0.0,0.0,0.3,1.0,0.636,0.5,0.428,0.897,0.452,0.208,1956957398.7537537
PWR,equipement_electrique,53.1,En base (loin du pivot),691.4,46.9,-1.269,1038249412.0,12.3,23.7,23.0,0.0,0.0,0.771,1.0,0.6,0.0,0.209,0.611,0.683,0.589,100286697811.83221
STM,semiconducteurs,52.4,En base (loin du pivot),70.72,48.9,-1.189,1016508988.0,13.0,46.1,34.0,0.02,0.0,1.0,0.215,0.446,0.011,0.12,0.741,0.841,0.565,60749077429.307785
VECO,semiconducteurs,52.4,En base (loin du pivot),70.52,52.1,-0.988,144233367.0,18.6,46.1,72.0,0.0,0.0,1.0,0.216,0.167,0.5,0.0,0.517,0.905,0.38,3508815155.092678
VSAT,espace,52.1,Setup en formation,83.02,61.5,2.146,247343830.0,7.7,37.1,96.0,0.0,0.43,0.826,0.719,0.024,0.0,0.787,1.0,0.976,0.641,11343416902.759705
DUOT,ia,51.4,En base (loin du pivot),11.5,49.2,-0.176,8727975.0,24.7,48.5,33.0,0.1,0.0,0.904,0.084,0.494,0.552,0.0,0.791,0.738,0.175,321199941.0831833
AEIS,equipement_electrique,51.0,En base (loin du pivot),356.35,52.2,1.109,375896368.0,10.3,27.4,71.0,0.0,0.0,0.868,1.0,0.177,0.0,0.461,0.502,0.571,0.656,12454116764.819794
BE,equipement_electrique|production_energie,50.4,En base (loin du pivot),289.5,50.9,-1.752,3972300839.0,17.6,38.5,61.0,0.0,0.0,1.0,0.639,0.233,0.166,0.0,0.531,0.849,0.414,77053003569.17822
UMAC,defense,50.0,En base (loin du pivot),23.22,53.0,-0.582,141314324.0,32.4,62.3,47.0,0.44,0.0,0.779,0.0,0.532,0.455,0.0,0.915,0.857,0.0,1055289816.193613
DIOD,semiconducteurs,49.7,En base (loin du pivot),105.39,47.8,-1.117,75831905.0,16.4,27.8,39.0,0.36,0.0,0.914,1.0,0.367,0.182,0.0,0.373,0.754,0.455,4422180647.5
NVT,equipement_electrique|gestion_thermique,49.2,En base (loin du pivot),159.99,45.3,-1.45,366119222.0,13.4,27.0,54.0,0.25,0.0,0.85,1.0,0.334,0.317,0.081,0.222,0.675,0.555,24605765784.736694
SMP,gestion_thermique,49.1,Setup en formation,38.54,47.2,-0.09,6261324.0,9.3,17.1,4.0,0.0,0.0,0.743,1.0,0.857,0.49,0.585,0.327,0.127,0.504,844446179.2642136
CRDO,ia,48.6,En base (loin du pivot),259.09,54.7,-2.545,2777033750.0,16.1,51.7,58.0,0.0,0.0,1.0,0.0,0.252,0.198,0.0,0.534,0.944,0.465,45110868988.08246
SITM,semiconducteurs,48.5,En base (loin du pivot),703.84,51.0,-1.698,469251360.0,22.0,44.2,33.0,0.0,0.0,0.912,0.32,0.563,0.0,0.0,0.846,0.81,0.268,18023036757.070496
QTEX,quantique,48.3,En base (loin du pivot),1.51,48.3,-0.089,38049302.0,60.8,92.6,79.0,1.0,0.0,1.0,0.0,0.308,0.805,0.0,0.419,0.841,0.0,75219218.46097541
AIRJ,gestion_thermique,47.9,En base (loin du pivot),5.18,58.6,0.026,9296012.0,13.7,50.4,74.0,0.0,0.0,1.0,0.0,0.21,0.0,0.042,0.856,0.968,0.225,350056845.74186325
IPGP,laser_photonique,47.5,Setup en formation,114.41,51.2,0.145,54363655.0,15.3,36.3,21.0,0.63,0.0,0.3,0.761,0.769,0.662,0.0,0.863,0.389,0.114,4468039313.8396
ADI,semiconducteurs,47.2,En base (loin du pivot),388.98,43.8,-4.339,2377467932.0,12.8,16.5,57.0,0.0,0.0,0.76,1.0,0.287,0.386,0.154,0.13,0.603,0.574,183709749790.16602
DCO,defense,47.1,Étendu (déjà parti),190.25,81.0,2.393,47576889.0,-1.7,29.6,100.0,0.0,0.6,1.0,1.0,0.0,0.5,0.12,0.389,1.0,0.986,2814965401.474945
AMBA,ia|semiconducteurs,47.1,Étendu (déjà parti),88.34,65.3,2.053,132343794.0,8.3,38.8,75.0,0.0,0.72,0.726,0.624,0.19,0.5,0.71,0.987,0.976,0.712,3437511003.3750153
QBTS,new_tech|quantique,46.7,En base (loin du pivot),23.5,48.6,-0.237,757819821.0,25.5,45.8,14.0,0.67,0.0,0.749,0.235,0.796,0.472,0.0,0.766,0.635,0.0,8346129934.464512
TSAT,espace,46.6,Setup en formation,46.88,49.7,0.314,16497773.0,20.7,31.0,32.0,0.0,0.0,0.3,1.0,0.551,0.072,0.0,0.89,0.627,0.31,703569555.1133423
TSEM,semiconducteurs,46.6,En base (loin du pivot),245.46,45.7,-4.154,469048816.0,23.3,42.4,65.0,0.88,0.0,0.965,0.42,0.262,0.611,0.0,0.234,0.77,0.224,25977404036.21164
ICHR,semiconducteurs,46.6,Étendu (déjà parti),111.77,72.3,2.176,116412676.0,1.5,50.1,81.0,0.0,0.69,1.0,0.0,0.114,0.5,1.0,0.585,0.992,0.947,3424641988.2223206
SEDG,equipement_electrique,46.3,En base (loin du pivot),56.0,48.5,-0.626,159155878.0,31.1,53.8,65.0,1.0,0.0,0.7,0.0,0.48,0.5,0.0,0.825,0.762,0.0,3185657485.720848
IPWR,equipement_electrique,45.7,En base (loin du pivot),5.49,46.8,-0.112,3233370.0,41.0,66.6,39.0,1.0,0.0,0.7,0.0,0.767,0.5,0.0,0.68,0.762,0.0,80680591.5493412
QUIK,ia,45.5,En base (loin du pivot),17.88,43.1,-0.442,10901945.0,26.5,52.4,48.0,0.48,0.0,0.838,0.0,0.6,0.74,0.0,0.401,0.683,0.116,283938488.1134033
NVMI,semiconducteurs,44.2,En base (loin du pivot),502.6,46.1,-5.71,291672238.0,18.4,24.9,67.0,0.0,0.0,0.775,1.0,0.2,0.202,0.0,0.558,0.484,0.386,14953348998.450562
MU,semiconducteurs,44.1,En base (loin du pivot),1032.28,51.8,-11.203,60975288624.0,17.7,64.8,36.0,0.0,0.0,1.0,0.0,0.386,0.0,0.0,0.5,0.905,0.408,1101790779632.2524
SHLS,equipement_electrique,44.1,En base (loin du pivot),10.12,50.6,-0.128,58201024.0,23.2,48.3,61.0,0.35,0.0,0.787,0.093,0.373,0.175,0.0,0.851,0.683,0.226,1669329547.1500654
MTSI,laser_photonique|semiconducteurs,43.9,En base (loin du pivot),350.63,45.0,-3.854,706523018.0,16.3,37.7,15.0,0.0,0.0,0.92,0.682,0.618,0.091,0.0,0.203,0.722,0.457,24587076874.315918
NBIS,ia,43.7,En base (loin du pivot),229.18,46.6,-4.288,4469749814.0,23.6,55.7,50.0,0.3,0.0,1.0,0.0,0.3,0.419,0.0,0.308,0.865,0.214,54745527350.542725
HUBB,equipement_electrique,43.7,En base (loin du pivot),490.12,46.3,0.48,335882546.0,13.1,19.8,75.0,0.19,0.0,0.804,1.0,0.148,0.596,0.116,0.271,0.19,0.564,25739229899.22061
AMPG,quantique,43.5,En base (loin du pivot),7.1,54.2,-0.298,48353380.0,29.8,81.7,71.0,0.0,0.0,1.0,0.0,0.176,0.329,0.0,0.54,0.921,0.008,151779400.21040916
EMR,equipement_electrique,43.1,Setup en formation,139.52,45.0,-0.715,414231360.0,8.7,16.2,24.0,0.31,0.0,0.75,1.0,0.605,0.348,0.658,0.185,0.087,0.505,77881906709.28955
VRT,equipement_electrique|gestion_thermique|ia,43.0,En base (loin du pivot),311.42,48.3,0.554,2287575171.0,18.0,27.6,49.0,0.0,0.0,0.783,1.0,0.305,0.015,0.0,0.436,0.627,0.399,115436222003.59717
LASR,laser_photonique|semiconducteurs,42.6,Setup en formation,66.96,48.5,0.247,86729439.0,23.0,32.8,16.0,0.18,0.0,0.3,0.956,0.858,0.091,0.0,0.796,0.468,0.234,3567850844.25
SMTC,semiconducteurs,42.4,En base (loin du pivot),147.03,46.8,-2.847,722363752.0,17.1,47.7,43.0,0.0,0.0,1.0,0.129,0.381,0.115,0.0,0.344,0.786,0.43,12600558893.344727
LITE,laser_photonique,42.3,En base (loin du pivot),801.16,43.1,-6.107,5074839689.0,26.2,30.6,4.0,0.34,0.0,0.7,1.0,0.871,0.335,0.0,0.377,0.444,0.126,56663296569.82422
ARM,semiconducteurs,41.3,En base (loin du pivot),337.47,48.8,-11.312,4377308770.0,25.5,61.7,63.0,0.19,0.0,1.0,0.0,0.224,0.217,0.0,0.469,0.841,0.152,335474887385.9862
MCHP,semiconducteurs,40.6,En base (loin du pivot),88.69,44.9,-0.991,1282068261.0,15.8,24.2,51.0,0.0,0.0,0.773,1.0,0.356,0.0,0.0,0.214,0.635,0.472,45881590012.981064
KOPN,defense|ia|laser_photonique,40.0,En base (loin du pivot),4.22,43.9,-0.093,36884135.0,36.2,57.3,82.0,0.73,0.0,0.7,0.0,0.51,0.44,0.0,0.562,0.698,0.0,722675021.3717074
BOTT,robotique,40.0,Setup en formation,51.06,50.2,-0.003,1592166.0,11.5,20.6,33.0,0.34,0.0,0.3,1.0,0.574,0.168,0.316,0.961,0.151,0.096,
VIAV,laser_photonique,39.9,En base (loin du pivot),47.07,45.5,-0.449,462216143.0,22.1,30.2,27.0,0.0,0.0,0.766,1.0,0.609,0.0,0.0,0.251,0.643,0.263,10276924016.378757
POWL,equipement_electrique,39.7,En base (loin du pivot),264.86,42.2,-3.593,235103623.0,19.2,27.6,20.0,0.0,0.0,0.843,1.0,0.638,0.1,0.0,0.01,0.635,0.359,8974208164.878342
HYLN,equipement_electrique,39.3,En base (loin du pivot),4.62,41.2,-0.425,41160686.0,45.6,79.3,82.0,0.0,0.0,0.941,0.0,0.11,0.5,0.0,0.337,0.794,0.0,770373707.4118996
IONQ,new_tech|quantique,39.2,En base (loin du pivot),51.4,43.7,-1.096,1567179034.0,30.2,46.0,40.0,0.74,0.0,0.708,0.222,0.662,0.372,0.0,0.469,0.643,0.0,18335019447.064682
RKLB,espace|new_tech,38.9,En base (loin du pivot),100.07,47.6,-0.923,3071399701.0,33.7,51.0,52.0,0.07,0.0,0.7,0.0,0.552,0.036,0.0,0.817,0.746,0.0,62769288541.46137
VLN,semiconducteurs,38.8,En base (loin du pivot),2.23,46.2,-0.015,7463120.0,39.9,60.9,61.0,0.37,0.0,0.7,0.0,0.633,0.183,0.0,0.694,0.698,0.0,224124080.19203043
AAON,gestion_thermique,38.2,En base (loin du pivot),116.42,38.1,-2.141,126726390.0,22.6,43.1,48.0,0.67,0.0,0.816,0.384,0.672,0.333,0.0,0.0,0.706,0.248,8815338455.17723
ATKR,equipement_electrique,38.0,En base (loin du pivot),72.43,39.1,-0.931,30885490.0,19.7,23.8,45.0,0.89,0.0,0.744,1.0,0.56,0.443,0.0,0.0,0.365,0.344,2337032448.9451447
KULR,gestion_thermique|new_tech,37.5,Setup en formation,3.87,50.8,-0.031,8984857.0,28.7,57.3,18.0,0.32,0.0,0.134,0.0,0.772,0.159,0.0,0.858,0.762,0.0,178090080.83857298
POET,ia|laser_photonique|new_tech|quantique|semiconducteurs,37.5,En base (loin du pivot),9.7,41.7,-0.315,339882493.0,53.4,69.4,68.0,1.0,0.0,0.7,0.0,0.59,0.5,0.0,0.339,0.675,0.0,1511935796.0639534
HIMX,semiconducteurs,37.1,En base (loin du pivot),14.24,39.4,-0.496,61879337.0,42.2,57.4,85.0,0.89,0.0,0.7,0.0,0.49,0.447,0.0,0.368,0.706,0.0,2293700702.5617943
INOD,ia,37.1,En base (loin du pivot),72.23,37.7,-4.197,145515748.0,42.3,68.3,85.0,0.93,0.0,0.7,0.0,0.451,0.467,0.0,0.353,0.714,0.0,2249300969.3493805
NXPI,semiconducteurs,37.0,En base (loin du pivot),279.18,43.0,-4.49,1394711972.0,17.6,34.8,63.0,0.0,0.0,0.764,0.845,0.335,0.0,0.0,0.101,0.659,0.413,69015490457.13318
AEHR,new_tech|semiconducteurs,36.7,En base (loin du pivot),84.43,41.1,-2.817,172414649.0,33.3,39.4,50.0,1.0,0.0,0.871,0.588,0.472,0.5,0.0,0.024,0.603,0.0,2200469621.043686
FRMI,production_energie,36.6,En base (loin du pivot),8.52,56.8,0.064,168939181.0,15.9,53.4,88.0,0.0,0.0,1.0,0.0,0.071,0.5,0.0,0.5,0.508,0.0,5142952141.290433
BTQ,quantique,36.4,En base (loin du pivot),5.3,55.3,-0.029,30029161.0,17.2,59.0,51.0,0.0,0.0,1.0,0.0,0.295,0.0,0.0,0.528,0.81,0.0,682661106.9125605
OUST,laser_photonique|robotique,36.3,Étendu (déjà parti),60.02,68.6,1.446,236011620.0,5.9,63.0,88.0,0.0,1.0,1.0,0.0,0.071,0.5,1.0,0.821,0.992,0.803,3173459787.875721
WOLF,equipement_electrique|new_tech|semiconducteurs,36.3,Setup en formation,44.56,45.2,-0.871,341185602.0,44.9,69.5,60.0,0.62,0.0,0.496,0.0,0.614,0.311,0.0,0.516,0.722,0.0,2078884040.0
BLDP,production_energie,35.4,En base (loin du pivot),3.81,39.2,-0.094,35618591.0,42.0,53.9,80.0,0.53,0.0,0.7,0.0,0.519,0.263,0.0,0.414,0.722,0.0,1061194982.7298045
QRVO,semiconducteurs,34.8,En base (loin du pivot),90.88,40.6,-1.143,137440151.0,17.0,24.5,71.0,0.0,0.0,0.734,1.0,0.378,0.0,0.0,0.022,0.54,0.433,7725250670.928001
NRG,production_energie,33.9,Setup en formation,140.8,52.8,1.88,382764748.0,12.5,25.3,74.0,0.28,0.0,0.05,1.0,0.309,0.411,0.191,0.5,0.254,0.145,28841849805.12039
STRL,gestion_thermique,33.8,En base (loin du pivot),776.55,44.9,-16.59,790350619.0,22.8,53.9,46.0,0.0,0.0,1.0,0.0,0.491,0.0,0.0,0.192,0.722,0.241,21503182265.5
RMBS,semiconducteurs,33.7,En base (loin du pivot),123.83,44.2,-2.237,508972267.0,28.9,40.0,78.0,0.0,0.0,0.7,0.557,0.303,0.0,0.0,0.517,0.579,0.038,12210826115.6353
PLUG,new_tech|production_energie,33.6,Setup en formation,2.64,38.7,-0.014,161285273.0,39.0,43.0,84.0,0.99,0.0,0.3,0.391,0.495,0.493,0.0,0.411,0.5,0.0,3682982522.828571
NVDA,ia|robotique|semiconducteurs,33.1,Setup en formation,197.58,43.3,-1.068,32368760294.0,16.4,19.7,66.0,0.32,0.0,0.3,1.0,0.568,0.222,0.0,0.45,0.079,0.454,4718977474349.976
NVTS,equipement_electrique|new_tech|robotique|semiconducteurs,32.7,En base (loin du pivot),16.53,37.6,-0.905,742120174.0,51.6,58.6,81.0,0.54,0.0,0.7,0.0,0.514,0.271,0.0,0.339,0.643,0.0,3521806957.7308903
FSLR,production_energie,32.4,En base (loin du pivot),232.08,39.3,-5.579,589872335.0,27.7,42.3,82.0,0.62,0.0,0.7,0.427,0.356,0.31,0.0,0.31,0.444,0.077,24130802515.921936
PL,espace,31.9,Setup en formation,31.61,46.4,0.413,580468493.0,38.9,51.1,85.0,0.0,0.0,0.3,0.0,0.49,0.196,0.0,0.761,0.532,0.0,11183910966.775097
LWLG,laser_photonique|semiconducteurs,31.6,Setup en formation,8.12,39.4,-0.009,52841361.0,56.6,58.8,19.0,1.0,0.0,0.3,0.0,0.886,0.5,0.0,0.379,0.46,0.0,1134796454.413971
NUAI,gestion_thermique,31.6,En base (loin du pivot),5.2,46.6,-0.039,52783589.0,28.8,51.8,40.0,0.0,0.0,1.0,0.0,0.362,0.206,0.0,0.296,0.571,0.0,483664190.85985565
MOD,gestion_thermique,31.3,En base (loin du pivot),244.49,39.8,-4.658,469059712.0,24.4,29.7,27.0,0.0,0.0,0.759,1.0,0.719,0.0,0.0,0.0,0.437,0.188,12198861925.922394
ENPH,production_energie,31.3,En base (loin du pivot),46.84,42.9,-1.026,392073634.0,36.5,59.5,65.0,0.54,0.0,0.7,0.0,0.473,0.27,0.0,0.425,0.516,0.0,5676549295.178375
MPWR,semiconducteurs,31.1,Setup en formation,1331.73,40.7,-23.218,1731613081.0,22.2,25.5,86.0,0.0,0.0,0.3,1.0,0.135,0.0,0.0,0.311,0.532,0.26,63286358257.94299
VELO,new_tech,31.0,En base (loin du pivot),16.08,42.8,-1.098,127800036.0,49.4,63.3,85.0,0.0,0.0,0.781,0.0,0.09,0.359,0.0,0.35,0.563,0.0,465789664.670454
STI,new_tech,30.8,Setup en formation,9.08,41.5,-1.753,224340312.0,80.3,92.2,86.0,0.0,0.0,0.461,0.0,0.369,0.5,0.0,0.027,0.778,0.0,66691110.73978853
QMCO,quantique,30.3,En base (loin du pivot),10.93,43.3,-0.566,23366106.0,40.9,65.0,56.0,0.0,0.0,1.0,0.0,0.262,0.037,0.0,0.079,0.841,0.0,400044913.9919281
DRS,defense,30.2,En base (loin du pivot),42.69,42.6,-0.615,49239995.0,15.6,24.0,53.0,0.08,0.0,0.7,1.0,0.281,0.041,0.0,0.078,0.246,0.479,11662838769.277313
APLD,ia,29.9,En base (loin du pivot),35.52,36.2,-1.187,882247255.0,30.0,39.9,26.0,0.57,0.0,0.733,0.564,0.691,0.284,0.0,0.0,0.468,0.001,9447541351.78474
FCEL,new_tech|production_energie,29.9,Étendu (déjà parti),31.89,64.6,1.288,324999308.0,15.8,77.5,87.0,0.0,1.0,1.0,0.0,0.076,0.5,0.0,0.933,0.992,0.473,1900465784.294754
AVGO,ia|semiconducteurs,29.8,Setup en formation,369.34,42.1,-2.12,14417529954.0,25.3,27.1,71.0,0.0,0.0,0.3,1.0,0.516,0.0,0.0,0.344,0.397,0.158,1714869840445.0303
AAOI,laser_photonique|semiconducteurs,29.6,En base (loin du pivot),139.0,42.3,-3.526,2342599906.0,40.5,45.6,58.0,0.0,0.0,0.7,0.242,0.652,0.0,0.0,0.375,0.54,0.0,9705362423.768509
VVX,defense|laser_photonique,29.3,En base (loin du pivot),71.92,38.1,-2.067,54451277.0,21.7,33.1,91.0,0.0,0.0,0.7,0.939,0.052,0.0,0.0,0.316,0.278,0.278,2320106816.623993
SWKS,semiconducteurs,28.8,Setup en formation,65.93,40.7,-1.112,403492169.0,22.6,30.5,75.0,0.0,0.0,0.413,1.0,0.364,0.0,0.0,0.036,0.579,0.163,9409397251.831158
RDW,defense|espace|new_tech,28.8,Setup en formation,11.97,42.0,-0.467,644732836.0,55.1,68.8,82.0,0.19,0.0,0.3,0.0,0.51,0.096,0.0,0.454,0.698,0.0,2249770897.14962
VST,production_energie,28.6,Setup en formation,153.16,46.3,-0.081,688808940.0,10.6,22.7,70.0,0.45,0.0,0.103,1.0,0.282,0.383,0.423,0.269,0.159,0.0,50931412820.39923
AXTI,semiconducteurs,28.6,Setup en formation,65.03,37.3,-2.506,814899595.0,54.6,55.7,35.0,0.64,0.0,0.3,0.0,0.763,0.361,0.0,0.336,0.492,0.0,3704260608.2005005
CRUS,semiconducteurs,27.3,Setup en formation,146.42,34.8,-1.931,91000099.0,18.8,21.1,90.0,0.56,0.0,0.3,1.0,0.294,0.279,0.0,0.044,0.206,0.372,7378205757.465057
ASTS,espace,27.0,Setup en formation,86.1,50.3,0.252,2082914070.0,35.7,52.6,67.0,0.08,0.0,0.3,0.0,0.454,0.041,0.0,0.992,0.238,0.0,25432278764.258553
TLN,production_energie,26.9,En base (loin du pivot),360.79,42.4,-3.764,403850258.0,19.8,31.2,94.0,0.0,0.0,0.898,1.0,0.033,0.062,0.0,0.027,0.183,0.332,17429405115.12863
SATL,espace,26.8,Setup en formation,5.54,40.8,-0.051,59340421.0,53.8,63.3,45.0,0.42,0.0,0.3,0.0,0.705,0.212,0.0,0.455,0.444,0.0,804965421.2622142
ON,semiconducteurs,26.4,En base (loin du pivot),94.63,40.5,-4.061,1653647426.0,29.9,37.2,88.0,0.0,0.0,0.724,0.712,0.071,0.0,0.0,0.0,0.651,0.005,35501511089.52008
AXON,defense,26.1,Étendu (déjà parti),593.96,76.6,13.939,570896402.0,-5.7,34.9,70.0,0.38,0.89,0.501,0.84,0.181,0.603,0.0,0.553,0.794,0.0,48122662281.03827
FLNC,equipement_electrique,26.0,En base (loin du pivot),18.36,41.3,-0.787,251687885.0,38.7,62.2,52.0,0.31,0.0,0.72,0.0,0.623,0.154,0.0,0.31,0.381,0.0,2257795330.0
BKSY,espace|robotique,26.0,Setup en formation,28.74,42.9,-0.069,70610368.0,45.7,55.3,77.0,0.33,0.0,0.3,0.0,0.538,0.166,0.0,0.523,0.437,0.0,1034599613.736866
FN,laser_photonique,25.9,Setup en formation,547.18,41.3,-4.308,664372433.0,26.9,32.7,83.0,0.0,0.0,0.3,0.959,0.435,0.0,0.0,0.334,0.294,0.102,17900895876.550293
QCOM,semiconducteurs,25.7,En base (loin du pivot),181.92,40.1,-5.046,4736204691.0,29.8,49.2,77.0,0.34,0.0,0.721,0.045,0.42,0.171,0.0,0.031,0.611,0.008,185767500000.0
LASE,ia|laser_photonique|new_tech,25.2,Setup en formation,1.51,43.6,-0.144,78996515.0,66.4,87.5,73.0,0.0,0.0,0.295,0.0,0.23,0.339,0.0,0.13,0.667,0.0,53647702.28638506
ARQQ,quantique,25.1,Étendu (déjà parti),28.85,66.3,0.89,33522436.0,4.9,61.1,100.0,0.0,1.0,0.6,0.0,0.0,0.5,1.0,0.477,0.921,0.0,409217684.04341125
ASPI,production_energie,24.4,Setup en formation,6.17,45.6,-0.127,34697950.0,27.8,43.7,30.0,0.23,0.0,0.133,0.348,0.575,0.116,0.0,0.253,0.548,0.0,708836421.018506
CAMT,semiconducteurs,20.9,Setup en formation,155.48,41.9,-2.95,83306101.0,28.0,31.7,75.0,0.22,0.0,0.3,1.0,0.203,0.273,0.0,0.036,0.143,0.066,6648554242.5
BYRN,defense,16.2,Tendance baissière (pas un setup),6.8,63.3,0.1,3032561.0,1.2,29.7,33.0,0.71,0.13,0.0,1.0,0.4,0.856,1.0,0.953,0.421,0.0,158119010.59036016
PATH,ia|robotique,14.0,Tendance baissière (pas un setup),11.55,60.7,0.076,538269516.0,12.5,30.3,30.0,0.0,0.0,0.0,1.0,0.748,0.5,0.188,0.941,0.46,0.0,6067188334.62472
ITRI,equipement_electrique,13.9,Tendance baissière (pas un setup),84.49,55.2,0.662,57809313.0,12.3,19.3,32.0,0.61,0.0,0.0,1.0,0.726,0.803,0.207,0.841,0.278,0.0,3773721850.2325897
MBOT,robotique,12.5,Tendance baissière (pas un setup),1.91,52.5,0.02,1704133.0,16.2,27.2,8.0,1.0,0.0,0.0,1.0,0.952,0.581,0.0,0.898,0.222,0.0,128284767.6681329
ISSC,defense,12.5,Tendance baissière (pas un setup),17.83,50.8,0.202,8093202.0,20.7,33.0,8.0,0.51,0.0,0.0,0.945,0.738,0.756,0.0,0.837,0.206,0.0,329047606.4091339
LMT,defense,12.2,Tendance baissière (pas un setup),521.82,51.5,0.155,708633596.0,9.6,15.1,51.0,0.34,0.0,0.0,1.0,0.295,0.339,0.551,0.873,0.167,0.197,125866973051.38623
QS,new_tech,11.5,Tendance baissière (pas un setup),7.61,50.2,0.019,177448348.0,21.2,32.2,62.0,0.4,0.0,0.0,0.99,0.625,0.283,0.0,0.881,0.397,0.0,4349075792.916651
META,ia,11.2,Tendance baissière (pas un setup),612.91,58.5,3.155,11517110575.0,10.1,20.8,51.0,0.0,0.0,0.0,1.0,0.295,0.0,0.486,0.942,0.206,0.241,1479647005874.8252
PNR,gestion_thermique,10.6,Tendance baissière (pas un setup),76.38,55.3,0.614,163210682.0,18.9,25.7,33.0,0.23,0.0,0.0,1.0,0.666,0.615,0.0,0.534,0.246,0.0,12398377302.792389
SYM,robotique,10.3,Tendance baissière (pas un setup),44.96,51.6,0.828,97122483.0,33.0,43.1,36.0,0.09,0.0,0.0,0.385,0.786,0.543,0.0,0.947,0.143,0.0,5437186879.666843
AVAV,defense|espace|robotique,10.2,Tendance baissière (pas un setup),172.44,52.9,0.115,308820009.0,22.5,39.2,78.0,0.0,0.0,0.0,0.6,0.228,0.5,0.0,0.994,0.198,0.0,9660566815.81131
TSSI,gestion_thermique,10.1,Tendance baissière (pas un setup),11.78,44.3,-0.102,12690503.0,32.6,41.1,1.0,1.0,0.0,0.0,0.497,0.995,0.5,0.0,0.482,0.405,0.0,314709047.83093643
AIRO,defense,9.7,Tendance baissière (pas un setup),7.65,49.8,-0.072,4258092.0,22.6,42.2,55.0,0.45,0.0,0.0,0.433,0.559,0.498,0.0,0.886,0.175,0.0,238986891.4011097
ERII,gestion_thermique,9.6,Tendance baissière (pas un setup),8.9,51.6,0.087,10146627.0,24.1,33.2,65.0,0.25,0.0,0.0,0.934,0.329,0.624,0.0,0.523,0.214,0.0,455660097.42518234
KRMN,defense|espace,9.6,Tendance baissière (pas un setup),54.93,53.7,1.194,183998686.0,36.5,49.2,10.0,0.0,0.0,0.0,0.046,0.914,0.5,0.0,0.921,0.175,0.0,7470507333.076641
QUBT,laser_photonique|new_tech|quantique,9.4,Tendance baissière (pas un setup),9.43,45.0,-0.114,171071455.0,34.7,44.8,28.0,0.92,0.0,0.0,0.29,0.75,0.509,0.0,0.523,0.405,0.0,2041091675.367385
SMR,new_tech|production_energie,9.3,Tendance baissière (pas un setup),10.15,45.1,-0.013,377033342.0,29.0,36.2,26.0,0.34,0.0,0.0,0.765,0.813,0.671,0.0,0.495,0.063,0.0,3377992540.8173275
RGTI,new_tech|quantique,9.1,Tendance baissière (pas un setup),18.68,43.4,-0.371,810696124.0,33.4,45.5,43.0,0.54,0.0,0.4,0.251,0.67,0.359,0.0,0.426,0.389,0.0,5963234775.100115
AMSC,equipement_electrique,9.0,Tendance baissière (pas un setup),39.92,42.1,0.042,51201763.0,33.7,39.0,36.0,0.47,0.0,0.0,0.611,0.786,0.235,0.0,0.336,0.556,0.0,1798436242.3490448
STEM,equipement_electrique,9.0,Tendance baissière (pas un setup),7.92,46.2,0.073,1006426.0,35.5,42.0,10.0,0.69,0.0,0.0,0.446,0.943,0.491,0.0,0.64,0.127,0.0,70312080.1957984
VOYG,defense|espace,8.8,Tendance baissière (pas un setup),33.81,45.4,-1.022,112482677.0,35.5,52.6,87.0,0.0,0.0,0.4,0.0,0.335,0.0,0.0,0.639,0.659,0.0,2027950742.681488
LAES,quantique,8.5,Tendance baissière (pas un setup),3.1,47.6,-0.016,65798962.0,20.5,34.4,13.0,0.0,0.0,0.0,0.869,0.806,0.0,0.0,0.658,0.294,0.0,675005210.5963848
LHX,defense,8.5,Tendance baissière (pas un setup),292.23,42.9,-0.541,457735060.0,15.5,18.4,65.0,0.06,0.0,0.0,1.0,0.21,0.515,0.0,0.398,0.04,0.255,56274117213.03497
PLTR,defense|ia|new_tech,8.3,Tendance baissière (pas un setup),125.73,48.4,-0.451,5330278777.0,23.2,35.0,86.0,0.5,0.0,0.0,0.832,0.229,0.277,0.0,0.861,0.063,0.0,309972445942.11554
ISRG,robotique,8.3,Tendance baissière (pas un setup),402.38,41.6,0.533,1023016049.0,18.1,19.2,20.0,0.18,0.0,0.0,1.0,0.779,0.589,0.0,0.317,0.024,0.0,150876915779.0415
GDYN,ia,8.2,Tendance baissière (pas un setup),6.24,52.8,-0.007,17320466.0,22.2,36.3,83.0,0.0,0.0,0.0,0.762,0.328,0.0,0.0,0.949,0.206,0.0,509282681.6203232
VRSN,ia,8.1,Tendance baissière (pas un setup),255.9,37.9,-1.588,228614867.0,18.1,21.7,95.0,0.32,0.0,0.0,1.0,0.145,0.159,0.0,0.412,0.175,0.396,23335129333.496094
MNTS,espace,7.9,Tendance baissière (pas un setup),6.5,39.8,-0.69,69093544.0,70.7,81.6,67.0,0.65,0.0,0.0,0.0,0.512,0.412,0.0,0.354,0.556,0.0,111319663.77588272
NKLR,production_energie,7.7,Tendance baissière (pas un setup),4.87,43.0,-0.009,1518274.0,38.5,45.2,40.0,1.0,0.0,0.0,0.265,0.722,0.5,0.0,0.432,0.214,0.0,510514182.31417465
SIDU,espace,7.6,Tendance baissière (pas un setup),2.73,39.6,-0.083,63501471.0,59.8,64.5,44.0,1.0,0.0,0.0,0.0,0.738,0.5,0.0,0.426,0.31,0.0,257977223.08400917
MSFT,ia,7.6,Tendance baissière (pas un setup),384.28,47.0,-0.485,18699833785.0,17.6,25.1,77.0,0.0,0.0,0.0,1.0,0.177,0.179,0.0,0.745,0.079,0.0,2900729395021.6523
RCAT,defense|robotique,7.5,Tendance baissière (pas un setup),10.55,47.4,-0.097,150960592.0,33.2,47.1,65.0,0.39,0.0,0.0,0.162,0.498,0.341,0.0,0.771,0.151,0.0,1568807848.0246363
PRCT,robotique,7.1,Tendance baissière (pas un setup),23.47,47.2,-0.015,40831334.0,21.1,33.0,98.0,0.0,0.0,0.0,0.943,0.136,0.078,0.0,0.744,0.103,0.0,1197003328.4030685
CDRE,defense,7.1,Tendance baissière (pas un setup),28.61,47.1,-0.013,13616085.0,13.1,21.9,65.0,0.0,0.0,0.0,1.0,0.476,0.0,0.107,0.66,0.063,0.0,1259956980.2963047
AI,ia,7.0,Tendance baissière (pas un setup),9.43,45.1,-0.19,82870607.0,20.2,29.6,71.0,0.0,0.0,0.0,1.0,0.311,0.0,0.0,0.565,0.222,0.0,1408370514.8491125
AEYE,ia,7.0,Tendance baissière (pas un setup),6.34,47.1,-0.025,1010195.0,25.2,34.8,58.0,0.0,0.0,0.0,0.845,0.527,0.0,0.0,0.712,0.095,0.0,81332134.50951576
KTOS,defense|espace,6.9,Tendance baissière (pas un setup),53.04,47.2,-0.19,296168870.0,25.3,35.2,59.0,0.0,0.0,0.0,0.823,0.506,0.0,0.0,0.744,0.079,0.0,10379230828.267212
OKLO,new_tech|production_energie,6.8,Tendance baissière (pas un setup),52.45,40.7,-0.456,663806746.0,35.6,39.2,21.0,0.78,0.0,0.0,0.601,0.876,0.408,0.0,0.346,0.032,0.0,9110168185.51567
SLDP,new_tech,6.8,Tendance baissière (pas un setup),2.59,37.2,-0.015,14134438.0,38.0,40.7,38.0,1.0,0.0,0.0,0.518,0.771,0.5,0.0,0.339,0.016,0.0,566958899.5487766
DPRO,defense,6.8,Tendance baissière (pas un setup),5.27,42.7,-0.079,8854309.0,36.4,41.2,51.0,0.76,0.0,0.0,0.49,0.554,0.461,0.0,0.439,0.048,0.0,188840628.09908295
ENVX,new_tech,6.7,Tendance baissière (pas un setup),5.85,39.6,-0.122,36821960.0,36.1,41.1,81.0,0.78,0.0,0.0,0.495,0.514,0.39,0.0,0.34,0.175,0.0,1169302467.5266266
NNDM,new_tech|robotique,6.7,Tendance baissière (pas un setup),1.49,50.4,0.018,9647064.0,23.8,39.1,86.0,0.0,0.0,0.0,0.604,0.251,0.0,0.0,0.883,0.095,0.0,305014045.18048453
AMPX,new_tech,6.7,Tendance baissière (pas un setup),13.59,39.7,-0.24,118514847.0,43.9,51.5,87.0,0.7,0.0,0.0,0.0,0.481,0.35,0.0,0.424,0.349,0.0,1753344380.8079433
BBAI,defense|ia|new_tech,6.6,Tendance baissière (pas un setup),3.64,40.9,-0.043,135459502.0,33.3,39.0,75.0,0.68,0.0,0.0,0.611,0.552,0.358,0.0,0.431,0.056,0.0,1690691544.7971463
BWXT,defense|gestion_thermique|production_energie,6.4,Tendance baissière (pas un setup),191.25,43.1,-0.275,211276489.0,16.7,21.8,69.0,0.17,0.0,0.0,1.0,0.389,0.234,0.0,0.07,0.087,0.306,17503894614.271423
FLY,espace,6.4,Tendance baissière (pas un setup),28.37,41.4,-0.218,243514247.0,54.4,61.6,71.0,0.35,0.0,0.0,0.0,0.571,0.177,0.0,0.451,0.389,0.0,4746397708.649237
HII,defense,6.4,Tendance baissière (pas un setup),278.97,35.0,0.796,150969419.0,28.2,29.2,10.0,0.3,0.0,0.0,1.0,0.919,0.15,0.0,0.317,0.016,0.0,11486274453.5
RR,ia|robotique,6.4,Tendance baissière (pas un setup),2.06,41.7,-0.003,20843357.0,39.2,46.6,56.0,0.8,0.0,0.0,0.188,0.667,0.511,0.0,0.426,0.048,0.0,438248115.60950947
ABAT,new_tech,6.4,Tendance baissière (pas un setup),2.76,41.7,-0.046,30303105.0,35.1,39.8,88.0,0.0,0.0,0.0,0.569,0.471,0.451,0.0,0.376,0.032,0.0,383324481.4843049
LIDR,laser_photonique,6.3,Tendance baissière (pas un setup),1.43,38.3,-0.004,2259895.0,53.1,58.5,80.0,1.0,0.0,0.0,0.0,0.519,0.6,0.0,0.468,0.04,0.0,65303894.6540761
OSIS,defense,6.1,Tendance baissière (pas un setup),214.9,44.9,1.008,59840427.0,31.1,36.7,18.0,0.53,0.0,0.0,0.738,0.807,0.264,0.0,0.203,0.111,0.0,3655245595.856781
SOUN,ia|new_tech,6.1,Tendance baissière (pas un setup),6.68,41.9,-0.012,180365295.0,33.5,39.7,47.0,0.53,0.0,0.0,0.574,0.706,0.264,0.0,0.392,0.056,0.0,2834641191.794257
LMB,gestion_thermique,6.1,Tendance baissière (pas un setup),77.62,45.3,-0.205,22356186.0,32.5,38.9,6.0,0.46,0.0,0.0,0.618,0.967,0.232,0.0,0.209,0.135,0.0,906001092.0
MVST,new_tech,6.0,Tendance baissière (pas un setup),1.2,43.5,0.011,4910525.0,45.0,50.9,25.0,0.64,0.0,0.0,0.0,0.852,0.419,0.0,0.426,0.071,0.0,373136271.6686182
WLDN,gestion_thermique,5.9,Tendance baissière (pas un setup),78.06,30.7,-1.843,32416891.0,23.3,36.4,79.0,0.54,0.0,0.0,0.753,0.422,0.27,0.0,0.35,0.063,0.0,1152939283.91391
LUNR,espace,5.9,Tendance baissière (pas un setup),20.2,37.5,-0.428,351407472.0,56.8,61.7,87.0,0.48,0.0,0.0,0.0,0.476,0.239,0.0,0.451,0.286,0.0,3141656197.9784603
VUZI,ia|laser_photonique,5.8,Tendance baissière (pas un setup),2.77,38.8,-0.068,5572170.0,50.7,59.8,77.0,0.51,0.0,0.0,0.0,0.538,0.253,0.0,0.382,0.294,0.0,232843121.2347052
PDYN,defense|robotique,5.6,Tendance baissière (pas un setup),6.05,44.1,-0.087,16859155.0,33.3,38.6,49.0,0.0,0.0,0.0,0.634,0.515,0.098,0.0,0.478,0.071,0.0,275906281.20889664
NOC,defense,5.6,Tendance baissière (pas un setup),519.95,44.1,-0.429,565757000.0,20.0,24.0,72.0,0.0,0.0,0.0,1.0,0.179,0.0,0.0,0.521,0.056,0.0,77977800045.80566
LEU,production_energie,5.3,Tendance baissière (pas un setup),166.34,45.9,0.21,153254517.0,29.2,38.4,31.0,0.32,0.0,0.0,0.642,0.696,0.16,0.0,0.267,0.071,0.0,3189550187.2785645
AMRC,gestion_thermique,5.2,Tendance baissière (pas un setup),26.53,41.1,-0.133,18308343.0,28.6,32.0,60.0,0.04,0.0,0.0,1.0,0.643,0.021,0.0,0.321,0.008,0.0,1344965971.6006374
DNN,production_energie,5.1,Tendance baissière (pas un setup),3.08,42.5,0.0,80293635.0,26.1,32.9,29.0,0.15,0.0,0.0,0.953,0.681,0.188,0.0,0.064,0.063,0.0,2896054321.5545716
ZENA,defense,4.9,Tendance baissière (pas un setup),1.45,45.7,0.028,5373684.0,43.9,55.5,6.0,0.0,0.0,0.0,0.0,0.967,0.193,0.0,0.279,0.143,0.0,123711674.26117659
BWMN,gestion_thermique,4.9,Tendance baissière (pas un setup),28.66,35.5,-0.17,4473065.0,23.6,24.8,64.0,0.0,0.0,0.0,1.0,0.498,0.0,0.0,0.318,0.008,0.0,502209340.4398613
LTBR,production_energie,4.8,Tendance baissière (pas un setup),8.91,39.6,0.015,10163168.0,40.0,43.3,34.0,0.0,0.0,0.0,0.372,0.795,0.147,0.0,0.326,0.032,0.0,283776378.9562597
NNOX,defense,4.8,Tendance baissière (pas un setup),1.36,43.1,-0.04,4748812.0,38.7,66.9,100.0,0.0,0.0,0.0,0.0,0.0,0.5,0.0,0.447,0.04,0.0,90481014.58117604
EU,production_energie,4.7,Tendance baissière (pas un setup),1.36,42.4,-0.007,5647887.0,37.6,42.2,61.0,0.0,0.0,0.0,0.433,0.359,0.5,0.0,0.058,0.048,0.0,250560567.7505989
BAH,defense,4.6,Tendance baissière (pas un setup),60.01,26.3,-1.13,166499539.0,28.3,28.9,100.0,0.0,0.0,0.0,1.0,0.129,0.0,0.0,0.39,0.008,0.0,7489880951.952412
KRKNF,defense,4.6,Tendance baissière (pas un setup),4.52,38.1,-0.061,5826548.0,31.0,34.6,68.0,0.52,0.0,0.0,0.856,0.59,0.262,0.0,0.024,0.024,0.0,1382287716.0
SERV,ia|robotique,4.5,Tendance baissière (pas un setup),6.53,40.5,0.017,40835889.0,37.6,44.8,62.0,0.0,0.0,0.0,0.288,0.562,0.094,0.0,0.426,0.048,0.0,536919352.7410979
ONDS,defense|equipement_electrique|espace|laser_photonique|robotique,4.5,Tendance baissière (pas un setup),7.92,37.9,-0.147,583771886.0,44.1,48.4,72.0,0.47,0.0,0.0,0.09,0.567,0.237,0.0,0.411,0.024,0.0,3926013943.294899
CCJ,production_energie,4.4,Tendance baissière (pas un setup),97.39,37.6,-0.354,347617321.0,25.8,28.5,36.0,0.14,0.0,0.0,1.0,0.69,0.079,0.0,0.0,0.008,0.067,42046354094.86235
UROY,production_energie,4.3,Tendance baissière (pas un setup),2.78,36.1,0.002,8409547.0,37.7,40.4,62.0,0.01,0.0,0.0,0.536,0.629,0.005,0.0,0.356,0.024,0.0,411924936.28190947
LDOS,defense,4.3,Tendance baissière (pas un setup),103.07,27.4,-0.315,215067562.0,33.8,36.5,98.0,0.0,0.0,0.0,0.751,0.217,0.0,0.0,0.397,0.032,0.0,13690489658.799866
NNE,new_tech|production_energie,4.3,Tendance baissière (pas un setup),20.75,41.5,-0.46,80714292.0,34.3,37.9,63.0,0.0,0.0,0.0,0.673,0.582,0.0,0.0,0.321,0.016,0.0,1044001192.0392513
IREN,ia,4.3,Tendance baissière (pas un setup),43.32,34.8,-1.805,2315188473.0,38.7,40.9,71.0,0.51,0.0,0.0,0.503,0.516,0.256,0.0,0.034,0.135,0.0,13873440015.616684
SPCE,espace,4.3,Tendance baissière (pas un setup),2.78,43.1,-0.152,175970059.0,68.8,74.5,83.0,0.0,0.0,0.0,0.0,0.372,0.0,0.0,0.443,0.254,0.0,347050648.6291349
EOSE,equipement_electrique|new_tech,4.3,Tendance baissière (pas un setup),5.55,37.0,-0.127,152541389.0,44.4,44.6,39.0,0.78,0.0,0.0,0.298,0.711,0.392,0.0,0.048,0.04,0.0,1855615089.1373134
VERI,ia,4.2,Tendance baissière (pas un setup),1.44,39.8,0.009,4263939.0,43.1,49.8,70.0,0.25,0.0,0.0,0.011,0.581,0.16,0.0,0.41,0.063,0.0,121770259.99110651
CRWV,ia,4.1,Tendance baissière (pas un setup),85.68,35.8,-1.83,3199061940.0,38.0,38.5,42.0,0.37,0.0,0.0,0.638,0.533,0.186,0.0,0.0,0.119,0.0,44597649432.22371
NXE,production_energie,4.1,Tendance baissière (pas un setup),9.45,37.2,-0.046,64297956.0,29.0,31.1,54.0,0.16,0.0,0.0,1.0,0.613,0.079,0.0,0.021,0.016,0.0,6374187799.979522
ECHO,espace,4.0,Tendance baissière (pas un setup),100.88,37.4,-1.02,1585137590.0,31.5,35.7,96.0,0.0,0.0,0.0,0.792,0.085,0.0,0.0,0.368,0.024,0.0,29416069032.0
CEG,production_energie,3.8,Tendance baissière (pas un setup),236.5,31.9,-1.257,1068697346.0,28.0,30.4,24.0,0.0,0.0,0.0,1.0,0.761,0.0,0.0,0.0,0.008,0.0,85436657567.25
ISOU,production_energie,3.8,Tendance baissière (pas un setup),9.75,41.6,-0.081,1674724.0,27.7,32.6,61.0,0.0,0.0,0.0,0.969,0.508,0.0,0.0,0.034,0.024,0.06,652484537.5208855
KSCP,robotique,3.8,Tendance baissière (pas un setup),2.07,40.2,0.044,1258229.0,40.3,48.7,52.0,0.0,0.0,0.0,0.074,0.636,0.0,0.0,0.389,0.095,0.0,35193391.86190128
URG,production_energie,3.7,Tendance baissière (pas un setup),1.35,39.8,-0.019,24392921.0,37.2,40.0,96.0,0.0,0.0,0.0,0.556,0.279,0.0,0.0,0.354,0.024,0.0,536398011.0231296
PLAB,semiconducteurs,3.3,Tendance baissière (pas un setup),30.31,39.7,0.55,54322193.0,45.9,49.8,33.0,0.0,0.0,0.0,0.011,0.805,0.282,0.0,0.04,0.04,0.0,1701692360.2685852
UEC,production_energie,3.3,Tendance baissière (pas un setup),10.55,39.3,-0.004,149071593.0,37.3,44.4,77.0,0.0,0.0,0.0,0.312,0.538,0.0,0.0,0.317,0.016,0.0,5329775608.354591
VWAV,defense,3.1,Tendance baissière (pas un setup),4.06,38.4,-0.066,5396027.0,40.6,43.6,57.0,0.0,0.0,0.0,0.358,0.378,0.0,0.0,0.314,0.008,0.0,110618163.39258003
UUUU,production_energie,2.7,Tendance baissière (pas un setup),14.22,37.8,0.025,166135799.0,44.9,47.4,31.0,0.23,0.0,0.0,0.145,0.814,0.115,0.0,0.042,0.016,0.0,3451383511.130247
CMTL,defense|espace,2.5,Tendance baissière (pas un setup),2.11,30.0,-0.132,3186344.0,66.0,67.9,99.0,0.0,0.0,0.0,0.0,0.112,0.0,0.0,0.437,0.032,0.0,57825560.2584604
SMCI,gestion_thermique|ia|semiconducteurs,1.6,Tendance baissière (pas un setup),27.65,40.4,-0.763,2482297905.0,46.2,50.5,94.0,0.0,0.0,0.0,0.0,0.355,0.0,0.0,0.042,0.119,0.0,17607883350.76754
NAUT,robotique,1.5,Tendance baissière (pas un setup),1.84,31.3,-0.038,1991987.0,41.8,45.9,70.0,0.0,0.0,0.0,0.229,0.471,0.0,0.0,0.0,0.016,0.0,219846421.5738368
