date_signal,ticker,sector,bucket,cohort,votes,horizon_days,status,days_elapsed,entry,exit,date_exit,ret_pct,notes,source,generated_at_utc
2025-09-05,A,Unknown,pre_signal,P0_other,0,1,open,0,128.75,128.75,2025-09-05,0.0,,auto,2025-09-05T22:13:02Z
2025-09-05,A,Unknown,pre_signal,P0_other,0,3,open,0,128.75,128.75,2025-09-05,0.0,,auto,2025-09-05T22:13:02Z
2025-09-05,A,Unknown,pre_signal,P0_other,0,5,open,0,128.75,128.75,2025-09-05,0.0,,auto,2025-09-05T22:13:02Z
2025-09-05,A,Unknown,pre_signal,P0_other,0,10,open,0,128.75,128.75,2025-09-05,0.0,,auto,2025-09-05T22:13:02Z
2025-09-05,A,Unknown,pre_signal,P0_other,0,20,open,0,128.75,128.75,2025-09-05,0.0,,auto,2025-09-05T22:13:02Z
2025-09-05,AAL,Unknown,pre_signal,P0_other,0,1,open,0,13.079999923706055,13.079999923706055,2025-09-05,0.0,,auto,2025-09-05T22:13:02Z
2025-09-05,AAL,Unknown,pre_signal,P0_other,0,3,open,0,13.079999923706055,13.079999923706055,2025-09-05,0.0,,auto,2025-09-05T22:13:02Z
2025-09-05,AAL,Unknown,pre_signal,P0_other,0,5,open,0,13.079999923706055,13.079999923706055,2025-09-05,0.0,,auto,2025-09-05T22:13:02Z
2025-09-05,AAL,Unknown,pre_signal,P0_other,0,10,open,0,13.079999923706055,13.079999923706055,2025-09-05,0.0,,auto,2025-09-05T22:13:02Z
2025-09-05,AAL,Unknown,pre_signal,P0_other,0,20,open,0,13.079999923706055,13.079999923706055,2025-09-05,0.0,,auto,2025-09-05T22:13:02Z
2025-09-05,AAON,Unknown,other,P0_other,0,1,open,0,81.1500015258789,81.1500015258789,2025-09-05,0.0,,auto,2025-09-05T22:13:02Z
2025-09-05,AAON,Unknown,other,P0_other,0,3,open,0,81.1500015258789,81.1500015258789,2025-09-05,0.0,,auto,2025-09-05T22:13:02Z
2025-09-05,AAON,Unknown,other,P0_other,0,5,open,0,81.1500015258789,81.1500015258789,2025-09-05,0.0,,auto,2025-09-05T22:13:02Z
2025-09-05,AAON,Unknown,other,P0_other,0,10,open,0,81.1500015258789,81.1500015258789,2025-09-05,0.0,,auto,2025-09-05T22:13:02Z
2025-09-05,AAON,Unknown,other,P0_other,0,20,open,0,81.1500015258789,81.1500015258789,2025-09-05,0.0,,auto,2025-09-05T22:13:02Z
2025-09-05,AAPL,Unknown,pre_signal,P0_other,0,1,open,0,239.69000244140625,239.69000244140625,2025-09-05,0.0,,auto,2025-09-05T22:13:02Z
2025-09-05,AAPL,Unknown,pre_signal,P0_other,0,3,open,0,239.69000244140625,239.69000244140625,2025-09-05,0.0,,auto,2025-09-05T22:13:02Z
2025-09-05,AAPL,Unknown,pre_signal,P0_other,0,5,open,0,239.69000244140625,239.69000244140625,2025-09-05,0.0,,auto,2025-09-05T22:13:02Z
2025-09-05,AAPL,Unknown,pre_signal,P0_other,0,10,open,0,239.69000244140625,239.69000244140625,2025-09-05,0.0,,auto,2025-09-05T22:13:02Z
2025-09-05,AAPL,Unknown,pre_signal,P0_other,0,20,open,0,239.69000244140625,239.69000244140625,2025-09-05,0.0,,auto,2025-09-05T22:13:02Z
2025-09-05,ABBV,Unknown,pre_signal,P0_other,0,1,open,0,212.55999755859375,212.55999755859375,2025-09-05,0.0,,auto,2025-09-05T22:13:02Z
2025-09-05,ABBV,Unknown,pre_signal,P0_other,0,3,open,0,212.55999755859375,212.55999755859375,2025-09-05,0.0,,auto,2025-09-05T22:13:02Z
2025-09-05,ABBV,Unknown,pre_signal,P0_other,0,5,open,0,212.55999755859375,212.55999755859375,2025-09-05,0.0,,auto,2025-09-05T22:13:02Z
2025-09-05,ABBV,Unknown,pre_signal,P0_other,0,10,open,0,212.55999755859375,212.55999755859375,2025-09-05,0.0,,auto,2025-09-05T22:13:02Z
2025-09-05,ABBV,Unknown,pre_signal,P0_other,0,20,open,0,212.55999755859375,212.55999755859375,2025-09-05,0.0,,auto,2025-09-05T22:13:02Z
2025-09-05,ABT,Unknown,confirmed,P0_other,0,1,open,0,132.94000244140625,132.94000244140625,2025-09-05,0.0,,auto,2025-09-05T22:13:02Z
2025-09-05,ABT,Unknown,confirmed,P0_other,0,3,open,0,132.94000244140625,132.94000244140625,2025-09-05,0.0,,auto,2025-09-05T22:13:02Z
2025-09-05,ABT,Unknown,confirmed,P0_other,0,5,open,0,132.94000244140625,132.94000244140625,2025-09-05,0.0,,auto,2025-09-05T22:13:02Z
2025-09-05,ABT,Unknown,confirmed,P0_other,0,10,open,0,132.94000244140625,132.94000244140625,2025-09-05,0.0,,auto,2025-09-05T22:13:02Z
2025-09-05,ABT,Unknown,confirmed,P0_other,0,20,open,0,132.94000244140625,132.94000244140625,2025-09-05,0.0,,auto,2025-09-05T22:13:02Z
2025-09-05,ACGL,Unknown,other,P0_other,0,1,open,0,91.29000091552734,91.29000091552734,2025-09-05,0.0,,auto,2025-09-05T22:13:02Z
2025-09-05,ACGL,Unknown,other,P0_other,0,3,open,0,91.29000091552734,91.29000091552734,2025-09-05,0.0,,auto,2025-09-05T22:13:02Z
2025-09-05,ACGL,Unknown,other,P0_other,0,5,open,0,91.29000091552734,91.29000091552734,2025-09-05,0.0,,auto,2025-09-05T22:13:02Z
2025-09-05,ACGL,Unknown,other,P0_other,0,10,open,0,91.29000091552734,91.29000091552734,2025-09-05,0.0,,auto,2025-09-05T22:13:02Z
2025-09-05,ACGL,Unknown,other,P0_other,0,20,open,0,91.29000091552734,91.29000091552734,2025-09-05,0.0,,auto,2025-09-05T22:13:02Z
2025-09-05,ACHC,Unknown,other,P0_other,0,1,open,0,23.719999313354492,23.719999313354492,2025-09-05,0.0,,auto,2025-09-05T22:13:02Z
2025-09-05,ACHC,Unknown,other,P0_other,0,3,open,0,23.719999313354492,23.719999313354492,2025-09-05,0.0,,auto,2025-09-05T22:13:02Z
2025-09-05,ACHC,Unknown,other,P0_other,0,5,open,0,23.719999313354492,23.719999313354492,2025-09-05,0.0,,auto,2025-09-05T22:13:02Z
2025-09-05,ACHC,Unknown,other,P0_other,0,10,open,0,23.719999313354492,23.719999313354492,2025-09-05,0.0,,auto,2025-09-05T22:13:02Z
2025-09-05,ACHC,Unknown,other,P0_other,0,20,open,0,23.719999313354492,23.719999313354492,2025-09-05,0.0,,auto,2025-09-05T22:13:02Z
2025-09-05,ACM,Unknown,pre_signal,P0_other,0,1,open,0,126.62000274658203,126.62000274658203,2025-09-05,0.0,,auto,2025-09-05T22:13:02Z
2025-09-05,ACM,Unknown,pre_signal,P0_other,0,3,open,0,126.62000274658203,126.62000274658203,2025-09-05,0.0,,auto,2025-09-05T22:13:02Z
2025-09-05,ACM,Unknown,pre_signal,P0_other,0,5,open,0,126.62000274658203,126.62000274658203,2025-09-05,0.0,,auto,2025-09-05T22:13:02Z
2025-09-05,ACM,Unknown,pre_signal,P0_other,0,10,open,0,126.62000274658203,126.62000274658203,2025-09-05,0.0,,auto,2025-09-05T22:13:02Z
2025-09-05,ACM,Unknown,pre_signal,P0_other,0,20,open,0,126.62000274658203,126.62000274658203,2025-09-05,0.0,,auto,2025-09-05T22:13:02Z
2025-09-05,ACN,Unknown,other,P0_other,0,1,open,0,254.9499969482422,254.9499969482422,2025-09-05,0.0,,auto,2025-09-05T22:13:02Z
2025-09-05,ACN,Unknown,other,P0_other,0,3,open,0,254.9499969482422,254.9499969482422,2025-09-05,0.0,,auto,2025-09-05T22:13:02Z
2025-09-05,ACN,Unknown,other,P0_other,0,5,open,0,254.9499969482422,254.9499969482422,2025-09-05,0.0,,auto,2025-09-05T22:13:02Z
2025-09-05,ACN,Unknown,other,P0_other,0,10,open,0,254.9499969482422,254.9499969482422,2025-09-05,0.0,,auto,2025-09-05T22:13:02Z
2025-09-05,ACN,Unknown,other,P0_other,0,20,open,0,254.9499969482422,254.9499969482422,2025-09-05,0.0,,auto,2025-09-05T22:13:02Z
2025-09-05,ADBE,Unknown,other,P0_other,0,1,open,0,348.9700012207031,348.9700012207031,2025-09-05,0.0,,auto,2025-09-05T22:13:02Z
2025-09-05,ADBE,Unknown,other,P0_other,0,3,open,0,348.9700012207031,348.9700012207031,2025-09-05,0.0,,auto,2025-09-05T22:13:02Z
2025-09-05,ADBE,Unknown,other,P0_other,0,5,open,0,348.9700012207031,348.9700012207031,2025-09-05,0.0,,auto,2025-09-05T22:13:02Z
2025-09-05,ADBE,Unknown,other,P0_other,0,10,open,0,348.9700012207031,348.9700012207031,2025-09-05,0.0,,auto,2025-09-05T22:13:02Z
2025-09-05,ADBE,Unknown,other,P0_other,0,20,open,0,348.9700012207031,348.9700012207031,2025-09-05,0.0,,auto,2025-09-05T22:13:02Z
2025-09-05,ADI,Unknown,pre_signal,P0_other,0,1,open,0,247.07000732421875,247.07000732421875,2025-09-05,0.0,,auto,2025-09-05T22:13:02Z
2025-09-05,ADI,Unknown,pre_signal,P0_other,0,3,open,0,247.07000732421875,247.07000732421875,2025-09-05,0.0,,auto,2025-09-05T22:13:02Z
2025-09-05,ADI,Unknown,pre_signal,P0_other,0,5,open,0,247.07000732421875,247.07000732421875,2025-09-05,0.0,,auto,2025-09-05T22:13:02Z
2025-09-05,ADI,Unknown,pre_signal,P0_other,0,10,open,0,247.07000732421875,247.07000732421875,2025-09-05,0.0,,auto,2025-09-05T22:13:02Z
2025-09-05,ADI,Unknown,pre_signal,P0_other,0,20,open,0,247.07000732421875,247.07000732421875,2025-09-05,0.0,,auto,2025-09-05T22:13:02Z
2025-09-05,ADP,Unknown,other,P0_other,0,1,open,0,295.9700012207031,295.9700012207031,2025-09-05,0.0,,auto,2025-09-05T22:13:02Z
2025-09-05,ADP,Unknown,other,P0_other,0,3,open,0,295.9700012207031,295.9700012207031,2025-09-05,0.0,,auto,2025-09-05T22:13:02Z
2025-09-05,ADP,Unknown,other,P0_other,0,5,open,0,295.9700012207031,295.9700012207031,2025-09-05,0.0,,auto,2025-09-05T22:13:02Z
2025-09-05,ADP,Unknown,other,P0_other,0,10,open,0,295.9700012207031,295.9700012207031,2025-09-05,0.0,,auto,2025-09-05T22:13:02Z
2025-09-05,ADP,Unknown,other,P0_other,0,20,open,0,295.9700012207031,295.9700012207031,2025-09-05,0.0,,auto,2025-09-05T22:13:02Z
2025-09-05,ADSK,Unknown,pre_signal,P0_other,0,1,open,0,326.3699951171875,326.3699951171875,2025-09-05,0.0,,auto,2025-09-05T22:13:02Z
2025-09-05,ADSK,Unknown,pre_signal,P0_other,0,3,open,0,326.3699951171875,326.3699951171875,2025-09-05,0.0,,auto,2025-09-05T22:13:02Z
2025-09-05,ADSK,Unknown,pre_signal,P0_other,0,5,open,0,326.3699951171875,326.3699951171875,2025-09-05,0.0,,auto,2025-09-05T22:13:02Z
2025-09-05,ADSK,Unknown,pre_signal,P0_other,0,10,open,0,326.3699951171875,326.3699951171875,2025-09-05,0.0,,auto,2025-09-05T22:13:02Z
2025-09-05,ADSK,Unknown,pre_signal,P0_other,0,20,open,0,326.3699951171875,326.3699951171875,2025-09-05,0.0,,auto,2025-09-05T22:13:02Z
2025-09-05,AFG,Unknown,pre_signal,P0_other,0,1,open,0,138.64999389648438,138.64999389648438,2025-09-05,0.0,,auto,2025-09-05T22:13:02Z
2025-09-05,AFG,Unknown,pre_signal,P0_other,0,3,open,0,138.64999389648438,138.64999389648438,2025-09-05,0.0,,auto,2025-09-05T22:13:02Z
2025-09-05,AFG,Unknown,pre_signal,P0_other,0,5,open,0,138.64999389648438,138.64999389648438,2025-09-05,0.0,,auto,2025-09-05T22:13:02Z
2025-09-05,AFG,Unknown,pre_signal,P0_other,0,10,open,0,138.64999389648438,138.64999389648438,2025-09-05,0.0,,auto,2025-09-05T22:13:02Z
2025-09-05,AFG,Unknown,pre_signal,P0_other,0,20,open,0,138.64999389648438,138.64999389648438,2025-09-05,0.0,,auto,2025-09-05T22:13:02Z
2025-09-05,AFL,Unknown,pre_signal,P0_other,0,1,open,0,106.93000030517578,106.93000030517578,2025-09-05,0.0,,auto,2025-09-05T22:13:02Z
2025-09-05,AFL,Unknown,pre_signal,P0_other,0,3,open,0,106.93000030517578,106.93000030517578,2025-09-05,0.0,,auto,2025-09-05T22:13:02Z
2025-09-05,AFL,Unknown,pre_signal,P0_other,0,5,open,0,106.93000030517578,106.93000030517578,2025-09-05,0.0,,auto,2025-09-05T22:13:02Z
2025-09-05,AFL,Unknown,pre_signal,P0_other,0,10,open,0,106.93000030517578,106.93000030517578,2025-09-05,0.0,,auto,2025-09-05T22:13:02Z
2025-09-05,AFL,Unknown,pre_signal,P0_other,0,20,open,0,106.93000030517578,106.93000030517578,2025-09-05,0.0,,auto,2025-09-05T22:13:02Z
2025-09-05,AFRM,Unknown,pre_signal,P0_other,0,1,open,0,87.3499984741211,87.3499984741211,2025-09-05,0.0,,auto,2025-09-05T22:13:02Z
2025-09-05,AFRM,Unknown,pre_signal,P0_other,0,3,open,0,87.3499984741211,87.3499984741211,2025-09-05,0.0,,auto,2025-09-05T22:13:02Z
2025-09-05,AFRM,Unknown,pre_signal,P0_other,0,5,open,0,87.3499984741211,87.3499984741211,2025-09-05,0.0,,auto,2025-09-05T22:13:02Z
2025-09-05,AFRM,Unknown,pre_signal,P0_other,0,10,open,0,87.3499984741211,87.3499984741211,2025-09-05,0.0,,auto,2025-09-05T22:13:02Z
2025-09-05,AFRM,Unknown,pre_signal,P0_other,0,20,open,0,87.3499984741211,87.3499984741211,2025-09-05,0.0,,auto,2025-09-05T22:13:02Z
2025-09-05,AGCO,Unknown,other,P0_other,0,1,open,0,111.0199966430664,111.0199966430664,2025-09-05,0.0,,auto,2025-09-05T22:13:02Z
2025-09-05,AGCO,Unknown,other,P0_other,0,3,open,0,111.0199966430664,111.0199966430664,2025-09-05,0.0,,auto,2025-09-05T22:13:02Z
2025-09-05,AGCO,Unknown,other,P0_other,0,5,open,0,111.0199966430664,111.0199966430664,2025-09-05,0.0,,auto,2025-09-05T22:13:02Z
2025-09-05,AGCO,Unknown,other,P0_other,0,10,open,0,111.0199966430664,111.0199966430664,2025-09-05,0.0,,auto,2025-09-05T22:13:02Z
2025-09-05,AGCO,Unknown,other,P0_other,0,20,open,0,111.0199966430664,111.0199966430664,2025-09-05,0.0,,auto,2025-09-05T22:13:02Z
2025-09-05,AGNC,Unknown,confirmed,P0_other,0,1,open,0,10.369999885559082,10.369999885559082,2025-09-05,0.0,,auto,2025-09-05T22:13:02Z
2025-09-05,AGNC,Unknown,confirmed,P0_other,0,3,open,0,10.369999885559082,10.369999885559082,2025-09-05,0.0,,auto,2025-09-05T22:13:02Z
2025-09-05,AGNC,Unknown,confirmed,P0_other,0,5,open,0,10.369999885559082,10.369999885559082,2025-09-05,0.0,,auto,2025-09-05T22:13:02Z
2025-09-05,AGNC,Unknown,confirmed,P0_other,0,10,open,0,10.369999885559082,10.369999885559082,2025-09-05,0.0,,auto,2025-09-05T22:13:02Z
2025-09-05,AGNC,Unknown,confirmed,P0_other,0,20,open,0,10.369999885559082,10.369999885559082,2025-09-05,0.0,,auto,2025-09-05T22:13:02Z
2025-09-05,AGO,Unknown,other,P0_other,0,1,open,0,82.18000030517578,82.18000030517578,2025-09-05,0.0,,auto,2025-09-05T22:13:02Z
2025-09-05,AGO,Unknown,other,P0_other,0,3,open,0,82.18000030517578,82.18000030517578,2025-09-05,0.0,,auto,2025-09-05T22:13:02Z
2025-09-05,AGO,Unknown,other,P0_other,0,5,open,0,82.18000030517578,82.18000030517578,2025-09-05,0.0,,auto,2025-09-05T22:13:02Z
2025-09-05,AGO,Unknown,other,P0_other,0,10,open,0,82.18000030517578,82.18000030517578,2025-09-05,0.0,,auto,2025-09-05T22:13:02Z
2025-09-05,AGO,Unknown,other,P0_other,0,20,open,0,82.18000030517578,82.18000030517578,2025-09-05,0.0,,auto,2025-09-05T22:13:02Z
2025-09-05,AIG,Unknown,other,P0_other,0,1,open,0,79.20999908447266,79.20999908447266,2025-09-05,0.0,,auto,2025-09-05T22:13:02Z
2025-09-05,AIG,Unknown,other,P0_other,0,3,open,0,79.20999908447266,79.20999908447266,2025-09-05,0.0,,auto,2025-09-05T22:13:02Z
2025-09-05,AIG,Unknown,other,P0_other,0,5,open,0,79.20999908447266,79.20999908447266,2025-09-05,0.0,,auto,2025-09-05T22:13:02Z
2025-09-05,AIG,Unknown,other,P0_other,0,10,open,0,79.20999908447266,79.20999908447266,2025-09-05,0.0,,auto,2025-09-05T22:13:02Z
2025-09-05,AIG,Unknown,other,P0_other,0,20,open,0,79.20999908447266,79.20999908447266,2025-09-05,0.0,,auto,2025-09-05T22:13:02Z
2025-09-05,AIT,Unknown,pre_signal,P0_other,0,1,open,0,265.44000244140625,265.44000244140625,2025-09-05,0.0,,auto,2025-09-05T22:13:02Z
2025-09-05,AIT,Unknown,pre_signal,P0_other,0,3,open,0,265.44000244140625,265.44000244140625,2025-09-05,0.0,,auto,2025-09-05T22:13:02Z
2025-09-05,AIT,Unknown,pre_signal,P0_other,0,5,open,0,265.44000244140625,265.44000244140625,2025-09-05,0.0,,auto,2025-09-05T22:13:02Z
2025-09-05,AIT,Unknown,pre_signal,P0_other,0,10,open,0,265.44000244140625,265.44000244140625,2025-09-05,0.0,,auto,2025-09-05T22:13:02Z
2025-09-05,AIT,Unknown,pre_signal,P0_other,0,20,open,0,265.44000244140625,265.44000244140625,2025-09-05,0.0,,auto,2025-09-05T22:13:02Z
2025-09-05,AIZ,Unknown,other,P0_other,0,1,open,0,211.1699981689453,211.1699981689453,2025-09-05,0.0,,auto,2025-09-05T22:13:02Z
2025-09-05,AIZ,Unknown,other,P0_other,0,3,open,0,211.1699981689453,211.1699981689453,2025-09-05,0.0,,auto,2025-09-05T22:13:02Z
2025-09-05,AIZ,Unknown,other,P0_other,0,5,open,0,211.1699981689453,211.1699981689453,2025-09-05,0.0,,auto,2025-09-05T22:13:02Z
2025-09-05,AIZ,Unknown,other,P0_other,0,10,open,0,211.1699981689453,211.1699981689453,2025-09-05,0.0,,auto,2025-09-05T22:13:02Z
2025-09-05,AIZ,Unknown,other,P0_other,0,20,open,0,211.1699981689453,211.1699981689453,2025-09-05,0.0,,auto,2025-09-05T22:13:02Z
2025-09-05,AJG,Unknown,other,P0_other,0,1,open,0,299.17999267578125,299.17999267578125,2025-09-05,0.0,,auto,2025-09-05T22:13:02Z
2025-09-05,AJG,Unknown,other,P0_other,0,3,open,0,299.17999267578125,299.17999267578125,2025-09-05,0.0,,auto,2025-09-05T22:13:02Z
2025-09-05,AJG,Unknown,other,P0_other,0,5,open,0,299.17999267578125,299.17999267578125,2025-09-05,0.0,,auto,2025-09-05T22:13:02Z
2025-09-05,AJG,Unknown,other,P0_other,0,10,open,0,299.17999267578125,299.17999267578125,2025-09-05,0.0,,auto,2025-09-05T22:13:02Z
2025-09-05,AJG,Unknown,other,P0_other,0,20,open,0,299.17999267578125,299.17999267578125,2025-09-05,0.0,,auto,2025-09-05T22:13:02Z
2025-09-05,AKAM,Unknown,pre_signal,P0_other,0,1,open,0,78.55999755859375,78.55999755859375,2025-09-05,0.0,,auto,2025-09-05T22:13:02Z
2025-09-05,AKAM,Unknown,pre_signal,P0_other,0,3,open,0,78.55999755859375,78.55999755859375,2025-09-05,0.0,,auto,2025-09-05T22:13:02Z
2025-09-05,AKAM,Unknown,pre_signal,P0_other,0,5,open,0,78.55999755859375,78.55999755859375,2025-09-05,0.0,,auto,2025-09-05T22:13:02Z
2025-09-05,AKAM,Unknown,pre_signal,P0_other,0,10,open,0,78.55999755859375,78.55999755859375,2025-09-05,0.0,,auto,2025-09-05T22:13:02Z
2025-09-05,AKAM,Unknown,pre_signal,P0_other,0,20,open,0,78.55999755859375,78.55999755859375,2025-09-05,0.0,,auto,2025-09-05T22:13:02Z
2025-09-05,AL,Unknown,pre_signal,P0_other,0,1,open,0,63.70000076293945,63.70000076293945,2025-09-05,0.0,,auto,2025-09-05T22:13:02Z
2025-09-05,AL,Unknown,pre_signal,P0_other,0,3,open,0,63.70000076293945,63.70000076293945,2025-09-05,0.0,,auto,2025-09-05T22:13:02Z
2025-09-05,AL,Unknown,pre_signal,P0_other,0,5,open,0,63.70000076293945,63.70000076293945,2025-09-05,0.0,,auto,2025-09-05T22:13:02Z
2025-09-05,AL,Unknown,pre_signal,P0_other,0,10,open,0,63.70000076293945,63.70000076293945,2025-09-05,0.0,,auto,2025-09-05T22:13:02Z
2025-09-05,AL,Unknown,pre_signal,P0_other,0,20,open,0,63.70000076293945,63.70000076293945,2025-09-05,0.0,,auto,2025-09-05T22:13:02Z
2025-09-05,ALAB,Unknown,pre_signal,P0_other,0,1,open,0,191.1999969482422,191.1999969482422,2025-09-05,0.0,,auto,2025-09-05T22:13:02Z
2025-09-05,ALAB,Unknown,pre_signal,P0_other,0,3,open,0,191.1999969482422,191.1999969482422,2025-09-05,0.0,,auto,2025-09-05T22:13:02Z
2025-09-05,ALAB,Unknown,pre_signal,P0_other,0,5,open,0,191.1999969482422,191.1999969482422,2025-09-05,0.0,,auto,2025-09-05T22:13:02Z
2025-09-05,ALAB,Unknown,pre_signal,P0_other,0,10,open,0,191.1999969482422,191.1999969482422,2025-09-05,0.0,,auto,2025-09-05T22:13:02Z
2025-09-05,ALAB,Unknown,pre_signal,P0_other,0,20,open,0,191.1999969482422,191.1999969482422,2025-09-05,0.0,,auto,2025-09-05T22:13:02Z
2025-09-05,ALGM,Unknown,other,P0_other,0,1,open,0,30.56999969482422,30.56999969482422,2025-09-05,0.0,,auto,2025-09-05T22:13:02Z
2025-09-05,ALGM,Unknown,other,P0_other,0,3,open,0,30.56999969482422,30.56999969482422,2025-09-05,0.0,,auto,2025-09-05T22:13:02Z
2025-09-05,ALGM,Unknown,other,P0_other,0,5,open,0,30.56999969482422,30.56999969482422,2025-09-05,0.0,,auto,2025-09-05T22:13:02Z
2025-09-05,ALGM,Unknown,other,P0_other,0,10,open,0,30.56999969482422,30.56999969482422,2025-09-05,0.0,,auto,2025-09-05T22:13:02Z
2025-09-05,ALGM,Unknown,other,P0_other,0,20,open,0,30.56999969482422,30.56999969482422,2025-09-05,0.0,,auto,2025-09-05T22:13:02Z
2025-09-05,ALGN,Unknown,other,P0_other,0,1,open,0,139.1199951171875,139.1199951171875,2025-09-05,0.0,,auto,2025-09-05T22:13:02Z
2025-09-05,ALGN,Unknown,other,P0_other,0,3,open,0,139.1199951171875,139.1199951171875,2025-09-05,0.0,,auto,2025-09-05T22:13:02Z
2025-09-05,ALGN,Unknown,other,P0_other,0,5,open,0,139.1199951171875,139.1199951171875,2025-09-05,0.0,,auto,2025-09-05T22:13:02Z
2025-09-05,ALGN,Unknown,other,P0_other,0,10,open,0,139.1199951171875,139.1199951171875,2025-09-05,0.0,,auto,2025-09-05T22:13:02Z
2025-09-05,ALGN,Unknown,other,P0_other,0,20,open,0,139.1199951171875,139.1199951171875,2025-09-05,0.0,,auto,2025-09-05T22:13:02Z
2025-09-05,ALK,Unknown,confirmed,P0_other,0,1,open,0,63.150001525878906,63.150001525878906,2025-09-05,0.0,,auto,2025-09-05T22:13:02Z
2025-09-05,ALK,Unknown,confirmed,P0_other,0,3,open,0,63.150001525878906,63.150001525878906,2025-09-05,0.0,,auto,2025-09-05T22:13:02Z
2025-09-05,ALK,Unknown,confirmed,P0_other,0,5,open,0,63.150001525878906,63.150001525878906,2025-09-05,0.0,,auto,2025-09-05T22:13:02Z
2025-09-05,ALK,Unknown,confirmed,P0_other,0,10,open,0,63.150001525878906,63.150001525878906,2025-09-05,0.0,,auto,2025-09-05T22:13:02Z
2025-09-05,ALK,Unknown,confirmed,P0_other,0,20,open,0,63.150001525878906,63.150001525878906,2025-09-05,0.0,,auto,2025-09-05T22:13:02Z
2025-09-05,ALL,Unknown,other,P0_other,0,1,open,0,201.52999877929688,201.52999877929688,2025-09-05,0.0,,auto,2025-09-05T22:13:02Z
2025-09-05,ALL,Unknown,other,P0_other,0,3,open,0,201.52999877929688,201.52999877929688,2025-09-05,0.0,,auto,2025-09-05T22:13:02Z
2025-09-05,ALL,Unknown,other,P0_other,0,5,open,0,201.52999877929688,201.52999877929688,2025-09-05,0.0,,auto,2025-09-05T22:13:02Z
2025-09-05,ALL,Unknown,other,P0_other,0,10,open,0,201.52999877929688,201.52999877929688,2025-09-05,0.0,,auto,2025-09-05T22:13:02Z
2025-09-05,ALL,Unknown,other,P0_other,0,20,open,0,201.52999877929688,201.52999877929688,2025-09-05,0.0,,auto,2025-09-05T22:13:02Z
2025-09-05,ALLE,Unknown,pre_signal,P0_other,0,1,open,0,171.86000061035156,171.86000061035156,2025-09-05,0.0,,auto,2025-09-05T22:13:02Z
2025-09-05,ALLE,Unknown,pre_signal,P0_other,0,3,open,0,171.86000061035156,171.86000061035156,2025-09-05,0.0,,auto,2025-09-05T22:13:02Z
2025-09-05,ALLE,Unknown,pre_signal,P0_other,0,5,open,0,171.86000061035156,171.86000061035156,2025-09-05,0.0,,auto,2025-09-05T22:13:02Z
2025-09-05,ALLE,Unknown,pre_signal,P0_other,0,10,open,0,171.86000061035156,171.86000061035156,2025-09-05,0.0,,auto,2025-09-05T22:13:02Z
2025-09-05,ALLE,Unknown,pre_signal,P0_other,0,20,open,0,171.86000061035156,171.86000061035156,2025-09-05,0.0,,auto,2025-09-05T22:13:02Z
2025-09-05,ALLY,Unknown,confirmed,P0_other,0,1,open,0,41.36000061035156,41.36000061035156,2025-09-05,0.0,,auto,2025-09-05T22:13:02Z
2025-09-05,ALLY,Unknown,confirmed,P0_other,0,3,open,0,41.36000061035156,41.36000061035156,2025-09-05,0.0,,auto,2025-09-05T22:13:02Z
2025-09-05,ALLY,Unknown,confirmed,P0_other,0,5,open,0,41.36000061035156,41.36000061035156,2025-09-05,0.0,,auto,2025-09-05T22:13:02Z
2025-09-05,ALLY,Unknown,confirmed,P0_other,0,10,open,0,41.36000061035156,41.36000061035156,2025-09-05,0.0,,auto,2025-09-05T22:13:02Z
2025-09-05,ALLY,Unknown,confirmed,P0_other,0,20,open,0,41.36000061035156,41.36000061035156,2025-09-05,0.0,,auto,2025-09-05T22:13:02Z
2025-09-05,ALNY,Unknown,pre_signal,P0_other,0,1,open,0,452.0,452.0,2025-09-05,0.0,,auto,2025-09-05T22:13:02Z
2025-09-05,ALNY,Unknown,pre_signal,P0_other,0,3,open,0,452.0,452.0,2025-09-05,0.0,,auto,2025-09-05T22:13:02Z
2025-09-05,ALNY,Unknown,pre_signal,P0_other,0,5,open,0,452.0,452.0,2025-09-05,0.0,,auto,2025-09-05T22:13:02Z
2025-09-05,ALNY,Unknown,pre_signal,P0_other,0,10,open,0,452.0,452.0,2025-09-05,0.0,,auto,2025-09-05T22:13:02Z
2025-09-05,ALNY,Unknown,pre_signal,P0_other,0,20,open,0,452.0,452.0,2025-09-05,0.0,,auto,2025-09-05T22:13:02Z
2025-09-05,ALSN,Unknown,pre_signal,P0_other,0,1,open,0,90.0199966430664,90.0199966430664,2025-09-05,0.0,,auto,2025-09-05T22:13:02Z
2025-09-05,ALSN,Unknown,pre_signal,P0_other,0,3,open,0,90.0199966430664,90.0199966430664,2025-09-05,0.0,,auto,2025-09-05T22:13:02Z
2025-09-05,ALSN,Unknown,pre_signal,P0_other,0,5,open,0,90.0199966430664,90.0199966430664,2025-09-05,0.0,,auto,2025-09-05T22:13:02Z
2025-09-05,ALSN,Unknown,pre_signal,P0_other,0,10,open,0,90.0199966430664,90.0199966430664,2025-09-05,0.0,,auto,2025-09-05T22:13:02Z
2025-09-05,ALSN,Unknown,pre_signal,P0_other,0,20,open,0,90.0199966430664,90.0199966430664,2025-09-05,0.0,,auto,2025-09-05T22:13:02Z
2025-09-05,AMAT,Unknown,other,P0_other,0,1,open,0,162.75,162.75,2025-09-05,0.0,,auto,2025-09-05T22:13:02Z
2025-09-05,AMAT,Unknown,other,P0_other,0,3,open,0,162.75,162.75,2025-09-05,0.0,,auto,2025-09-05T22:13:02Z
2025-09-05,AMAT,Unknown,other,P0_other,0,5,open,0,162.75,162.75,2025-09-05,0.0,,auto,2025-09-05T22:13:02Z
2025-09-05,AMAT,Unknown,other,P0_other,0,10,open,0,162.75,162.75,2025-09-05,0.0,,auto,2025-09-05T22:13:02Z
2025-09-05,AMAT,Unknown,other,P0_other,0,20,open,0,162.75,162.75,2025-09-05,0.0,,auto,2025-09-05T22:13:02Z
2025-09-05,AMD,Unknown,other,P0_other,0,1,open,0,151.13999938964844,151.13999938964844,2025-09-05,0.0,,auto,2025-09-05T22:13:02Z
2025-09-05,AMD,Unknown,other,P0_other,0,3,open,0,151.13999938964844,151.13999938964844,2025-09-05,0.0,,auto,2025-09-05T22:13:02Z
2025-09-05,AMD,Unknown,other,P0_other,0,5,open,0,151.13999938964844,151.13999938964844,2025-09-05,0.0,,auto,2025-09-05T22:13:02Z
2025-09-05,AMD,Unknown,other,P0_other,0,10,open,0,151.13999938964844,151.13999938964844,2025-09-05,0.0,,auto,2025-09-05T22:13:02Z
2025-09-05,AMD,Unknown,other,P0_other,0,20,open,0,151.13999938964844,151.13999938964844,2025-09-05,0.0,,auto,2025-09-05T22:13:02Z
2025-09-05,AME,Unknown,confirmed,P0_other,0,1,open,0,187.4499969482422,187.4499969482422,2025-09-05,0.0,,auto,2025-09-05T22:13:02Z
2025-09-05,AME,Unknown,confirmed,P0_other,0,3,open,0,187.4499969482422,187.4499969482422,2025-09-05,0.0,,auto,2025-09-05T22:13:02Z
2025-09-05,AME,Unknown,confirmed,P0_other,0,5,open,0,187.4499969482422,187.4499969482422,2025-09-05,0.0,,auto,2025-09-05T22:13:02Z
2025-09-05,AME,Unknown,confirmed,P0_other,0,10,open,0,187.4499969482422,187.4499969482422,2025-09-05,0.0,,auto,2025-09-05T22:13:02Z
2025-09-05,AME,Unknown,confirmed,P0_other,0,20,open,0,187.4499969482422,187.4499969482422,2025-09-05,0.0,,auto,2025-09-05T22:13:02Z
2025-09-05,AMG,Unknown,pre_signal,P0_other,0,1,open,0,230.27999877929688,230.27999877929688,2025-09-05,0.0,,auto,2025-09-05T22:13:02Z
2025-09-05,AMG,Unknown,pre_signal,P0_other,0,3,open,0,230.27999877929688,230.27999877929688,2025-09-05,0.0,,auto,2025-09-05T22:13:02Z
2025-09-05,AMG,Unknown,pre_signal,P0_other,0,5,open,0,230.27999877929688,230.27999877929688,2025-09-05,0.0,,auto,2025-09-05T22:13:02Z
2025-09-05,AMG,Unknown,pre_signal,P0_other,0,10,open,0,230.27999877929688,230.27999877929688,2025-09-05,0.0,,auto,2025-09-05T22:13:02Z
2025-09-05,AMG,Unknown,pre_signal,P0_other,0,20,open,0,230.27999877929688,230.27999877929688,2025-09-05,0.0,,auto,2025-09-05T22:13:02Z
2025-09-05,AMGN,Unknown,other,P0_other,0,1,open,0,283.6400146484375,283.6400146484375,2025-09-05,0.0,,auto,2025-09-05T22:13:02Z
2025-09-05,AMGN,Unknown,other,P0_other,0,3,open,0,283.6400146484375,283.6400146484375,2025-09-05,0.0,,auto,2025-09-05T22:13:02Z
2025-09-05,AMGN,Unknown,other,P0_other,0,5,open,0,283.6400146484375,283.6400146484375,2025-09-05,0.0,,auto,2025-09-05T22:13:02Z
2025-09-05,AMGN,Unknown,other,P0_other,0,10,open,0,283.6400146484375,283.6400146484375,2025-09-05,0.0,,auto,2025-09-05T22:13:02Z
2025-09-05,AMGN,Unknown,other,P0_other,0,20,open,0,283.6400146484375,283.6400146484375,2025-09-05,0.0,,auto,2025-09-05T22:13:02Z
2025-09-05,AMKR,Unknown,pre_signal,P0_other,0,1,open,0,24.639999389648438,24.639999389648438,2025-09-05,0.0,,auto,2025-09-05T22:13:02Z
2025-09-05,AMKR,Unknown,pre_signal,P0_other,0,3,open,0,24.639999389648438,24.639999389648438,2025-09-05,0.0,,auto,2025-09-05T22:13:02Z
2025-09-05,AMKR,Unknown,pre_signal,P0_other,0,5,open,0,24.639999389648438,24.639999389648438,2025-09-05,0.0,,auto,2025-09-05T22:13:02Z
2025-09-05,AMKR,Unknown,pre_signal,P0_other,0,10,open,0,24.639999389648438,24.639999389648438,2025-09-05,0.0,,auto,2025-09-05T22:13:02Z
2025-09-05,AMKR,Unknown,pre_signal,P0_other,0,20,open,0,24.639999389648438,24.639999389648438,2025-09-05,0.0,,auto,2025-09-05T22:13:02Z
2025-09-05,AMP,Unknown,other,P0_other,0,1,open,0,489.2799987792969,489.2799987792969,2025-09-05,0.0,,auto,2025-09-05T22:13:02Z
2025-09-05,AMP,Unknown,other,P0_other,0,3,open,0,489.2799987792969,489.2799987792969,2025-09-05,0.0,,auto,2025-09-05T22:13:02Z
2025-09-05,AMP,Unknown,other,P0_other,0,5,open,0,489.2799987792969,489.2799987792969,2025-09-05,0.0,,auto,2025-09-05T22:13:02Z
2025-09-05,AMP,Unknown,other,P0_other,0,10,open,0,489.2799987792969,489.2799987792969,2025-09-05,0.0,,auto,2025-09-05T22:13:02Z
2025-09-05,AMP,Unknown,other,P0_other,0,20,open,0,489.2799987792969,489.2799987792969,2025-09-05,0.0,,auto,2025-09-05T22:13:02Z
2025-09-05,AMTM,Unknown,other,P0_other,0,1,open,0,24.239999771118164,24.239999771118164,2025-09-05,0.0,,auto,2025-09-05T22:13:02Z
2025-09-05,AMTM,Unknown,other,P0_other,0,3,open,0,24.239999771118164,24.239999771118164,2025-09-05,0.0,,auto,2025-09-05T22:13:02Z
2025-09-05,AMTM,Unknown,other,P0_other,0,5,open,0,24.239999771118164,24.239999771118164,2025-09-05,0.0,,auto,2025-09-05T22:13:02Z
2025-09-05,AMTM,Unknown,other,P0_other,0,10,open,0,24.239999771118164,24.239999771118164,2025-09-05,0.0,,auto,2025-09-05T22:13:02Z
2025-09-05,AMTM,Unknown,other,P0_other,0,20,open,0,24.239999771118164,24.239999771118164,2025-09-05,0.0,,auto,2025-09-05T22:13:02Z
2025-09-05,ANET,Unknown,confirmed,P0_other,0,1,open,0,142.85000610351562,142.85000610351562,2025-09-05,0.0,,auto,2025-09-05T22:13:02Z
2025-09-05,ANET,Unknown,confirmed,P0_other,0,3,open,0,142.85000610351562,142.85000610351562,2025-09-05,0.0,,auto,2025-09-05T22:13:02Z
2025-09-05,ANET,Unknown,confirmed,P0_other,0,5,open,0,142.85000610351562,142.85000610351562,2025-09-05,0.0,,auto,2025-09-05T22:13:02Z
2025-09-05,ANET,Unknown,confirmed,P0_other,0,10,open,0,142.85000610351562,142.85000610351562,2025-09-05,0.0,,auto,2025-09-05T22:13:02Z
2025-09-05,ANET,Unknown,confirmed,P0_other,0,20,open,0,142.85000610351562,142.85000610351562,2025-09-05,0.0,,auto,2025-09-05T22:13:02Z
2025-09-05,AON,Unknown,other,P0_other,0,1,open,0,370.5400085449219,370.5400085449219,2025-09-05,0.0,,auto,2025-09-05T22:13:02Z
2025-09-05,AON,Unknown,other,P0_other,0,3,open,0,370.5400085449219,370.5400085449219,2025-09-05,0.0,,auto,2025-09-05T22:13:02Z
2025-09-05,AON,Unknown,other,P0_other,0,5,open,0,370.5400085449219,370.5400085449219,2025-09-05,0.0,,auto,2025-09-05T22:13:02Z
2025-09-05,AON,Unknown,other,P0_other,0,10,open,0,370.5400085449219,370.5400085449219,2025-09-05,0.0,,auto,2025-09-05T22:13:02Z
2025-09-05,AON,Unknown,other,P0_other,0,20,open,0,370.5400085449219,370.5400085449219,2025-09-05,0.0,,auto,2025-09-05T22:13:02Z
2025-09-05,AOS,Unknown,confirmed,P0_other,0,1,open,0,73.68000030517578,73.68000030517578,2025-09-05,0.0,,auto,2025-09-05T22:13:02Z
2025-09-05,AOS,Unknown,confirmed,P0_other,0,3,open,0,73.68000030517578,73.68000030517578,2025-09-05,0.0,,auto,2025-09-05T22:13:02Z
2025-09-05,AOS,Unknown,confirmed,P0_other,0,5,open,0,73.68000030517578,73.68000030517578,2025-09-05,0.0,,auto,2025-09-05T22:13:02Z
2025-09-05,AOS,Unknown,confirmed,P0_other,0,10,open,0,73.68000030517578,73.68000030517578,2025-09-05,0.0,,auto,2025-09-05T22:13:02Z
2025-09-05,AOS,Unknown,confirmed,P0_other,0,20,open,0,73.68000030517578,73.68000030517578,2025-09-05,0.0,,auto,2025-09-05T22:13:02Z
2025-09-05,APG,Unknown,other,P0_other,0,1,open,0,34.959999084472656,34.959999084472656,2025-09-05,0.0,,auto,2025-09-05T22:13:02Z
2025-09-05,APG,Unknown,other,P0_other,0,3,open,0,34.959999084472656,34.959999084472656,2025-09-05,0.0,,auto,2025-09-05T22:13:02Z
2025-09-05,APG,Unknown,other,P0_other,0,5,open,0,34.959999084472656,34.959999084472656,2025-09-05,0.0,,auto,2025-09-05T22:13:02Z
2025-09-05,APG,Unknown,other,P0_other,0,10,open,0,34.959999084472656,34.959999084472656,2025-09-05,0.0,,auto,2025-09-05T22:13:02Z
2025-09-05,APG,Unknown,other,P0_other,0,20,open,0,34.959999084472656,34.959999084472656,2025-09-05,0.0,,auto,2025-09-05T22:13:02Z
2025-09-05,APH,Unknown,pre_signal,P0_other,0,1,open,0,110.44999694824219,110.44999694824219,2025-09-05,0.0,,auto,2025-09-05T22:13:02Z
2025-09-05,APH,Unknown,pre_signal,P0_other,0,3,open,0,110.44999694824219,110.44999694824219,2025-09-05,0.0,,auto,2025-09-05T22:13:02Z
2025-09-05,APH,Unknown,pre_signal,P0_other,0,5,open,0,110.44999694824219,110.44999694824219,2025-09-05,0.0,,auto,2025-09-05T22:13:02Z
2025-09-05,APH,Unknown,pre_signal,P0_other,0,10,open,0,110.44999694824219,110.44999694824219,2025-09-05,0.0,,auto,2025-09-05T22:13:02Z
2025-09-05,APH,Unknown,pre_signal,P0_other,0,20,open,0,110.44999694824219,110.44999694824219,2025-09-05,0.0,,auto,2025-09-05T22:13:02Z
2025-09-05,APLS,Unknown,pre_signal,P0_other,0,1,open,0,28.1299991607666,28.1299991607666,2025-09-05,0.0,,auto,2025-09-05T22:13:02Z
2025-09-05,APLS,Unknown,pre_signal,P0_other,0,3,open,0,28.1299991607666,28.1299991607666,2025-09-05,0.0,,auto,2025-09-05T22:13:02Z
2025-09-05,APLS,Unknown,pre_signal,P0_other,0,5,open,0,28.1299991607666,28.1299991607666,2025-09-05,0.0,,auto,2025-09-05T22:13:02Z
2025-09-05,APLS,Unknown,pre_signal,P0_other,0,10,open,0,28.1299991607666,28.1299991607666,2025-09-05,0.0,,auto,2025-09-05T22:13:02Z
2025-09-05,APLS,Unknown,pre_signal,P0_other,0,20,open,0,28.1299991607666,28.1299991607666,2025-09-05,0.0,,auto,2025-09-05T22:13:02Z
2025-09-05,APO,Unknown,other,P0_other,0,1,open,0,131.5500030517578,131.5500030517578,2025-09-05,0.0,,auto,2025-09-05T22:13:02Z
2025-09-05,APO,Unknown,other,P0_other,0,3,open,0,131.5500030517578,131.5500030517578,2025-09-05,0.0,,auto,2025-09-05T22:13:02Z
2025-09-05,APO,Unknown,other,P0_other,0,5,open,0,131.5500030517578,131.5500030517578,2025-09-05,0.0,,auto,2025-09-05T22:13:02Z
2025-09-05,APO,Unknown,other,P0_other,0,10,open,0,131.5500030517578,131.5500030517578,2025-09-05,0.0,,auto,2025-09-05T22:13:02Z
2025-09-05,APO,Unknown,other,P0_other,0,20,open,0,131.5500030517578,131.5500030517578,2025-09-05,0.0,,auto,2025-09-05T22:13:02Z
2025-09-05,APP,Unknown,pre_signal,P0_other,0,1,open,0,490.239990234375,490.239990234375,2025-09-05,0.0,,auto,2025-09-05T22:13:02Z
2025-09-05,APP,Unknown,pre_signal,P0_other,0,3,open,0,490.239990234375,490.239990234375,2025-09-05,0.0,,auto,2025-09-05T22:13:02Z
2025-09-05,APP,Unknown,pre_signal,P0_other,0,5,open,0,490.239990234375,490.239990234375,2025-09-05,0.0,,auto,2025-09-05T22:13:02Z
2025-09-05,APP,Unknown,pre_signal,P0_other,0,10,open,0,490.239990234375,490.239990234375,2025-09-05,0.0,,auto,2025-09-05T22:13:02Z
2025-09-05,APP,Unknown,pre_signal,P0_other,0,20,open,0,490.239990234375,490.239990234375,2025-09-05,0.0,,auto,2025-09-05T22:13:02Z
2025-09-05,APPF,Unknown,pre_signal,P0_other,0,1,open,0,284.80999755859375,284.80999755859375,2025-09-05,0.0,,auto,2025-09-05T22:13:02Z
2025-09-05,APPF,Unknown,pre_signal,P0_other,0,3,open,0,284.80999755859375,284.80999755859375,2025-09-05,0.0,,auto,2025-09-05T22:13:02Z
2025-09-05,APPF,Unknown,pre_signal,P0_other,0,5,open,0,284.80999755859375,284.80999755859375,2025-09-05,0.0,,auto,2025-09-05T22:13:02Z
2025-09-05,APPF,Unknown,pre_signal,P0_other,0,10,open,0,284.80999755859375,284.80999755859375,2025-09-05,0.0,,auto,2025-09-05T22:13:02Z
2025-09-05,APPF,Unknown,pre_signal,P0_other,0,20,open,0,284.80999755859375,284.80999755859375,2025-09-05,0.0,,auto,2025-09-05T22:13:02Z
2025-09-05,ARES,Unknown,other,P0_other,0,1,open,0,177.30999755859375,177.30999755859375,2025-09-05,0.0,,auto,2025-09-05T22:13:02Z
2025-09-05,ARES,Unknown,other,P0_other,0,3,open,0,177.30999755859375,177.30999755859375,2025-09-05,0.0,,auto,2025-09-05T22:13:02Z
2025-09-05,ARES,Unknown,other,P0_other,0,5,open,0,177.30999755859375,177.30999755859375,2025-09-05,0.0,,auto,2025-09-05T22:13:02Z
2025-09-05,ARES,Unknown,other,P0_other,0,10,open,0,177.30999755859375,177.30999755859375,2025-09-05,0.0,,auto,2025-09-05T22:13:02Z
2025-09-05,ARES,Unknown,other,P0_other,0,20,open,0,177.30999755859375,177.30999755859375,2025-09-05,0.0,,auto,2025-09-05T22:13:02Z
2025-09-05,ARW,Unknown,pre_signal,P0_other,0,1,open,0,127.63999938964844,127.63999938964844,2025-09-05,0.0,,auto,2025-09-05T22:13:02Z
2025-09-05,ARW,Unknown,pre_signal,P0_other,0,3,open,0,127.63999938964844,127.63999938964844,2025-09-05,0.0,,auto,2025-09-05T22:13:02Z
2025-09-05,ARW,Unknown,pre_signal,P0_other,0,5,open,0,127.63999938964844,127.63999938964844,2025-09-05,0.0,,auto,2025-09-05T22:13:02Z
2025-09-05,ARW,Unknown,pre_signal,P0_other,0,10,open,0,127.63999938964844,127.63999938964844,2025-09-05,0.0,,auto,2025-09-05T22:13:02Z
2025-09-05,ARW,Unknown,pre_signal,P0_other,0,20,open,0,127.63999938964844,127.63999938964844,2025-09-05,0.0,,auto,2025-09-05T22:13:02Z
2025-09-05,ATI,Unknown,pre_signal,P0_other,0,1,open,0,77.62999725341797,77.62999725341797,2025-09-05,0.0,,auto,2025-09-05T22:13:02Z
2025-09-05,ATI,Unknown,pre_signal,P0_other,0,3,open,0,77.62999725341797,77.62999725341797,2025-09-05,0.0,,auto,2025-09-05T22:13:02Z
2025-09-05,ATI,Unknown,pre_signal,P0_other,0,5,open,0,77.62999725341797,77.62999725341797,2025-09-05,0.0,,auto,2025-09-05T22:13:02Z
2025-09-05,ATI,Unknown,pre_signal,P0_other,0,10,open,0,77.62999725341797,77.62999725341797,2025-09-05,0.0,,auto,2025-09-05T22:13:02Z
2025-09-05,ATI,Unknown,pre_signal,P0_other,0,20,open,0,77.62999725341797,77.62999725341797,2025-09-05,0.0,,auto,2025-09-05T22:13:02Z
2025-09-05,AUR,Unknown,other,P0_other,0,1,open,0,5.730000019073486,5.730000019073486,2025-09-05,0.0,,auto,2025-09-05T22:13:02Z
2025-09-05,AUR,Unknown,other,P0_other,0,3,open,0,5.730000019073486,5.730000019073486,2025-09-05,0.0,,auto,2025-09-05T22:13:02Z
2025-09-05,AUR,Unknown,other,P0_other,0,5,open,0,5.730000019073486,5.730000019073486,2025-09-05,0.0,,auto,2025-09-05T22:13:02Z
2025-09-05,AUR,Unknown,other,P0_other,0,10,open,0,5.730000019073486,5.730000019073486,2025-09-05,0.0,,auto,2025-09-05T22:13:02Z
2025-09-05,AUR,Unknown,other,P0_other,0,20,open,0,5.730000019073486,5.730000019073486,2025-09-05,0.0,,auto,2025-09-05T22:13:02Z
2025-09-05,AVGO,Unknown,pre_signal,P0_other,0,1,open,0,334.8900146484375,334.8900146484375,2025-09-05,0.0,,auto,2025-09-05T22:13:02Z
2025-09-05,AVGO,Unknown,pre_signal,P0_other,0,3,open,0,334.8900146484375,334.8900146484375,2025-09-05,0.0,,auto,2025-09-05T22:13:02Z
2025-09-05,AVGO,Unknown,pre_signal,P0_other,0,5,open,0,334.8900146484375,334.8900146484375,2025-09-05,0.0,,auto,2025-09-05T22:13:02Z
2025-09-05,AVGO,Unknown,pre_signal,P0_other,0,10,open,0,334.8900146484375,334.8900146484375,2025-09-05,0.0,,auto,2025-09-05T22:13:02Z
2025-09-05,AVGO,Unknown,pre_signal,P0_other,0,20,open,0,334.8900146484375,334.8900146484375,2025-09-05,0.0,,auto,2025-09-05T22:13:02Z
2025-09-05,AVT,Unknown,pre_signal,P0_other,0,1,open,0,53.77000045776367,53.77000045776367,2025-09-05,0.0,,auto,2025-09-05T22:13:02Z
2025-09-05,AVT,Unknown,pre_signal,P0_other,0,3,open,0,53.77000045776367,53.77000045776367,2025-09-05,0.0,,auto,2025-09-05T22:13:02Z
2025-09-05,AVT,Unknown,pre_signal,P0_other,0,5,open,0,53.77000045776367,53.77000045776367,2025-09-05,0.0,,auto,2025-09-05T22:13:02Z
2025-09-05,AVT,Unknown,pre_signal,P0_other,0,10,open,0,53.77000045776367,53.77000045776367,2025-09-05,0.0,,auto,2025-09-05T22:13:02Z
2025-09-05,AVT,Unknown,pre_signal,P0_other,0,20,open,0,53.77000045776367,53.77000045776367,2025-09-05,0.0,,auto,2025-09-05T22:13:02Z
2025-09-05,AVTR,Unknown,pre_signal,P0_other,0,1,open,0,13.3100004196167,13.3100004196167,2025-09-05,0.0,,auto,2025-09-05T22:13:02Z
2025-09-05,AVTR,Unknown,pre_signal,P0_other,0,3,open,0,13.3100004196167,13.3100004196167,2025-09-05,0.0,,auto,2025-09-05T22:13:02Z
2025-09-05,AVTR,Unknown,pre_signal,P0_other,0,5,open,0,13.3100004196167,13.3100004196167,2025-09-05,0.0,,auto,2025-09-05T22:13:02Z
2025-09-05,AVTR,Unknown,pre_signal,P0_other,0,10,open,0,13.3100004196167,13.3100004196167,2025-09-05,0.0,,auto,2025-09-05T22:13:02Z
2025-09-05,AVTR,Unknown,pre_signal,P0_other,0,20,open,0,13.3100004196167,13.3100004196167,2025-09-05,0.0,,auto,2025-09-05T22:13:02Z
2025-09-05,AWI,Unknown,pre_signal,P0_other,0,1,open,0,198.42999267578125,198.42999267578125,2025-09-05,0.0,,auto,2025-09-05T22:13:02Z
2025-09-05,AWI,Unknown,pre_signal,P0_other,0,3,open,0,198.42999267578125,198.42999267578125,2025-09-05,0.0,,auto,2025-09-05T22:13:02Z
2025-09-05,AWI,Unknown,pre_signal,P0_other,0,5,open,0,198.42999267578125,198.42999267578125,2025-09-05,0.0,,auto,2025-09-05T22:13:02Z
2025-09-05,AWI,Unknown,pre_signal,P0_other,0,10,open,0,198.42999267578125,198.42999267578125,2025-09-05,0.0,,auto,2025-09-05T22:13:02Z
2025-09-05,AWI,Unknown,pre_signal,P0_other,0,20,open,0,198.42999267578125,198.42999267578125,2025-09-05,0.0,,auto,2025-09-05T22:13:02Z
2025-09-05,AXON,Unknown,other,P0_other,0,1,open,0,728.4099731445312,728.4099731445312,2025-09-05,0.0,,auto,2025-09-05T22:13:02Z
2025-09-05,AXON,Unknown,other,P0_other,0,3,open,0,728.4099731445312,728.4099731445312,2025-09-05,0.0,,auto,2025-09-05T22:13:02Z
2025-09-05,AXON,Unknown,other,P0_other,0,5,open,0,728.4099731445312,728.4099731445312,2025-09-05,0.0,,auto,2025-09-05T22:13:02Z
2025-09-05,AXON,Unknown,other,P0_other,0,10,open,0,728.4099731445312,728.4099731445312,2025-09-05,0.0,,auto,2025-09-05T22:13:02Z
2025-09-05,AXON,Unknown,other,P0_other,0,20,open,0,728.4099731445312,728.4099731445312,2025-09-05,0.0,,auto,2025-09-05T22:13:02Z
2025-09-05,AXP,Unknown,pre_signal,P0_other,0,1,open,0,326.2200012207031,326.2200012207031,2025-09-05,0.0,,auto,2025-09-05T22:13:02Z
2025-09-05,AXP,Unknown,pre_signal,P0_other,0,3,open,0,326.2200012207031,326.2200012207031,2025-09-05,0.0,,auto,2025-09-05T22:13:02Z
2025-09-05,AXP,Unknown,pre_signal,P0_other,0,5,open,0,326.2200012207031,326.2200012207031,2025-09-05,0.0,,auto,2025-09-05T22:13:02Z
2025-09-05,AXP,Unknown,pre_signal,P0_other,0,10,open,0,326.2200012207031,326.2200012207031,2025-09-05,0.0,,auto,2025-09-05T22:13:02Z
2025-09-05,AXP,Unknown,pre_signal,P0_other,0,20,open,0,326.2200012207031,326.2200012207031,2025-09-05,0.0,,auto,2025-09-05T22:13:02Z
2025-09-05,AXS,Unknown,other,P0_other,0,1,open,0,97.43000030517578,97.43000030517578,2025-09-05,0.0,,auto,2025-09-05T22:13:02Z
2025-09-05,AXS,Unknown,other,P0_other,0,3,open,0,97.43000030517578,97.43000030517578,2025-09-05,0.0,,auto,2025-09-05T22:13:02Z
2025-09-05,AXS,Unknown,other,P0_other,0,5,open,0,97.43000030517578,97.43000030517578,2025-09-05,0.0,,auto,2025-09-05T22:13:02Z
2025-09-05,AXS,Unknown,other,P0_other,0,10,open,0,97.43000030517578,97.43000030517578,2025-09-05,0.0,,auto,2025-09-05T22:13:02Z
2025-09-05,AXS,Unknown,other,P0_other,0,20,open,0,97.43000030517578,97.43000030517578,2025-09-05,0.0,,auto,2025-09-05T22:13:02Z
2025-09-05,AYI,Unknown,confirmed,P0_other,0,1,open,0,338.3299865722656,338.3299865722656,2025-09-05,0.0,,auto,2025-09-05T22:13:02Z
2025-09-05,AYI,Unknown,confirmed,P0_other,0,3,open,0,338.3299865722656,338.3299865722656,2025-09-05,0.0,,auto,2025-09-05T22:13:02Z
2025-09-05,AYI,Unknown,confirmed,P0_other,0,5,open,0,338.3299865722656,338.3299865722656,2025-09-05,0.0,,auto,2025-09-05T22:13:02Z
2025-09-05,AYI,Unknown,confirmed,P0_other,0,10,open,0,338.3299865722656,338.3299865722656,2025-09-05,0.0,,auto,2025-09-05T22:13:02Z
2025-09-05,AYI,Unknown,confirmed,P0_other,0,20,open,0,338.3299865722656,338.3299865722656,2025-09-05,0.0,,auto,2025-09-05T22:13:02Z
2025-09-05,BA,Unknown,other,P0_other,0,1,open,0,229.61000061035156,229.61000061035156,2025-09-05,0.0,,auto,2025-09-05T22:13:02Z
2025-09-05,BA,Unknown,other,P0_other,0,3,open,0,229.61000061035156,229.61000061035156,2025-09-05,0.0,,auto,2025-09-05T22:13:02Z
2025-09-05,BA,Unknown,other,P0_other,0,5,open,0,229.61000061035156,229.61000061035156,2025-09-05,0.0,,auto,2025-09-05T22:13:02Z
2025-09-05,BA,Unknown,other,P0_other,0,10,open,0,229.61000061035156,229.61000061035156,2025-09-05,0.0,,auto,2025-09-05T22:13:02Z
2025-09-05,BA,Unknown,other,P0_other,0,20,open,0,229.61000061035156,229.61000061035156,2025-09-05,0.0,,auto,2025-09-05T22:13:02Z
2025-09-05,BAC,Unknown,pre_signal,P0_other,0,1,open,0,49.77000045776367,49.77000045776367,2025-09-05,0.0,,auto,2025-09-05T22:13:02Z
2025-09-05,BAC,Unknown,pre_signal,P0_other,0,3,open,0,49.77000045776367,49.77000045776367,2025-09-05,0.0,,auto,2025-09-05T22:13:02Z
2025-09-05,BAC,Unknown,pre_signal,P0_other,0,5,open,0,49.77000045776367,49.77000045776367,2025-09-05,0.0,,auto,2025-09-05T22:13:02Z
2025-09-05,BAC,Unknown,pre_signal,P0_other,0,10,open,0,49.77000045776367,49.77000045776367,2025-09-05,0.0,,auto,2025-09-05T22:13:02Z
2025-09-05,BAC,Unknown,pre_signal,P0_other,0,20,open,0,49.77000045776367,49.77000045776367,2025-09-05,0.0,,auto,2025-09-05T22:13:02Z
2025-09-05,BAH,Unknown,other,P0_other,0,1,open,0,102.44999694824219,102.44999694824219,2025-09-05,0.0,,auto,2025-09-05T22:13:02Z
2025-09-05,BAH,Unknown,other,P0_other,0,3,open,0,102.44999694824219,102.44999694824219,2025-09-05,0.0,,auto,2025-09-05T22:13:02Z
2025-09-05,BAH,Unknown,other,P0_other,0,5,open,0,102.44999694824219,102.44999694824219,2025-09-05,0.0,,auto,2025-09-05T22:13:02Z
2025-09-05,BAH,Unknown,other,P0_other,0,10,open,0,102.44999694824219,102.44999694824219,2025-09-05,0.0,,auto,2025-09-05T22:13:02Z
2025-09-05,BAH,Unknown,other,P0_other,0,20,open,0,102.44999694824219,102.44999694824219,2025-09-05,0.0,,auto,2025-09-05T22:13:02Z
2025-09-05,BAM,Unknown,other,P0_other,0,1,open,0,58.27000045776367,58.27000045776367,2025-09-05,0.0,,auto,2025-09-05T22:13:02Z
2025-09-05,BAM,Unknown,other,P0_other,0,3,open,0,58.27000045776367,58.27000045776367,2025-09-05,0.0,,auto,2025-09-05T22:13:02Z
2025-09-05,BAM,Unknown,other,P0_other,0,5,open,0,58.27000045776367,58.27000045776367,2025-09-05,0.0,,auto,2025-09-05T22:13:02Z
2025-09-05,BAM,Unknown,other,P0_other,0,10,open,0,58.27000045776367,58.27000045776367,2025-09-05,0.0,,auto,2025-09-05T22:13:02Z
2025-09-05,BAM,Unknown,other,P0_other,0,20,open,0,58.27000045776367,58.27000045776367,2025-09-05,0.0,,auto,2025-09-05T22:13:02Z
2025-09-05,BAX,Unknown,other,P0_other,0,1,open,0,24.420000076293945,24.420000076293945,2025-09-05,0.0,,auto,2025-09-05T22:13:02Z
2025-09-05,BAX,Unknown,other,P0_other,0,3,open,0,24.420000076293945,24.420000076293945,2025-09-05,0.0,,auto,2025-09-05T22:13:02Z
2025-09-05,BAX,Unknown,other,P0_other,0,5,open,0,24.420000076293945,24.420000076293945,2025-09-05,0.0,,auto,2025-09-05T22:13:02Z
2025-09-05,BAX,Unknown,other,P0_other,0,10,open,0,24.420000076293945,24.420000076293945,2025-09-05,0.0,,auto,2025-09-05T22:13:02Z
2025-09-05,BAX,Unknown,other,P0_other,0,20,open,0,24.420000076293945,24.420000076293945,2025-09-05,0.0,,auto,2025-09-05T22:13:02Z
2025-09-05,BDX,Unknown,other,P0_other,0,1,open,0,192.38999938964844,192.38999938964844,2025-09-05,0.0,,auto,2025-09-05T22:13:02Z
2025-09-05,BDX,Unknown,other,P0_other,0,3,open,0,192.38999938964844,192.38999938964844,2025-09-05,0.0,,auto,2025-09-05T22:13:02Z
2025-09-05,BDX,Unknown,other,P0_other,0,5,open,0,192.38999938964844,192.38999938964844,2025-09-05,0.0,,auto,2025-09-05T22:13:02Z
2025-09-05,BDX,Unknown,other,P0_other,0,10,open,0,192.38999938964844,192.38999938964844,2025-09-05,0.0,,auto,2025-09-05T22:13:02Z
2025-09-05,BDX,Unknown,other,P0_other,0,20,open,0,192.38999938964844,192.38999938964844,2025-09-05,0.0,,auto,2025-09-05T22:13:02Z
2025-09-05,BHF,Unknown,other,P0_other,0,1,open,0,43.36000061035156,43.36000061035156,2025-09-05,0.0,,auto,2025-09-05T22:13:02Z
2025-09-05,BHF,Unknown,other,P0_other,0,3,open,0,43.36000061035156,43.36000061035156,2025-09-05,0.0,,auto,2025-09-05T22:13:02Z
2025-09-05,BHF,Unknown,other,P0_other,0,5,open,0,43.36000061035156,43.36000061035156,2025-09-05,0.0,,auto,2025-09-05T22:13:02Z
2025-09-05,BHF,Unknown,other,P0_other,0,10,open,0,43.36000061035156,43.36000061035156,2025-09-05,0.0,,auto,2025-09-05T22:13:02Z
2025-09-05,BHF,Unknown,other,P0_other,0,20,open,0,43.36000061035156,43.36000061035156,2025-09-05,0.0,,auto,2025-09-05T22:13:02Z
2025-09-05,BIIB,Unknown,pre_signal,P0_other,0,1,open,0,140.6699981689453,140.6699981689453,2025-09-05,0.0,,auto,2025-09-05T22:13:02Z
2025-09-05,BIIB,Unknown,pre_signal,P0_other,0,3,open,0,140.6699981689453,140.6699981689453,2025-09-05,0.0,,auto,2025-09-05T22:13:02Z
2025-09-05,BIIB,Unknown,pre_signal,P0_other,0,5,open,0,140.6699981689453,140.6699981689453,2025-09-05,0.0,,auto,2025-09-05T22:13:02Z
2025-09-05,BIIB,Unknown,pre_signal,P0_other,0,10,open,0,140.6699981689453,140.6699981689453,2025-09-05,0.0,,auto,2025-09-05T22:13:02Z
2025-09-05,BIIB,Unknown,pre_signal,P0_other,0,20,open,0,140.6699981689453,140.6699981689453,2025-09-05,0.0,,auto,2025-09-05T22:13:02Z
2025-09-05,BILL,Unknown,pre_signal,P0_other,0,1,open,0,51.540000915527344,51.540000915527344,2025-09-05,0.0,,auto,2025-09-05T22:13:02Z
2025-09-05,BILL,Unknown,pre_signal,P0_other,0,3,open,0,51.540000915527344,51.540000915527344,2025-09-05,0.0,,auto,2025-09-05T22:13:02Z
2025-09-05,BILL,Unknown,pre_signal,P0_other,0,5,open,0,51.540000915527344,51.540000915527344,2025-09-05,0.0,,auto,2025-09-05T22:13:02Z
2025-09-05,BILL,Unknown,pre_signal,P0_other,0,10,open,0,51.540000915527344,51.540000915527344,2025-09-05,0.0,,auto,2025-09-05T22:13:02Z
2025-09-05,BILL,Unknown,pre_signal,P0_other,0,20,open,0,51.540000915527344,51.540000915527344,2025-09-05,0.0,,auto,2025-09-05T22:13:02Z
2025-09-05,BIO,Unknown,pre_signal,P0_other,0,1,open,0,295.42999267578125,295.42999267578125,2025-09-05,0.0,,auto,2025-09-05T22:13:02Z
2025-09-05,BIO,Unknown,pre_signal,P0_other,0,3,open,0,295.42999267578125,295.42999267578125,2025-09-05,0.0,,auto,2025-09-05T22:13:02Z
2025-09-05,BIO,Unknown,pre_signal,P0_other,0,5,open,0,295.42999267578125,295.42999267578125,2025-09-05,0.0,,auto,2025-09-05T22:13:02Z
2025-09-05,BIO,Unknown,pre_signal,P0_other,0,10,open,0,295.42999267578125,295.42999267578125,2025-09-05,0.0,,auto,2025-09-05T22:13:02Z
2025-09-05,BIO,Unknown,pre_signal,P0_other,0,20,open,0,295.42999267578125,295.42999267578125,2025-09-05,0.0,,auto,2025-09-05T22:13:02Z
2025-09-05,BK,Unknown,other,P0_other,0,1,open,0,103.69000244140625,103.69000244140625,2025-09-05,0.0,,auto,2025-09-05T22:13:02Z
2025-09-05,BK,Unknown,other,P0_other,0,3,open,0,103.69000244140625,103.69000244140625,2025-09-05,0.0,,auto,2025-09-05T22:13:02Z
2025-09-05,BK,Unknown,other,P0_other,0,5,open,0,103.69000244140625,103.69000244140625,2025-09-05,0.0,,auto,2025-09-05T22:13:02Z
2025-09-05,BK,Unknown,other,P0_other,0,10,open,0,103.69000244140625,103.69000244140625,2025-09-05,0.0,,auto,2025-09-05T22:13:02Z
2025-09-05,BK,Unknown,other,P0_other,0,20,open,0,103.69000244140625,103.69000244140625,2025-09-05,0.0,,auto,2025-09-05T22:13:02Z
2025-09-05,BLDR,Unknown,pre_signal,P0_other,0,1,open,0,149.2100067138672,149.2100067138672,2025-09-05,0.0,,auto,2025-09-05T22:13:02Z
2025-09-05,BLDR,Unknown,pre_signal,P0_other,0,3,open,0,149.2100067138672,149.2100067138672,2025-09-05,0.0,,auto,2025-09-05T22:13:02Z
2025-09-05,BLDR,Unknown,pre_signal,P0_other,0,5,open,0,149.2100067138672,149.2100067138672,2025-09-05,0.0,,auto,2025-09-05T22:13:02Z
2025-09-05,BLDR,Unknown,pre_signal,P0_other,0,10,open,0,149.2100067138672,149.2100067138672,2025-09-05,0.0,,auto,2025-09-05T22:13:02Z
2025-09-05,BLDR,Unknown,pre_signal,P0_other,0,20,open,0,149.2100067138672,149.2100067138672,2025-09-05,0.0,,auto,2025-09-05T22:13:02Z
2025-09-05,BLK,Unknown,other,P0_other,0,1,open,0,1099.1500244140625,1099.1500244140625,2025-09-05,0.0,,auto,2025-09-05T22:13:02Z
2025-09-05,BLK,Unknown,other,P0_other,0,3,open,0,1099.1500244140625,1099.1500244140625,2025-09-05,0.0,,auto,2025-09-05T22:13:02Z
2025-09-05,BLK,Unknown,other,P0_other,0,5,open,0,1099.1500244140625,1099.1500244140625,2025-09-05,0.0,,auto,2025-09-05T22:13:02Z
2025-09-05,BLK,Unknown,other,P0_other,0,10,open,0,1099.1500244140625,1099.1500244140625,2025-09-05,0.0,,auto,2025-09-05T22:13:02Z
2025-09-05,BLK,Unknown,other,P0_other,0,20,open,0,1099.1500244140625,1099.1500244140625,2025-09-05,0.0,,auto,2025-09-05T22:13:02Z
2025-09-05,BMRN,Unknown,other,P0_other,0,1,open,0,57.77000045776367,57.77000045776367,2025-09-05,0.0,,auto,2025-09-05T22:13:02Z
2025-09-05,BMRN,Unknown,other,P0_other,0,3,open,0,57.77000045776367,57.77000045776367,2025-09-05,0.0,,auto,2025-09-05T22:13:02Z
2025-09-05,BMRN,Unknown,other,P0_other,0,5,open,0,57.77000045776367,57.77000045776367,2025-09-05,0.0,,auto,2025-09-05T22:13:02Z
2025-09-05,BMRN,Unknown,other,P0_other,0,10,open,0,57.77000045776367,57.77000045776367,2025-09-05,0.0,,auto,2025-09-05T22:13:02Z
2025-09-05,BMRN,Unknown,other,P0_other,0,20,open,0,57.77000045776367,57.77000045776367,2025-09-05,0.0,,auto,2025-09-05T22:13:02Z
2025-09-05,BMY,Unknown,other,P0_other,0,1,open,0,47.13999938964844,47.13999938964844,2025-09-05,0.0,,auto,2025-09-05T22:13:02Z
2025-09-05,BMY,Unknown,other,P0_other,0,3,open,0,47.13999938964844,47.13999938964844,2025-09-05,0.0,,auto,2025-09-05T22:13:02Z
2025-09-05,BMY,Unknown,other,P0_other,0,5,open,0,47.13999938964844,47.13999938964844,2025-09-05,0.0,,auto,2025-09-05T22:13:02Z
2025-09-05,BMY,Unknown,other,P0_other,0,10,open,0,47.13999938964844,47.13999938964844,2025-09-05,0.0,,auto,2025-09-05T22:13:02Z
2025-09-05,BMY,Unknown,other,P0_other,0,20,open,0,47.13999938964844,47.13999938964844,2025-09-05,0.0,,auto,2025-09-05T22:13:02Z
2025-09-05,BOKF,Unknown,pre_signal,P0_other,0,1,open,0,112.81999969482422,112.81999969482422,2025-09-05,0.0,,auto,2025-09-05T22:13:02Z
2025-09-05,BOKF,Unknown,pre_signal,P0_other,0,3,open,0,112.81999969482422,112.81999969482422,2025-09-05,0.0,,auto,2025-09-05T22:13:02Z
2025-09-05,BOKF,Unknown,pre_signal,P0_other,0,5,open,0,112.81999969482422,112.81999969482422,2025-09-05,0.0,,auto,2025-09-05T22:13:02Z
2025-09-05,BOKF,Unknown,pre_signal,P0_other,0,10,open,0,112.81999969482422,112.81999969482422,2025-09-05,0.0,,auto,2025-09-05T22:13:02Z
2025-09-05,BOKF,Unknown,pre_signal,P0_other,0,20,open,0,112.81999969482422,112.81999969482422,2025-09-05,0.0,,auto,2025-09-05T22:13:02Z
2025-09-05,BR,Unknown,other,P0_other,0,1,open,0,251.02000427246094,251.02000427246094,2025-09-05,0.0,,auto,2025-09-05T22:13:02Z
2025-09-05,BR,Unknown,other,P0_other,0,3,open,0,251.02000427246094,251.02000427246094,2025-09-05,0.0,,auto,2025-09-05T22:13:02Z
2025-09-05,BR,Unknown,other,P0_other,0,5,open,0,251.02000427246094,251.02000427246094,2025-09-05,0.0,,auto,2025-09-05T22:13:02Z
2025-09-05,BR,Unknown,other,P0_other,0,10,open,0,251.02000427246094,251.02000427246094,2025-09-05,0.0,,auto,2025-09-05T22:13:02Z
2025-09-05,BR,Unknown,other,P0_other,0,20,open,0,251.02000427246094,251.02000427246094,2025-09-05,0.0,,auto,2025-09-05T22:13:02Z
2025-09-05,BRK-B,Unknown,pre_signal,P0_other,0,1,open,0,499.7699890136719,499.7699890136719,2025-09-05,0.0,,auto,2025-09-05T22:13:02Z
2025-09-05,BRK-B,Unknown,pre_signal,P0_other,0,3,open,0,499.7699890136719,499.7699890136719,2025-09-05,0.0,,auto,2025-09-05T22:13:02Z
2025-09-05,BRK-B,Unknown,pre_signal,P0_other,0,5,open,0,499.7699890136719,499.7699890136719,2025-09-05,0.0,,auto,2025-09-05T22:13:02Z
2025-09-05,BRK-B,Unknown,pre_signal,P0_other,0,10,open,0,499.7699890136719,499.7699890136719,2025-09-05,0.0,,auto,2025-09-05T22:13:02Z
2025-09-05,BRK-B,Unknown,pre_signal,P0_other,0,20,open,0,499.7699890136719,499.7699890136719,2025-09-05,0.0,,auto,2025-09-05T22:13:02Z
2025-09-05,BRKR,Unknown,other,P0_other,0,1,open,0,30.829999923706055,30.829999923706055,2025-09-05,0.0,,auto,2025-09-05T22:13:02Z
2025-09-05,BRKR,Unknown,other,P0_other,0,3,open,0,30.829999923706055,30.829999923706055,2025-09-05,0.0,,auto,2025-09-05T22:13:02Z
2025-09-05,BRKR,Unknown,other,P0_other,0,5,open,0,30.829999923706055,30.829999923706055,2025-09-05,0.0,,auto,2025-09-05T22:13:02Z
2025-09-05,BRKR,Unknown,other,P0_other,0,10,open,0,30.829999923706055,30.829999923706055,2025-09-05,0.0,,auto,2025-09-05T22:13:02Z
2025-09-05,BRKR,Unknown,other,P0_other,0,20,open,0,30.829999923706055,30.829999923706055,2025-09-05,0.0,,auto,2025-09-05T22:13:02Z
2025-09-05,BRO,Unknown,other,P0_other,0,1,open,0,94.79000091552734,94.79000091552734,2025-09-05,0.0,,auto,2025-09-05T22:13:02Z
2025-09-05,BRO,Unknown,other,P0_other,0,3,open,0,94.79000091552734,94.79000091552734,2025-09-05,0.0,,auto,2025-09-05T22:13:02Z
2025-09-05,BRO,Unknown,other,P0_other,0,5,open,0,94.79000091552734,94.79000091552734,2025-09-05,0.0,,auto,2025-09-05T22:13:02Z
2025-09-05,BRO,Unknown,other,P0_other,0,10,open,0,94.79000091552734,94.79000091552734,2025-09-05,0.0,,auto,2025-09-05T22:13:02Z
2025-09-05,BRO,Unknown,other,P0_other,0,20,open,0,94.79000091552734,94.79000091552734,2025-09-05,0.0,,auto,2025-09-05T22:13:02Z
2025-09-05,BSX,Unknown,pre_signal,P0_other,0,1,open,0,107.22000122070312,107.22000122070312,2025-09-05,0.0,,auto,2025-09-05T22:13:02Z
2025-09-05,BSX,Unknown,pre_signal,P0_other,0,3,open,0,107.22000122070312,107.22000122070312,2025-09-05,0.0,,auto,2025-09-05T22:13:02Z
2025-09-05,BSX,Unknown,pre_signal,P0_other,0,5,open,0,107.22000122070312,107.22000122070312,2025-09-05,0.0,,auto,2025-09-05T22:13:02Z
2025-09-05,BSX,Unknown,pre_signal,P0_other,0,10,open,0,107.22000122070312,107.22000122070312,2025-09-05,0.0,,auto,2025-09-05T22:13:02Z
2025-09-05,BSX,Unknown,pre_signal,P0_other,0,20,open,0,107.22000122070312,107.22000122070312,2025-09-05,0.0,,auto,2025-09-05T22:13:02Z
2025-09-05,BSY,Unknown,other,P0_other,0,1,open,0,53.79999923706055,53.79999923706055,2025-09-05,0.0,,auto,2025-09-05T22:13:02Z
2025-09-05,BSY,Unknown,other,P0_other,0,3,open,0,53.79999923706055,53.79999923706055,2025-09-05,0.0,,auto,2025-09-05T22:13:02Z
2025-09-05,BSY,Unknown,other,P0_other,0,5,open,0,53.79999923706055,53.79999923706055,2025-09-05,0.0,,auto,2025-09-05T22:13:02Z
2025-09-05,BSY,Unknown,other,P0_other,0,10,open,0,53.79999923706055,53.79999923706055,2025-09-05,0.0,,auto,2025-09-05T22:13:02Z
2025-09-05,BSY,Unknown,other,P0_other,0,20,open,0,53.79999923706055,53.79999923706055,2025-09-05,0.0,,auto,2025-09-05T22:13:02Z
2025-09-05,BWXT,Unknown,other,P0_other,0,1,open,0,163.63999938964844,163.63999938964844,2025-09-05,0.0,,auto,2025-09-05T22:13:02Z
2025-09-05,BWXT,Unknown,other,P0_other,0,3,open,0,163.63999938964844,163.63999938964844,2025-09-05,0.0,,auto,2025-09-05T22:13:02Z
2025-09-05,BWXT,Unknown,other,P0_other,0,5,open,0,163.63999938964844,163.63999938964844,2025-09-05,0.0,,auto,2025-09-05T22:13:02Z
2025-09-05,BWXT,Unknown,other,P0_other,0,10,open,0,163.63999938964844,163.63999938964844,2025-09-05,0.0,,auto,2025-09-05T22:13:02Z
2025-09-05,BWXT,Unknown,other,P0_other,0,20,open,0,163.63999938964844,163.63999938964844,2025-09-05,0.0,,auto,2025-09-05T22:13:02Z
2025-09-05,BX,Unknown,pre_signal,P0_other,0,1,open,0,169.99000549316406,169.99000549316406,2025-09-05,0.0,,auto,2025-09-05T22:13:02Z
2025-09-05,BX,Unknown,pre_signal,P0_other,0,3,open,0,169.99000549316406,169.99000549316406,2025-09-05,0.0,,auto,2025-09-05T22:13:02Z
2025-09-05,BX,Unknown,pre_signal,P0_other,0,5,open,0,169.99000549316406,169.99000549316406,2025-09-05,0.0,,auto,2025-09-05T22:13:02Z
2025-09-05,BX,Unknown,pre_signal,P0_other,0,10,open,0,169.99000549316406,169.99000549316406,2025-09-05,0.0,,auto,2025-09-05T22:13:02Z
2025-09-05,BX,Unknown,pre_signal,P0_other,0,20,open,0,169.99000549316406,169.99000549316406,2025-09-05,0.0,,auto,2025-09-05T22:13:02Z
2025-09-05,CACI,Unknown,other,P0_other,0,1,open,0,474.45001220703125,474.45001220703125,2025-09-05,0.0,,auto,2025-09-05T22:13:02Z
2025-09-05,CACI,Unknown,other,P0_other,0,3,open,0,474.45001220703125,474.45001220703125,2025-09-05,0.0,,auto,2025-09-05T22:13:02Z
2025-09-05,CACI,Unknown,other,P0_other,0,5,open,0,474.45001220703125,474.45001220703125,2025-09-05,0.0,,auto,2025-09-05T22:13:02Z
2025-09-05,CACI,Unknown,other,P0_other,0,10,open,0,474.45001220703125,474.45001220703125,2025-09-05,0.0,,auto,2025-09-05T22:13:02Z
2025-09-05,CACI,Unknown,other,P0_other,0,20,open,0,474.45001220703125,474.45001220703125,2025-09-05,0.0,,auto,2025-09-05T22:13:02Z
2025-09-05,CAH,Unknown,other,P0_other,0,1,open,0,149.55999755859375,149.55999755859375,2025-09-05,0.0,,auto,2025-09-05T22:13:02Z
2025-09-05,CAH,Unknown,other,P0_other,0,3,open,0,149.55999755859375,149.55999755859375,2025-09-05,0.0,,auto,2025-09-05T22:13:02Z
2025-09-05,CAH,Unknown,other,P0_other,0,5,open,0,149.55999755859375,149.55999755859375,2025-09-05,0.0,,auto,2025-09-05T22:13:02Z
2025-09-05,CAH,Unknown,other,P0_other,0,10,open,0,149.55999755859375,149.55999755859375,2025-09-05,0.0,,auto,2025-09-05T22:13:02Z
2025-09-05,CAH,Unknown,other,P0_other,0,20,open,0,149.55999755859375,149.55999755859375,2025-09-05,0.0,,auto,2025-09-05T22:13:02Z
2025-09-05,CAR,Unknown,other,P0_other,0,1,open,0,156.27999877929688,156.27999877929688,2025-09-05,0.0,,auto,2025-09-05T22:13:02Z
2025-09-05,CAR,Unknown,other,P0_other,0,3,open,0,156.27999877929688,156.27999877929688,2025-09-05,0.0,,auto,2025-09-05T22:13:02Z
2025-09-05,CAR,Unknown,other,P0_other,0,5,open,0,156.27999877929688,156.27999877929688,2025-09-05,0.0,,auto,2025-09-05T22:13:02Z
2025-09-05,CAR,Unknown,other,P0_other,0,10,open,0,156.27999877929688,156.27999877929688,2025-09-05,0.0,,auto,2025-09-05T22:13:02Z
2025-09-05,CAR,Unknown,other,P0_other,0,20,open,0,156.27999877929688,156.27999877929688,2025-09-05,0.0,,auto,2025-09-05T22:13:02Z
2025-09-05,CARR,Unknown,other,P0_other,0,1,open,0,65.51000213623047,65.51000213623047,2025-09-05,0.0,,auto,2025-09-05T22:13:02Z
2025-09-05,CARR,Unknown,other,P0_other,0,3,open,0,65.51000213623047,65.51000213623047,2025-09-05,0.0,,auto,2025-09-05T22:13:02Z
2025-09-05,CARR,Unknown,other,P0_other,0,5,open,0,65.51000213623047,65.51000213623047,2025-09-05,0.0,,auto,2025-09-05T22:13:02Z
2025-09-05,CARR,Unknown,other,P0_other,0,10,open,0,65.51000213623047,65.51000213623047,2025-09-05,0.0,,auto,2025-09-05T22:13:02Z
2025-09-05,CARR,Unknown,other,P0_other,0,20,open,0,65.51000213623047,65.51000213623047,2025-09-05,0.0,,auto,2025-09-05T22:13:02Z
2025-09-05,CAT,Unknown,pre_signal,P0_other,0,1,open,0,423.0799865722656,423.0799865722656,2025-09-05,0.0,,auto,2025-09-05T22:13:02Z
2025-09-05,CAT,Unknown,pre_signal,P0_other,0,3,open,0,423.0799865722656,423.0799865722656,2025-09-05,0.0,,auto,2025-09-05T22:13:02Z
2025-09-05,CAT,Unknown,pre_signal,P0_other,0,5,open,0,423.0799865722656,423.0799865722656,2025-09-05,0.0,,auto,2025-09-05T22:13:02Z
2025-09-05,CAT,Unknown,pre_signal,P0_other,0,10,open,0,423.0799865722656,423.0799865722656,2025-09-05,0.0,,auto,2025-09-05T22:13:02Z
2025-09-05,CAT,Unknown,pre_signal,P0_other,0,20,open,0,423.0799865722656,423.0799865722656,2025-09-05,0.0,,auto,2025-09-05T22:13:02Z
2025-09-05,CB,Unknown,other,P0_other,0,1,open,0,277.3800048828125,277.3800048828125,2025-09-05,0.0,,auto,2025-09-05T22:13:02Z
2025-09-05,CB,Unknown,other,P0_other,0,3,open,0,277.3800048828125,277.3800048828125,2025-09-05,0.0,,auto,2025-09-05T22:13:02Z
2025-09-05,CB,Unknown,other,P0_other,0,5,open,0,277.3800048828125,277.3800048828125,2025-09-05,0.0,,auto,2025-09-05T22:13:02Z
2025-09-05,CB,Unknown,other,P0_other,0,10,open,0,277.3800048828125,277.3800048828125,2025-09-05,0.0,,auto,2025-09-05T22:13:02Z
2025-09-05,CB,Unknown,other,P0_other,0,20,open,0,277.3800048828125,277.3800048828125,2025-09-05,0.0,,auto,2025-09-05T22:13:02Z
2025-09-05,CBOE,Unknown,other,P0_other,0,1,open,0,232.5800018310547,232.5800018310547,2025-09-05,0.0,,auto,2025-09-05T22:13:02Z
2025-09-05,CBOE,Unknown,other,P0_other,0,3,open,0,232.5800018310547,232.5800018310547,2025-09-05,0.0,,auto,2025-09-05T22:13:02Z
2025-09-05,CBOE,Unknown,other,P0_other,0,5,open,0,232.5800018310547,232.5800018310547,2025-09-05,0.0,,auto,2025-09-05T22:13:02Z
2025-09-05,CBOE,Unknown,other,P0_other,0,10,open,0,232.5800018310547,232.5800018310547,2025-09-05,0.0,,auto,2025-09-05T22:13:02Z
2025-09-05,CBOE,Unknown,other,P0_other,0,20,open,0,232.5800018310547,232.5800018310547,2025-09-05,0.0,,auto,2025-09-05T22:13:02Z
2025-09-05,CCCS,Unknown,pre_signal,P0_other,0,1,open,0,9.829999923706055,9.829999923706055,2025-09-05,0.0,,auto,2025-09-05T22:13:02Z
2025-09-05,CCCS,Unknown,pre_signal,P0_other,0,3,open,0,9.829999923706055,9.829999923706055,2025-09-05,0.0,,auto,2025-09-05T22:13:02Z
2025-09-05,CCCS,Unknown,pre_signal,P0_other,0,5,open,0,9.829999923706055,9.829999923706055,2025-09-05,0.0,,auto,2025-09-05T22:13:02Z
2025-09-05,CCCS,Unknown,pre_signal,P0_other,0,10,open,0,9.829999923706055,9.829999923706055,2025-09-05,0.0,,auto,2025-09-05T22:13:02Z
2025-09-05,CCCS,Unknown,pre_signal,P0_other,0,20,open,0,9.829999923706055,9.829999923706055,2025-09-05,0.0,,auto,2025-09-05T22:13:02Z
2025-09-05,CDNS,Unknown,pre_signal,P0_other,0,1,open,0,351.010009765625,351.010009765625,2025-09-05,0.0,,auto,2025-09-05T22:13:02Z
2025-09-05,CDNS,Unknown,pre_signal,P0_other,0,3,open,0,351.010009765625,351.010009765625,2025-09-05,0.0,,auto,2025-09-05T22:13:02Z
2025-09-05,CDNS,Unknown,pre_signal,P0_other,0,5,open,0,351.010009765625,351.010009765625,2025-09-05,0.0,,auto,2025-09-05T22:13:02Z
2025-09-05,CDNS,Unknown,pre_signal,P0_other,0,10,open,0,351.010009765625,351.010009765625,2025-09-05,0.0,,auto,2025-09-05T22:13:02Z
2025-09-05,CDNS,Unknown,pre_signal,P0_other,0,20,open,0,351.010009765625,351.010009765625,2025-09-05,0.0,,auto,2025-09-05T22:13:02Z
2025-09-05,CDW,Unknown,other,P0_other,0,1,open,0,169.72999572753906,169.72999572753906,2025-09-05,0.0,,auto,2025-09-05T22:13:02Z
2025-09-05,CDW,Unknown,other,P0_other,0,3,open,0,169.72999572753906,169.72999572753906,2025-09-05,0.0,,auto,2025-09-05T22:13:02Z
2025-09-05,CDW,Unknown,other,P0_other,0,5,open,0,169.72999572753906,169.72999572753906,2025-09-05,0.0,,auto,2025-09-05T22:13:02Z
2025-09-05,CDW,Unknown,other,P0_other,0,10,open,0,169.72999572753906,169.72999572753906,2025-09-05,0.0,,auto,2025-09-05T22:13:02Z
2025-09-05,CDW,Unknown,other,P0_other,0,20,open,0,169.72999572753906,169.72999572753906,2025-09-05,0.0,,auto,2025-09-05T22:13:02Z
2025-09-05,CERT,Unknown,other,P0_other,0,1,open,0,10.520000457763672,10.520000457763672,2025-09-05,0.0,,auto,2025-09-05T22:13:02Z
2025-09-05,CERT,Unknown,other,P0_other,0,3,open,0,10.520000457763672,10.520000457763672,2025-09-05,0.0,,auto,2025-09-05T22:13:02Z
2025-09-05,CERT,Unknown,other,P0_other,0,5,open,0,10.520000457763672,10.520000457763672,2025-09-05,0.0,,auto,2025-09-05T22:13:02Z
2025-09-05,CERT,Unknown,other,P0_other,0,10,open,0,10.520000457763672,10.520000457763672,2025-09-05,0.0,,auto,2025-09-05T22:13:02Z
2025-09-05,CERT,Unknown,other,P0_other,0,20,open,0,10.520000457763672,10.520000457763672,2025-09-05,0.0,,auto,2025-09-05T22:13:02Z
2025-09-05,CG,Unknown,other,P0_other,0,1,open,0,63.75,63.75,2025-09-05,0.0,,auto,2025-09-05T22:13:02Z
2025-09-05,CG,Unknown,other,P0_other,0,3,open,0,63.75,63.75,2025-09-05,0.0,,auto,2025-09-05T22:13:02Z
2025-09-05,CG,Unknown,other,P0_other,0,5,open,0,63.75,63.75,2025-09-05,0.0,,auto,2025-09-05T22:13:02Z
2025-09-05,CG,Unknown,other,P0_other,0,10,open,0,63.75,63.75,2025-09-05,0.0,,auto,2025-09-05T22:13:02Z
2025-09-05,CG,Unknown,other,P0_other,0,20,open,0,63.75,63.75,2025-09-05,0.0,,auto,2025-09-05T22:13:02Z
2025-09-05,CHRW,Unknown,other,P0_other,0,1,open,0,126.12999725341797,126.12999725341797,2025-09-05,0.0,,auto,2025-09-05T22:13:02Z
2025-09-05,CHRW,Unknown,other,P0_other,0,3,open,0,126.12999725341797,126.12999725341797,2025-09-05,0.0,,auto,2025-09-05T22:13:02Z
2025-09-05,CHRW,Unknown,other,P0_other,0,5,open,0,126.12999725341797,126.12999725341797,2025-09-05,0.0,,auto,2025-09-05T22:13:02Z
2025-09-05,CHRW,Unknown,other,P0_other,0,10,open,0,126.12999725341797,126.12999725341797,2025-09-05,0.0,,auto,2025-09-05T22:13:02Z
2025-09-05,CHRW,Unknown,other,P0_other,0,20,open,0,126.12999725341797,126.12999725341797,2025-09-05,0.0,,auto,2025-09-05T22:13:02Z
2025-09-05,CI,Unknown,pre_signal,P0_other,0,1,open,0,305.30999755859375,305.30999755859375,2025-09-05,0.0,,auto,2025-09-05T22:13:02Z
2025-09-05,CI,Unknown,pre_signal,P0_other,0,3,open,0,305.30999755859375,305.30999755859375,2025-09-05,0.0,,auto,2025-09-05T22:13:02Z
2025-09-05,CI,Unknown,pre_signal,P0_other,0,5,open,0,305.30999755859375,305.30999755859375,2025-09-05,0.0,,auto,2025-09-05T22:13:02Z
2025-09-05,CI,Unknown,pre_signal,P0_other,0,10,open,0,305.30999755859375,305.30999755859375,2025-09-05,0.0,,auto,2025-09-05T22:13:02Z
2025-09-05,CI,Unknown,pre_signal,P0_other,0,20,open,0,305.30999755859375,305.30999755859375,2025-09-05,0.0,,auto,2025-09-05T22:13:02Z
2025-09-05,CIEN,Unknown,pre_signal,P0_other,0,1,open,0,116.69000244140625,116.69000244140625,2025-09-05,0.0,,auto,2025-09-05T22:13:02Z
2025-09-05,CIEN,Unknown,pre_signal,P0_other,0,3,open,0,116.69000244140625,116.69000244140625,2025-09-05,0.0,,auto,2025-09-05T22:13:02Z
2025-09-05,CIEN,Unknown,pre_signal,P0_other,0,5,open,0,116.69000244140625,116.69000244140625,2025-09-05,0.0,,auto,2025-09-05T22:13:02Z
2025-09-05,CIEN,Unknown,pre_signal,P0_other,0,10,open,0,116.69000244140625,116.69000244140625,2025-09-05,0.0,,auto,2025-09-05T22:13:02Z
2025-09-05,CIEN,Unknown,pre_signal,P0_other,0,20,open,0,116.69000244140625,116.69000244140625,2025-09-05,0.0,,auto,2025-09-05T22:13:02Z
2025-09-05,CINF,Unknown,other,P0_other,0,1,open,0,153.36000061035156,153.36000061035156,2025-09-05,0.0,,auto,2025-09-05T22:13:02Z
2025-09-05,CINF,Unknown,other,P0_other,0,3,open,0,153.36000061035156,153.36000061035156,2025-09-05,0.0,,auto,2025-09-05T22:13:02Z
2025-09-05,CINF,Unknown,other,P0_other,0,5,open,0,153.36000061035156,153.36000061035156,2025-09-05,0.0,,auto,2025-09-05T22:13:02Z
2025-09-05,CINF,Unknown,other,P0_other,0,10,open,0,153.36000061035156,153.36000061035156,2025-09-05,0.0,,auto,2025-09-05T22:13:02Z
2025-09-05,CINF,Unknown,other,P0_other,0,20,open,0,153.36000061035156,153.36000061035156,2025-09-05,0.0,,auto,2025-09-05T22:13:02Z
2025-09-05,CNC,Unknown,other,P0_other,0,1,open,0,28.979999542236328,28.979999542236328,2025-09-05,0.0,,auto,2025-09-05T22:13:02Z
2025-09-05,CNC,Unknown,other,P0_other,0,3,open,0,28.979999542236328,28.979999542236328,2025-09-05,0.0,,auto,2025-09-05T22:13:02Z
2025-09-05,CNC,Unknown,other,P0_other,0,5,open,0,28.979999542236328,28.979999542236328,2025-09-05,0.0,,auto,2025-09-05T22:13:02Z
2025-09-05,CNC,Unknown,other,P0_other,0,10,open,0,28.979999542236328,28.979999542236328,2025-09-05,0.0,,auto,2025-09-05T22:13:02Z
2025-09-05,CNC,Unknown,other,P0_other,0,20,open,0,28.979999542236328,28.979999542236328,2025-09-05,0.0,,auto,2025-09-05T22:13:02Z
2025-09-05,COF,Unknown,pre_signal,P0_other,0,1,open,0,221.52999877929688,221.52999877929688,2025-09-05,0.0,,auto,2025-09-05T22:13:02Z
2025-09-05,COF,Unknown,pre_signal,P0_other,0,3,open,0,221.52999877929688,221.52999877929688,2025-09-05,0.0,,auto,2025-09-05T22:13:02Z
2025-09-05,COF,Unknown,pre_signal,P0_other,0,5,open,0,221.52999877929688,221.52999877929688,2025-09-05,0.0,,auto,2025-09-05T22:13:02Z
2025-09-05,COF,Unknown,pre_signal,P0_other,0,10,open,0,221.52999877929688,221.52999877929688,2025-09-05,0.0,,auto,2025-09-05T22:13:02Z
2025-09-05,COF,Unknown,pre_signal,P0_other,0,20,open,0,221.52999877929688,221.52999877929688,2025-09-05,0.0,,auto,2025-09-05T22:13:02Z
2025-09-05,COR,Unknown,other,P0_other,0,1,open,0,292.5,292.5,2025-09-05,0.0,,auto,2025-09-05T22:13:02Z
2025-09-05,COR,Unknown,other,P0_other,0,3,open,0,292.5,292.5,2025-09-05,0.0,,auto,2025-09-05T22:13:02Z
2025-09-05,COR,Unknown,other,P0_other,0,5,open,0,292.5,292.5,2025-09-05,0.0,,auto,2025-09-05T22:13:02Z
2025-09-05,COR,Unknown,other,P0_other,0,10,open,0,292.5,292.5,2025-09-05,0.0,,auto,2025-09-05T22:13:02Z
2025-09-05,COR,Unknown,other,P0_other,0,20,open,0,292.5,292.5,2025-09-05,0.0,,auto,2025-09-05T22:13:02Z
2025-09-05,CRL,Unknown,pre_signal,P0_other,0,1,open,0,163.99000549316406,163.99000549316406,2025-09-05,0.0,,auto,2025-09-05T22:13:02Z
2025-09-05,CRL,Unknown,pre_signal,P0_other,0,3,open,0,163.99000549316406,163.99000549316406,2025-09-05,0.0,,auto,2025-09-05T22:13:02Z
2025-09-05,CRL,Unknown,pre_signal,P0_other,0,5,open,0,163.99000549316406,163.99000549316406,2025-09-05,0.0,,auto,2025-09-05T22:13:02Z
2025-09-05,CRL,Unknown,pre_signal,P0_other,0,10,open,0,163.99000549316406,163.99000549316406,2025-09-05,0.0,,auto,2025-09-05T22:13:02Z
2025-09-05,CRL,Unknown,pre_signal,P0_other,0,20,open,0,163.99000549316406,163.99000549316406,2025-09-05,0.0,,auto,2025-09-05T22:13:02Z
2025-09-05,CSL,Unknown,pre_signal,P0_other,0,1,open,0,396.20001220703125,396.20001220703125,2025-09-05,0.0,,auto,2025-09-05T22:13:02Z
2025-09-05,CSL,Unknown,pre_signal,P0_other,0,3,open,0,396.20001220703125,396.20001220703125,2025-09-05,0.0,,auto,2025-09-05T22:13:02Z
2025-09-05,CSL,Unknown,pre_signal,P0_other,0,5,open,0,396.20001220703125,396.20001220703125,2025-09-05,0.0,,auto,2025-09-05T22:13:02Z
2025-09-05,CSL,Unknown,pre_signal,P0_other,0,10,open,0,396.20001220703125,396.20001220703125,2025-09-05,0.0,,auto,2025-09-05T22:13:02Z
2025-09-05,CSL,Unknown,pre_signal,P0_other,0,20,open,0,396.20001220703125,396.20001220703125,2025-09-05,0.0,,auto,2025-09-05T22:13:02Z
2025-09-05,DOX,Unknown,other,P0_other,0,1,open,0,86.0,86.0,2025-09-05,0.0,,auto,2025-09-05T22:13:02Z
2025-09-05,DOX,Unknown,other,P0_other,0,3,open,0,86.0,86.0,2025-09-05,0.0,,auto,2025-09-05T22:13:02Z
2025-09-05,DOX,Unknown,other,P0_other,0,5,open,0,86.0,86.0,2025-09-05,0.0,,auto,2025-09-05T22:13:02Z
2025-09-05,DOX,Unknown,other,P0_other,0,10,open,0,86.0,86.0,2025-09-05,0.0,,auto,2025-09-05T22:13:02Z
2025-09-05,DOX,Unknown,other,P0_other,0,20,open,0,86.0,86.0,2025-09-05,0.0,,auto,2025-09-05T22:13:02Z
2025-09-05,MMM,Unknown,pre_signal,P0_other,0,1,open,0,155.3000030517578,155.3000030517578,2025-09-05,0.0,,auto,2025-09-05T22:13:02Z
2025-09-05,MMM,Unknown,pre_signal,P0_other,0,3,open,0,155.3000030517578,155.3000030517578,2025-09-05,0.0,,auto,2025-09-05T22:13:02Z
2025-09-05,MMM,Unknown,pre_signal,P0_other,0,5,open,0,155.3000030517578,155.3000030517578,2025-09-05,0.0,,auto,2025-09-05T22:13:02Z
2025-09-05,MMM,Unknown,pre_signal,P0_other,0,10,open,0,155.3000030517578,155.3000030517578,2025-09-05,0.0,,auto,2025-09-05T22:13:02Z
2025-09-05,MMM,Unknown,pre_signal,P0_other,0,20,open,0,155.3000030517578,155.3000030517578,2025-09-05,0.0,,auto,2025-09-05T22:13:02Z
2025-09-05,NLY,Unknown,confirmed,P0_other,0,1,open,0,22.09000015258789,22.09000015258789,2025-09-05,0.0,,auto,2025-09-05T22:13:02Z
2025-09-05,NLY,Unknown,confirmed,P0_other,0,3,open,0,22.09000015258789,22.09000015258789,2025-09-05,0.0,,auto,2025-09-05T22:13:02Z
2025-09-05,NLY,Unknown,confirmed,P0_other,0,5,open,0,22.09000015258789,22.09000015258789,2025-09-05,0.0,,auto,2025-09-05T22:13:02Z
2025-09-05,NLY,Unknown,confirmed,P0_other,0,10,open,0,22.09000015258789,22.09000015258789,2025-09-05,0.0,,auto,2025-09-05T22:13:02Z
2025-09-05,NLY,Unknown,confirmed,P0_other,0,20,open,0,22.09000015258789,22.09000015258789,2025-09-05,0.0,,auto,2025-09-05T22:13:02Z
2025-09-05,OWL,Unknown,other,P0_other,0,1,open,0,17.790000915527344,17.790000915527344,2025-09-05,0.0,,auto,2025-09-05T22:13:02Z
2025-09-05,OWL,Unknown,other,P0_other,0,3,open,0,17.790000915527344,17.790000915527344,2025-09-05,0.0,,auto,2025-09-05T22:13:02Z
2025-09-05,OWL,Unknown,other,P0_other,0,5,open,0,17.790000915527344,17.790000915527344,2025-09-05,0.0,,auto,2025-09-05T22:13:02Z
2025-09-05,OWL,Unknown,other,P0_other,0,10,open,0,17.790000915527344,17.790000915527344,2025-09-05,0.0,,auto,2025-09-05T22:13:02Z
2025-09-05,OWL,Unknown,other,P0_other,0,20,open,0,17.790000915527344,17.790000915527344,2025-09-05,0.0,,auto,2025-09-05T22:13:02Z
2025-09-05,OZK,Unknown,pre_signal,P0_other,0,1,open,0,52.349998474121094,52.349998474121094,2025-09-05,0.0,,auto,2025-09-05T22:13:02Z
2025-09-05,OZK,Unknown,pre_signal,P0_other,0,3,open,0,52.349998474121094,52.349998474121094,2025-09-05,0.0,,auto,2025-09-05T22:13:02Z
2025-09-05,OZK,Unknown,pre_signal,P0_other,0,5,open,0,52.349998474121094,52.349998474121094,2025-09-05,0.0,,auto,2025-09-05T22:13:02Z
2025-09-05,OZK,Unknown,pre_signal,P0_other,0,10,open,0,52.349998474121094,52.349998474121094,2025-09-05,0.0,,auto,2025-09-05T22:13:02Z
2025-09-05,OZK,Unknown,pre_signal,P0_other,0,20,open,0,52.349998474121094,52.349998474121094,2025-09-05,0.0,,auto,2025-09-05T22:13:02Z
2025-09-05,SCHW,Unknown,other,P0_other,0,1,open,0,92.05000305175781,92.05000305175781,2025-09-05,0.0,,auto,2025-09-05T22:13:02Z
2025-09-05,SCHW,Unknown,other,P0_other,0,3,open,0,92.05000305175781,92.05000305175781,2025-09-05,0.0,,auto,2025-09-05T22:13:02Z
2025-09-05,SCHW,Unknown,other,P0_other,0,5,open,0,92.05000305175781,92.05000305175781,2025-09-05,0.0,,auto,2025-09-05T22:13:02Z
2025-09-05,SCHW,Unknown,other,P0_other,0,10,open,0,92.05000305175781,92.05000305175781,2025-09-05,0.0,,auto,2025-09-05T22:13:02Z
2025-09-05,SCHW,Unknown,other,P0_other,0,20,open,0,92.05000305175781,92.05000305175781,2025-09-05,0.0,,auto,2025-09-05T22:13:02Z
2025-09-05,TEAM,Unknown,other,P0_other,0,1,open,0,172.42999267578125,172.42999267578125,2025-09-05,0.0,,auto,2025-09-05T22:13:02Z
2025-09-05,TEAM,Unknown,other,P0_other,0,3,open,0,172.42999267578125,172.42999267578125,2025-09-05,0.0,,auto,2025-09-05T22:13:02Z
2025-09-05,TEAM,Unknown,other,P0_other,0,5,open,0,172.42999267578125,172.42999267578125,2025-09-05,0.0,,auto,2025-09-05T22:13:02Z
2025-09-05,TEAM,Unknown,other,P0_other,0,10,open,0,172.42999267578125,172.42999267578125,2025-09-05,0.0,,auto,2025-09-05T22:13:02Z
2025-09-05,TEAM,Unknown,other,P0_other,0,20,open,0,172.42999267578125,172.42999267578125,2025-09-05,0.0,,auto,2025-09-05T22:13:02Z
2025-09-05,TECH,Unknown,other,P0_other,0,1,open,0,54.40999984741211,54.40999984741211,2025-09-05,0.0,,auto,2025-09-05T22:13:02Z
2025-09-05,TECH,Unknown,other,P0_other,0,3,open,0,54.40999984741211,54.40999984741211,2025-09-05,0.0,,auto,2025-09-05T22:13:02Z
2025-09-05,TECH,Unknown,other,P0_other,0,5,open,0,54.40999984741211,54.40999984741211,2025-09-05,0.0,,auto,2025-09-05T22:13:02Z
2025-09-05,TECH,Unknown,other,P0_other,0,10,open,0,54.40999984741211,54.40999984741211,2025-09-05,0.0,,auto,2025-09-05T22:13:02Z
2025-09-05,TECH,Unknown,other,P0_other,0,20,open,0,54.40999984741211,54.40999984741211,2025-09-05,0.0,,auto,2025-09-05T22:13:02Z
2025-09-05,WMS,Unknown,confirmed,P0_other,0,1,open,0,148.41000366210938,148.41000366210938,2025-09-05,0.0,,auto,2025-09-05T22:13:02Z
2025-09-05,WMS,Unknown,confirmed,P0_other,0,3,open,0,148.41000366210938,148.41000366210938,2025-09-05,0.0,,auto,2025-09-05T22:13:02Z
2025-09-05,WMS,Unknown,confirmed,P0_other,0,5,open,0,148.41000366210938,148.41000366210938,2025-09-05,0.0,,auto,2025-09-05T22:13:02Z
2025-09-05,WMS,Unknown,confirmed,P0_other,0,10,open,0,148.41000366210938,148.41000366210938,2025-09-05,0.0,,auto,2025-09-05T22:13:02Z
2025-09-05,WMS,Unknown,confirmed,P0_other,0,20,open,0,148.41000366210938,148.41000366210938,2025-09-05,0.0,,auto,2025-09-05T22:13:02Z
2025-09-05,XYZ,Unknown,other,P0_other,0,1,open,0,74.94000244140625,74.94000244140625,2025-09-05,0.0,,auto,2025-09-05T22:13:02Z
2025-09-05,XYZ,Unknown,other,P0_other,0,3,open,0,74.94000244140625,74.94000244140625,2025-09-05,0.0,,auto,2025-09-05T22:13:02Z
2025-09-05,XYZ,Unknown,other,P0_other,0,5,open,0,74.94000244140625,74.94000244140625,2025-09-05,0.0,,auto,2025-09-05T22:13:02Z
2025-09-05,XYZ,Unknown,other,P0_other,0,10,open,0,74.94000244140625,74.94000244140625,2025-09-05,0.0,,auto,2025-09-05T22:13:02Z
2025-09-05,XYZ,Unknown,other,P0_other,0,20,open,0,74.94000244140625,74.94000244140625,2025-09-05,0.0,,auto,2025-09-05T22:13:02Z
2025-08-15,AAPL,Unknown,confirmed,P3_confirmed,0,10,closed,10,231.58999633789062,232.13999938964844,2025-08-29,0.23748998681072386,test pick,manual,2025-09-05T22:13:02Z
2025-08-25,MSFT,Unknown,pre_signal,P2_highconv,0,5,closed,5,504.260009765625,505.1199951171875,2025-09-02,0.17054403183036637,test pick 2,manual,2025-09-05T22:13:02Z
