ticker_yf,ticker_tv,price,last,mcap_usd_final,mcap,avg_dollar_vol,tv_score,tv_reco,analyst_bucket,analyst_votes,sector,industry,p_tech,p_tv,p_an,pillars_met,votes_bin,rank_score,bucket
NET,NET,214.42999267578125,214.42999267578125,74724912223.23076,74724912223.23076,425351242.2789765,0.603030303030303,STRONG_BUY,BUY,30.0,,,True,True,True,3,20+,1.3618181818181818,confirmed
STX,STX,188.16000366210938,188.16000366210938,40017337932.04356,40017337932.04356,452468783.31985474,0.603030303030303,STRONG_BUY,BUY,23.0,,,True,True,True,3,20+,1.3384848484848484,confirmed
GLW,GLW,71.19000244140625,71.19000244140625,60982682985.0636,60982682985.0636,386012825.3914642,0.603030303030303,STRONG_BUY,BUY,13.0,,,True,True,True,3,10–14,1.3051515151515152,confirmed
URI,URI,975.22998046875,975.22998046875,62747493183.28481,62747493183.28481,451114284.4140625,0.5121212121212121,STRONG_BUY,BUY,22.0,,,True,True,True,3,20+,1.2806060606060603,confirmed
U,U,43.81999969482422,43.81999969482422,18514739200.0,18514739200.0,460604577.13064194,0.6484848484848484,STRONG_BUY,,,,,True,True,False,2,,0.989090909090909,pre_signal
UAL,UAL,106.58999633789062,106.58999633789062,34506592256.0,34506592256.0,488286318.7242127,0.603030303030303,STRONG_BUY,,,,,True,True,False,2,,0.9618181818181818,pre_signal
LITE,LITE,149.4600067138672,149.4600067138672,10447254528.0,10447254528.0,542723714.1992188,0.603030303030303,STRONG_BUY,,,,,True,True,False,2,,0.9618181818181818,pre_signal
TEM,TEM,79.62000274658203,79.62000274658203,13832223744.0,13832223744.0,898195515.0008202,0.5575757575757576,STRONG_BUY,,,,,True,True,False,2,,0.9345454545454546,pre_signal
CYBR,CYBR,462.7699890136719,462.7699890136719,23326939136.0,23326939136.0,492965489.276886,0.5575757575757576,STRONG_BUY,,,,,True,True,False,2,,0.9345454545454546,pre_signal
WDC,WDC,92.04000091552734,92.04000091552734,31930699776.0,31930699776.0,584573280.9040451,0.5575757575757576,STRONG_BUY,,,,,True,True,False,2,,0.9345454545454546,pre_signal
CRDO,CRDO,140.82000732421875,140.82000732421875,24361297920.0,24361297920.0,605341135.6187057,0.5575757575757576,STRONG_BUY,,,,,True,True,False,2,,0.9345454545454546,pre_signal
FSLR,FSLR,205.13999938964844,205.13999938964844,22000855040.0,22000855040.0,672932531.0977936,0.5121212121212121,STRONG_BUY,,,,,True,True,False,2,,0.9072727272727272,pre_signal
MDB,MDB,324.739990234375,324.739990234375,26419836162.58924,26419836162.58924,1153101733.1089785,0.4454545454545455,BUY,BUY,29.0,,,False,False,True,1,20+,0.6639393939393939,pre_signal
MPWR,MPWR,865.8599853515625,865.8599853515625,41467764939.0,41467764939.0,423263173.2485962,0.4666666666666667,BUY,BUY,18.0,,,False,False,True,1,15–19,0.6399999999999999,pre_signal
DAL,DAL,61.18000030517578,61.18000030517578,39947381223.77771,39947381223.77771,416681299.3560219,0.4454545454545455,BUY,BUY,21.0,,,False,False,True,1,20+,0.6372727272727272,pre_signal
TER,TER,120.19999694824219,120.19999694824219,19120638120.21901,19120638120.21901,383900022.4434662,0.4454545454545455,BUY,BUY,19.0,,,False,False,True,1,15–19,0.6306060606060606,pre_signal
SOUN,SOUN,14.260000228881836,14.260000228881836,5813606346.979592,5813606346.979592,972969201.5900278,0.4666666666666667,BUY,BUY,10.0,,,False,False,True,1,10–14,0.6133333333333333,pre_signal
RKLB,RKLB,45.84000015258789,45.84000015258789,22113825031.735355,22113825031.735355,1005653795.0159836,0.4,BUY,BUY,16.0,,,False,False,True,1,15–19,0.5933333333333334,pre_signal
RIOT,RIOT,13.289999961853027,13.289999961853027,4912292306.999999,4912292306.999999,442165489.40187454,0.35757575757575755,BUY,BUY,19.0,,,False,False,True,1,15–19,0.5778787878787879,pre_signal
HWM,HWM,178.1999969482422,178.1999969482422,71837111105.55333,71837111105.55333,394709218.6341858,0.3333333333333333,BUY,BUY,22.0,,,False,False,True,1,20+,0.5733333333333334,pre_signal
INSM,INSM,145.10000610351562,145.10000610351562,30670482793.0,30670482793.0,393637109.4129944,0.35454545454545455,BUY,BUY,17.0,,,False,False,True,1,15–19,0.5693939393939393,pre_signal
HBAN,HBAN,17.6299991607666,17.6299991607666,25843577291.06701,25843577291.06701,431178062.9222393,0.3333333333333333,BUY,BUY,18.0,,,False,False,True,1,15–19,0.56,pre_signal
FUTU,FUTU,187.27999877929688,187.27999877929688,29730113267.0,29730113267.0,424059461.4424896,0.28787878787878785,BUY,BUY,17.0,,,False,False,True,1,15–19,0.5293939393939393,pre_signal
HUBS,HUBS,487.5299987792969,487.5299987792969,25689470286.599354,25689470286.599354,443101395.9690857,0.1575757575757576,NEUTRAL,BUY,30.0,,,False,False,True,1,20+,0.4945454545454545,other
COR,COR,292.5,292.5,56709276581.0,56709276581.0,387050562.922821,0.1575757575757576,NEUTRAL,BUY,17.0,,,False,False,True,1,15–19,0.4512121212121212,other
EMR,EMR,132.5500030517578,132.5500030517578,74599138381.7641,74599138381.7641,372902437.9225159,0.09090909090909091,NEUTRAL,BUY,27.0,,,False,False,True,1,20+,0.4445454545454546,other
WDAY,WDAY,231.0800018310547,231.0800018310547,61711708063.27258,61711708063.27258,908353504.5711516,0.06666666666666667,NEUTRAL,BUY,39.0,,,False,False,True,1,20+,0.43999999999999995,other
UPST,UPST,66.9000015258789,66.9000015258789,6436966910.408007,6436966910.408007,443722574.8586655,0.09090909090909091,NEUTRAL,BUY,17.0,,,False,False,True,1,15–19,0.41121212121212125,other
OKTA,OKTA,91.4800033569336,91.4800033569336,16134237427.730127,16134237427.730127,432138588.07071686,-0.04242424242424242,NEUTRAL,BUY,42.0,,,False,False,True,1,20+,0.3745454545454545,other
MNDY,MNDY,185.72999572753906,185.72999572753906,9430131200.0,9430131200.0,372440120.4026794,-0.04242424242424242,NEUTRAL,BUY,22.0,,,False,False,True,1,20+,0.3478787878787879,other
VEEV,VEEV,272.92999267578125,272.92999267578125,44735414703.0,44735414703.0,387328192.73239136,-0.08787878787878788,NEUTRAL,BUY,28.0,,,False,False,True,1,20+,0.3406060606060606,other
RF,RF,27.030000686645508,27.030000686645508,24119095302.999996,24119095302.999996,443419514.7013569,0.3787878787878788,BUY,HOLD,25.0,,,False,False,False,0,20+,0.3106060606060606,pre_signal
SOFI,SOFI,25.600000381469727,25.600000381469727,30345868466.541443,30345868466.541443,1636215249.1574,0.37575757575757573,BUY,HOLD,21.0,,,False,False,False,0,20+,0.2954545454545454,pre_signal
IREN,IREN,26.149999618530273,26.149999618530273,7112276992.0,7112276992.0,643047493.7144375,0.49090909090909096,BUY,,,,,False,False,False,0,,0.29454545454545455,pre_signal
DDOG,DDOG,136.0800018310547,136.0800018310547,47457218560.0,47457218560.0,683949601.2382889,0.49090909090909096,BUY,,,,,False,False,False,0,,0.29454545454545455,pre_signal
ADSK,ADSK,326.3699951171875,326.3699951171875,69516812288.0,69516812288.0,554700226.9534302,0.49090909090909096,BUY,,,,,False,False,False,0,,0.29454545454545455,pre_signal
APLD,APLD,13.890000343322754,13.890000343322754,3632510133.0813627,3632510133.0813627,397535119.42003727,-0.09090909090909091,NEUTRAL,BUY,12.0,,,False,False,True,1,10–14,0.28545454545454546,other
HPE,HPE,23.520000457763672,23.520000457763672,31033464832.0,31033464832.0,466534704.35959816,0.4666666666666667,BUY,,,,,False,False,False,0,,0.27999999999999997,pre_signal
HUM,HUM,307.9200134277344,307.9200134277344,37034100139.330475,37034100139.330475,420725208.5108948,0.3090909090909091,BUY,HOLD,26.0,,,False,False,False,0,20+,0.2721212121212121,pre_signal
WULF,WULF,9.130000114440918,9.130000114440918,3580384256.0,3580384256.0,573570419.4047809,0.4454545454545455,BUY,,,,,False,False,False,0,,0.2672727272727273,pre_signal
COHR,COHR,97.83999633789062,97.83999633789062,15243960320.0,15243960320.0,579761064.8122787,0.4454545454545455,BUY,,,,,False,False,False,0,,0.2672727272727273,pre_signal
AXON,AXON,728.4099731445312,728.4099731445312,57183417256.0,57183417256.0,432770803.5409546,-0.2,SELL,BUY,19.0,,,False,False,True,1,15–19,0.24333333333333335,other
AFRM,AFRM,87.3499984741211,87.3499984741211,28445526016.0,28445526016.0,797210247.9691696,0.4,BUY,,,,,False,False,False,0,,0.24,pre_signal
ALNY,ALNY,452.0,452.0,59247706112.0,59247706112.0,493391900.4396057,0.37575757575757573,BUY,,,,,False,False,False,0,,0.22545454545454544,pre_signal
FDX,FDX,227.72000122070312,227.72000122070312,53718940727.70781,53718940727.70781,380246666.9627381,-0.28787878787878785,SELL,BUY,28.0,,,False,False,True,1,20+,0.22060606060606064,other
CAH,CAH,149.55999755859375,149.55999755859375,35713976239.73539,35713976239.73539,408423382.8144837,-0.2212121212121212,SELL,BUY,16.0,,,False,False,True,1,15–19,0.2206060606060606,other
NU,NU,14.739999771118164,14.739999771118164,71228841984.0,71228841984.0,781411600.3397226,0.35454545454545455,BUY,,,,,False,False,False,0,,0.21272727272727274,pre_signal
ZTS,ZTS,153.32000732421875,153.32000732421875,68600369999.99999,68600369999.99999,368357812.1334076,-0.26666666666666666,SELL,BUY,18.0,,,False,False,True,1,15–19,0.19999999999999998,other
ALAB,ALAB,191.1999969482422,191.1999969482422,31781072896.0,31781072896.0,888140424.475708,0.3303030303030303,BUY,,,,,False,False,False,0,,0.19818181818181818,pre_signal
MRVL,MRVL,63.33000183105469,63.33000183105469,54596792657.48339,54596792657.48339,1506769519.317379,-0.35454545454545455,SELL,BUY,37.0,,,False,False,True,1,20+,0.18727272727272726,other
KEY,KEY,18.940000534057617,18.940000534057617,20768088064.0,20768088064.0,456539536.1796951,0.26666666666666666,BUY,,,,,False,False,False,0,,0.16,pre_signal
BDX,BDX,192.38999938964844,192.38999938964844,55144259500.50703,55144259500.50703,410407338.780365,0.17878787878787877,NEUTRAL,HOLD,14.0,,,False,False,False,0,10–14,0.15393939393939393,other
ZS,ZS,274.20001220703125,274.20001220703125,42691846144.0,42691846144.0,459972343.7886048,0.22424242424242424,BUY,,,,,False,False,False,0,,0.13454545454545455,pre_signal
AAL,AAL,13.079999923706055,13.079999923706055,8630562816.0,8630562816.0,884740356.2438488,0.2,BUY,,,,,False,False,False,0,,0.12,pre_signal
NXPI,NXPI,226.74000549316406,226.74000549316406,57164558336.0,57164558336.0,592037242.7202606,0.17878787878787877,NEUTRAL,,,,,False,False,False,0,,0.10727272727272726,other
TWLO,TWLO,108.66999816894531,108.66999816894531,16673672192.0,16673672192.0,578306094.0916061,0.09090909090909091,NEUTRAL,,,,,False,False,False,0,,0.05454545454545454,other
MCHP,MCHP,65.91999816894531,65.91999816894531,35575705600.0,35575705600.0,592355158.8858032,0.06666666666666667,NEUTRAL,,,,,False,False,False,0,,0.04,other
FICO,FICO,1531.989990234375,1531.989990234375,36773429248.0,36773429248.0,473392095.8117676,0.04242424242424242,NEUTRAL,,,,,False,False,False,0,,0.025454545454545452,other
ELV,ELV,313.6400146484375,313.6400146484375,70624829440.0,70624829440.0,656842230.1264954,0.024242424242424246,NEUTRAL,,,,,False,False,False,0,,0.014545454545454547,other
SPNS,SPNS,,,2399812864.0,2399812864.0,87726946.61420822,,,,,,,False,False,False,0,,0.0,other
LOAR,LOAR,,,7160248832.0,7160248832.0,81208574.18571472,,,,,,,False,False,False,0,,0.0,other
TNXP,TNXP,,,232646992.0,232646992.0,81746249.68794823,,,,,,,False,False,False,0,,0.0,other
PONY,PONY,,,4871067136.0,4871067136.0,87727834.76624966,,,,,,,False,False,False,0,,0.0,other
RMBS,RMBS,,,8049106944.0,8049106944.0,87725050.97690582,,,,,,,False,False,False,0,,0.0,other
APM,APM,,,13215956.0,13215956.0,87192880.90949953,,,,,,,False,False,False,0,,0.0,other
SYM,SYM,,,28491286528.0,28491286528.0,86703147.19223022,,,,,,,False,False,False,0,,0.0,other
GMED,GMED,,,8184453632.0,8184453632.0,80599126.65945053,,,,,,,False,False,False,0,,0.0,other
LQDA,LQDA,,,2483739904.0,2483739904.0,80570814.14414406,,,,,,,False,False,False,0,,0.0,other
NVTS,NVTS,,,1193399168.0,1193399168.0,84638998.259449,,,,,,,False,False,False,0,,0.0,other
OUST,OUST,,,1588293376.0,1588293376.0,85236974.62806702,,,,,,,False,False,False,0,,0.0,other
VLY,VLY,,,6005806080.0,6005806080.0,80157505.85917473,,,,,,,False,False,False,0,,0.0,other
G,G,,,7821237760.0,7821237760.0,82082571.20441437,,,,,,,False,False,False,0,,0.0,other
JAZZ,JAZZ,,,7855314432.0,7855314432.0,92778005.328331,,,,,,,False,False,False,0,,0.0,other
JEF,JEF,,,13098779648.0,13098779648.0,92190410.32133102,,,,,,,False,False,False,0,,0.0,other
AIZ,AIZ,,,10655469568.0,10655469568.0,93283584.69566344,,,,,,,False,False,False,0,,0.0,other
JBLU,JBLU,,,1847413120.0,1847413120.0,93788995.3201866,,,,,,,False,False,False,0,,0.0,other
SITM,SITM,,,6104958976.0,6104958976.0,83118219.11613464,,,,,,,False,False,False,0,,0.0,other
CLH,CLH,,,12670701568.0,12670701568.0,79988879.31167603,,,,,,,False,False,False,0,,0.0,other
EHC,EHC,,,12648920064.0,12648920064.0,83075492.0985794,,,,,,,False,False,False,0,,0.0,other
APPF,APPF,,,10211293184.0,10211293184.0,79992445.3855896,,,,,,,False,False,False,0,,0.0,other
NDSN,NDSN,,,12643603456.0,12643603456.0,82907698.1250763,,,,,,,False,False,False,0,,0.0,other
ALSN,ALSN,,,7527175168.0,7527175168.0,82844532.78015137,,,,,,,False,False,False,0,,0.0,other
MKSI,MKSI,,,7017443840.0,7017443840.0,93814634.74578856,,,,,,,False,False,False,0,,0.0,other
AGCO,AGCO,,,8284334592.0,8284334592.0,82729073.88530731,,,,,,,False,False,False,0,,0.0,other
SNV,SNV,,,7145629696.0,7145629696.0,82585348.66790771,,,,,,,False,False,False,0,,0.0,other
RR,RR,,,406626656.0,406626656.0,84575460.66812396,,,,,,,False,False,False,0,,0.0,other
VMI,VMI,,,7459376640.0,7459376640.0,84604271.8460083,,,,,,,False,False,False,0,,0.0,other
VRNS,VRNS,,,6277993472.0,6277993472.0,82273599.21861649,,,,,,,False,False,False,0,,0.0,other
KD,KD,,,7572277248.0,7572277248.0,82919587.91324615,,,,,,,False,False,False,0,,0.0,other
SNA,SNA,,,17146109952.0,17146109952.0,71643744.44671631,,,,,,,False,False,False,0,,0.0,other
ZION,ZION,,,8343708672.0,8343708672.0,71737233.96520615,,,,,,,False,False,False,0,,0.0,other
AYI,AYI,,,10368054272.0,10368054272.0,71958036.56707764,,,,,,,False,False,False,0,,0.0,other
IVZ,IVZ,,,9806748672.0,9806748672.0,80622540.31176567,,,,,,,False,False,False,0,,0.0,other
RXRX,RXRX,,,2012490880.0,2012490880.0,80743781.73479557,,,,,,,False,False,False,0,,0.0,other
BEN,BEN,,,12964298752.0,12964298752.0,80927168.5571003,,,,,,,False,False,False,0,,0.0,other
WAL,WAL,,,10004950016.0,10004950016.0,80992588.77296448,,,,,,,False,False,False,0,,0.0,other
PI,PI,,,5556714496.0,5556714496.0,80996434.07821655,,,,,,,False,False,False,0,,0.0,other
SSB,SSB,,,10425539584.0,10425539584.0,73301828.39244843,,,,,,,False,False,False,0,,0.0,other
GL,GL,,,11325100032.0,11325100032.0,74130915.44281006,,,,,,,False,False,False,0,,0.0,other
SF,SF,,,11502636032.0,11502636032.0,74185634.73892212,,,,,,,False,False,False,0,,0.0,other
STNE,STNE,,,4628165120.0,4628165120.0,74715147.79844284,,,,,,,False,False,False,0,,0.0,other
ROL,ROL,,,27391852544.0,27391852544.0,75033309.15327072,,,,,,,False,False,False,0,,0.0,other
RVMD,RVMD,,,7570786304.0,7570786304.0,75431297.12503433,,,,,,,False,False,False,0,,0.0,other
AMBA,AMBA,,,3536143360.0,3536143360.0,84708654.55173492,,,,,,,False,False,False,0,,0.0,other
WU,WU,,,2855028480.0,2855028480.0,75665047.90194988,,,,,,,False,False,False,0,,0.0,other
EWBC,EWBC,,,14826201088.0,14826201088.0,75700040.3245163,,,,,,,False,False,False,0,,0.0,other
HLI,HLI,,,13857713152.0,13857713152.0,75701428.42811584,,,,,,,False,False,False,0,,0.0,other
CHE,CHE,,,6785020928.0,6785020928.0,75893339.18670654,,,,,,,False,False,False,0,,0.0,other
BNTX,BNTX,,,27035273216.0,27035273216.0,83143038.44409943,,,,,,,False,False,False,0,,0.0,other
GDS,GDS,,,6367014400.0,6367014400.0,83328405.83953857,,,,,,,False,False,False,0,,0.0,other
SMMT,SMMT,,,19299164160.0,19299164160.0,83405371.21547699,,,,,,,False,False,False,0,,0.0,other
WGS,WGS,,,3807370240.0,3807370240.0,83987435.1348877,,,,,,,False,False,False,0,,0.0,other
CGNX,CGNX,,,7545381376.0,7545381376.0,84495944.9287796,,,,,,,False,False,False,0,,0.0,other
PSN,PSN,,,8078966272.0,8078966272.0,77300687.9063797,,,,,,,False,False,False,0,,0.0,other
FROG,FROG,,,5844104704.0,5844104704.0,77603053.17804337,,,,,,,False,False,False,0,,0.0,other
DOX,DOX,,,9459311616.0,9459311616.0,78789699.05864716,,,,,,,False,False,False,0,,0.0,other
RNR,RNR,,,11326480384.0,11326480384.0,79075150.10803223,,,,,,,False,False,False,0,,0.0,other
GFS,GFS,,,18475020288.0,18475020288.0,79198720.5936718,,,,,,,False,False,False,0,,0.0,other
SNX,SNX,,,12330481664.0,12330481664.0,79834570.72227478,,,,,,,False,False,False,0,,0.0,other
AOS,AOS,,,10324777984.0,10324777984.0,75635151.3986206,,,,,,,False,False,False,0,,0.0,other
EG,EG,,,14260721664.0,14260721664.0,96481516.5209961,,,,,,,False,False,False,0,,0.0,other
SOLV,SOLV,,,12608775168.0,12608775168.0,96502284.09755708,,,,,,,False,False,False,0,,0.0,other
DVA,DVA,,,9857704960.0,9857704960.0,97495343.83926392,,,,,,,False,False,False,0,,0.0,other
SSNC,SSNC,,,21686824960.0,21686824960.0,97556000.34877776,,,,,,,False,False,False,0,,0.0,other
TXT,TXT,,,14514796544.0,14514796544.0,98022492.66166689,,,,,,,False,False,False,0,,0.0,other
ALLY,ALLY,,,12730939392.0,12730939392.0,98557291.28746033,,,,,,,False,False,False,0,,0.0,other
NVMI,NVMI,,,7582144000.0,7582144000.0,99343312.43492126,,,,,,,False,False,False,0,,0.0,other
AAON,AAON,,,6616216576.0,6616216576.0,114443870.84571838,,,,,,,False,False,False,0,,0.0,other
TPG,TPG,,,22113011712.0,22113011712.0,114446062.9696083,,,,,,,False,False,False,0,,0.0,other
SMTC,SMTC,,,5264578560.0,5264578560.0,114739975.49087524,,,,,,,False,False,False,0,,0.0,other
PEN,PEN,,,10976686080.0,10976686080.0,114881924.97695924,,,,,,,False,False,False,0,,0.0,other
WRB,WRB,,,27293923328.0,27293923328.0,116522362.52109528,,,,,,,False,False,False,0,,0.0,other
LNTH,LNTH,,,3722682368.0,3722682368.0,101580007.73349762,,,,,,,False,False,False,0,,0.0,other
PCOR,PCOR,,,10533033984.0,10533033984.0,101854711.83481216,,,,,,,False,False,False,0,,0.0,other
FLS,FLS,,,7219166720.0,7219166720.0,71710960.95401764,,,,,,,False,False,False,0,,0.0,other
MANH,MANH,,,13019494400.0,13019494400.0,102124741.84677124,,,,,,,False,False,False,0,,0.0,other
DOCS,DOCS,,,12987312128.0,12987312128.0,102316321.6835022,,,,,,,False,False,False,0,,0.0,other
KNX,KNX,,,6996839424.0,6996839424.0,102624722.43373872,,,,,,,False,False,False,0,,0.0,other
CVLT,CVLT,,,7956952576.0,7956952576.0,103576241.3105011,,,,,,,False,False,False,0,,0.0,other
TECH,TECH,,,8463475712.0,8463475712.0,103731266.55906676,,,,,,,False,False,False,0,,0.0,other
COMM,COMM,,,3548846592.0,3548846592.0,103966214.9809742,,,,,,,False,False,False,0,,0.0,other
HII,HII,,,10639303680.0,10639303680.0,104061661.89849854,,,,,,,False,False,False,0,,0.0,other
TREX,TREX,,,6927316480.0,6927316480.0,104174468.0155182,,,,,,,False,False,False,0,,0.0,other
WCC,WCC,,,10665889792.0,10665889792.0,119548503.69735718,,,,,,,False,False,False,0,,0.0,other
CMA,CMA,,,8850231296.0,8850231296.0,119883314.67536926,,,,,,,False,False,False,0,,0.0,other
XP,XP,,,9961542656.0,9961542656.0,119892471.86224936,,,,,,,False,False,False,0,,0.0,other
NICE,NICE,,,8669152256.0,8669152256.0,120403855.97866058,,,,,,,False,False,False,0,,0.0,other
WSO,WSO,,,16728591360.0,16728591360.0,120784851.56356812,,,,,,,False,False,False,0,,0.0,other
CACI,CACI,,,10434768896.0,10434768896.0,109702951.68563844,,,,,,,False,False,False,0,,0.0,other
TTAN,TTAN,,,10581760000.0,10581760000.0,102026268.2713318,,,,,,,False,False,False,0,,0.0,other
MORN,MORN,,,10849790976.0,10849790976.0,85546923.69483948,,,,,,,False,False,False,0,,0.0,other
RGEN,RGEN,,,7007446528.0,7007446528.0,85799646.06376648,,,,,,,False,False,False,0,,0.0,other
TSEM,TSEM,,,7069785600.0,7069785600.0,86161464.58921432,,,,,,,False,False,False,0,,0.0,other
KNSL,KNSL,,,10610820096.0,10610820096.0,86218700.48721313,,,,,,,False,False,False,0,,0.0,other
ABVX,ABVX,,,6652735488.0,6652735488.0,86280918.50585938,,,,,,,False,False,False,0,,0.0,other
GGAL,GGAL,,,6537021440.0,6537021440.0,86627704.87012863,,,,,,,False,False,False,0,,0.0,other
ASND,ASND,,,12468756480.0,12468756480.0,99459281.21421814,,,,,,,False,False,False,0,,0.0,other
MASI,MASI,,,7996067328.0,7996067328.0,100031629.75242616,,,,,,,False,False,False,0,,0.0,other
VLTO,VLTO,,,26233098240.0,26233098240.0,100035003.42830658,,,,,,,False,False,False,0,,0.0,other
MTSI,MTSI,,,9670842368.0,9670842368.0,101086568.65436554,,,,,,,False,False,False,0,,0.0,other
ACM,ACM,,,16770313216.0,16770313216.0,101564591.50001526,,,,,,,False,False,False,0,,0.0,other
NNE,NNE,,,1317276544.0,1317276544.0,87754754.56895828,,,,,,,False,False,False,0,,0.0,other
EEFT,EEFT,,,3737213696.0,3737213696.0,87780738.86722565,,,,,,,False,False,False,0,,0.0,other
TTMI,TTMI,,,4928030208.0,4928030208.0,88728765.13195038,,,,,,,False,False,False,0,,0.0,other
FBIN,FBIN,,,7300771840.0,7300771840.0,95557188.27610016,,,,,,,False,False,False,0,,0.0,other
BSY,BSY,,,16335347712.0,16335347712.0,89251445.29275894,,,,,,,False,False,False,0,,0.0,other
PFG,PFG,,,17816985600.0,17816985600.0,89351853.78421783,,,,,,,False,False,False,0,,0.0,other
J,J,,,17382924288.0,17382924288.0,90868369.84085084,,,,,,,False,False,False,0,,0.0,other
EXEL,EXEL,,,10197409792.0,10197409792.0,91250328.44940186,,,,,,,False,False,False,0,,0.0,other
INSP,INSP,,,2556994048.0,2556994048.0,91611650.2218628,,,,,,,False,False,False,0,,0.0,other
PCTY,PCTY,,,9620183040.0,9620183040.0,91808959.98893738,,,,,,,False,False,False,0,,0.0,other
DAVE,DAVE,,,2627521792.0,2627521792.0,92166264.1594696,,,,,,,False,False,False,0,,0.0,other
ONC,ONC,,,39209926656.0,39209926656.0,105981431.63955688,,,,,,,False,False,False,0,,0.0,other
RVTY,RVTY,,,10056564736.0,10056564736.0,106163253.42056274,,,,,,,False,False,False,0,,0.0,other
NBIX,NBIX,,,14292055040.0,14292055040.0,106705885.4625702,,,,,,,False,False,False,0,,0.0,other
BMRN,BMRN,,,11092707328.0,11092707328.0,106995536.78318024,,,,,,,False,False,False,0,,0.0,other
UI,UI,,,34910773248.0,34910773248.0,107198666.40686037,,,,,,,False,False,False,0,,0.0,other
DBX,DBX,,,8060748288.0,8060748288.0,94820512.93483734,,,,,,,False,False,False,0,,0.0,other
UNM,UNM,,,12562286592.0,12562286592.0,95000575.03234863,,,,,,,False,False,False,0,,0.0,other
VTRS,VTRS,,,12241634304.0,12241634304.0,95437098.6298275,,,,,,,False,False,False,0,,0.0,other
APG,APG,,,14539444224.0,14539444224.0,89120768.2755661,,,,,,,False,False,False,0,,0.0,other
SARO,SARO,,,8880178176.0,8880178176.0,49052351.89610481,,,,,,,False,False,False,0,,0.0,other
ERIE,ERIE,,,17520777216.0,17520777216.0,49614093.20617676,,,,,,,False,False,False,0,,0.0,other
WTFC,WTFC,,,9341854720.0,9341854720.0,49774941.99672699,,,,,,,False,False,False,0,,0.0,other
HAYW,HAYW,,,3523655936.0,3523655936.0,37917233.33362103,,,,,,,False,False,False,0,,0.0,other
VIRT,VIRT,,,8281858560.0,8281858560.0,38180314.41452026,,,,,,,False,False,False,0,,0.0,other
VNT,VNT,,,6374115328.0,6374115328.0,38789266.92663193,,,,,,,False,False,False,0,,0.0,other
DRS,DRS,,,10964308992.0,10964308992.0,39240132.61796951,,,,,,,False,False,False,0,,0.0,other
OZK,OZK,,,5896756224.0,5896756224.0,40915424.88395691,,,,,,,False,False,False,0,,0.0,other
RARE,RARE,,,3066544384.0,3066544384.0,40918293.644390106,,,,,,,False,False,False,0,,0.0,other
ST,ST,,,4664817152.0,4664817152.0,41022378.97929192,,,,,,,False,False,False,0,,0.0,other
LFUS,LFUS,,,6508391936.0,6508391936.0,41845676.65176392,,,,,,,False,False,False,0,,0.0,other
PRI,PRI,,,8850922496.0,8850922496.0,42278266.73980713,,,,,,,False,False,False,0,,0.0,other
AMKR,AMKR,,,6089603584.0,6089603584.0,42647341.19552612,,,,,,,False,False,False,0,,0.0,other
ALGM,ALGM,,,5656672768.0,5656672768.0,43034201.69614792,,,,,,,False,False,False,0,,0.0,other
CNM,CNM,,,13203567616.0,13203567616.0,107587316.68024065,,,,,,,False,False,False,0,,0.0,other
WSC,WSC,,,4316998144.0,4316998144.0,53814668.32213402,,,,,,,False,False,False,0,,0.0,other
EXLS,EXLS,,,7264854528.0,7264854528.0,53820414.32474136,,,,,,,False,False,False,0,,0.0,other
ARW,ARW,,,6573677056.0,6573677056.0,53956877.77721405,,,,,,,False,False,False,0,,0.0,other
HLNE,HLNE,,,8191136256.0,8191136256.0,53963387.57232666,,,,,,,False,False,False,0,,0.0,other
KMPR,KMPR,,,3386228992.0,3386228992.0,46409961.57129288,,,,,,,False,False,False,0,,0.0,other
SAIL,SAIL,,,12233825280.0,12233825280.0,46464860.52832604,,,,,,,False,False,False,0,,0.0,other
LSTR,LSTR,,,4577034240.0,4577034240.0,46582085.43968201,,,,,,,False,False,False,0,,0.0,other
MTG,MTG,,,6546853376.0,6546853376.0,46646068.97855759,,,,,,,False,False,False,0,,0.0,other
JHG,JHG,,,6906750464.0,6906750464.0,47072785.49654007,,,,,,,False,False,False,0,,0.0,other
OMF,OMF,,,7310504960.0,7310504960.0,47146200.68977356,,,,,,,False,False,False,0,,0.0,other
ORI,ORI,,,10050611200.0,10050611200.0,47187396.95947647,,,,,,,False,False,False,0,,0.0,other
SSD,SSD,,,8152828928.0,8152828928.0,47454672.307510376,,,,,,,False,False,False,0,,0.0,other
TKR,TKR,,,5416832512.0,5416832512.0,48050082.57579804,,,,,,,False,False,False,0,,0.0,other
ITT,ITT,,,13328640000.0,13328640000.0,48459629.13238525,,,,,,,False,False,False,0,,0.0,other
AVT,AVT,,,4487789568.0,4487789568.0,53260463.01549912,,,,,,,False,False,False,0,,0.0,other
LAZ,LAZ,,,5323644416.0,5323644416.0,44587998.56618881,,,,,,,False,False,False,0,,0.0,other
XRAY,XRAY,,,2916455936.0,2916455936.0,45481351.00719452,,,,,,,False,False,False,0,,0.0,other
CORT,CORT,,,7308601856.0,7308601856.0,45775739.526023865,,,,,,,False,False,False,0,,0.0,other
FCN,FCN,,,5460122624.0,5460122624.0,46295564.03007507,,,,,,,False,False,False,0,,0.0,other
UHAL,UHAL,,,10156672000.0,10156672000.0,6960562.882614136,,,,,,,False,False,False,0,,0.0,other
CERT,CERT,,,1689764608.0,1689764608.0,12981298.450655935,,,,,,,False,False,False,0,,0.0,other
IPGP,IPGP,,,3557870848.0,3557870848.0,17988531.745872498,,,,,,,False,False,False,0,,0.0,other
SNDR,SNDR,,,4302706688.0,4302706688.0,17991303.79781723,,,,,,,False,False,False,0,,0.0,other
FRHC,FRHC,,,10374629376.0,10374629376.0,18413177.485427856,,,,,,,False,False,False,0,,0.0,other
UHAL-B,UHAL.B,,,10156657664.0,10156657664.0,18656971.66558552,,,,,,,False,False,False,0,,0.0,other
TDC,TDC,,,1985444992.0,1985444992.0,18765980.248041157,,,,,,,False,False,False,0,,0.0,other
BOKF,BOKF,,,7176604160.0,7176604160.0,19122781.71676636,,,,,,,False,False,False,0,,0.0,other
CLVT,CLVT,,,2957763584.0,2957763584.0,19280709.37724709,,,,,,,False,False,False,0,,0.0,other
CNA,CNA,,,12994625536.0,12994625536.0,19746927.173404694,,,,,,,False,False,False,0,,0.0,other
ESAB,ESAB,,,7150306816.0,7150306816.0,48961181.62384033,,,,,,,False,False,False,0,,0.0,other
DV,DV,,,2454419968.0,2454419968.0,32715770.016155243,,,,,,,False,False,False,0,,0.0,other
DLB,DLB,,,6962122752.0,6962122752.0,33254145.8890152,,,,,,,False,False,False,0,,0.0,other
THG,THG,,,6353538048.0,6353538048.0,33501682.63069153,,,,,,,False,False,False,0,,0.0,other
AMTM,AMTM,,,5898294784.0,5898294784.0,33603580.87878227,,,,,,,False,False,False,0,,0.0,other
DNB,DNB,,,4082629120.0,4082629120.0,35152533.70609875,,,,,,,False,False,False,0,,0.0,other
NVST,NVST,,,3541338368.0,3541338368.0,35358110.88878632,,,,,,,False,False,False,0,,0.0,other
FAF,FAF,,,6826707968.0,6826707968.0,35543045.322532654,,,,,,,False,False,False,0,,0.0,other
SHC,SHC,,,4436814336.0,4436814336.0,36437148.71473789,,,,,,,False,False,False,0,,0.0,other
MSM,MSM,,,5137205760.0,5137205760.0,36492668.94779205,,,,,,,False,False,False,0,,0.0,other
OGN,OGN,,,2698447104.0,2698447104.0,36597063.1957531,,,,,,,False,False,False,0,,0.0,other
PRGO,PRGO,,,3116254976.0,3116254976.0,36743777.954063416,,,,,,,False,False,False,0,,0.0,other
MSA,MSA,,,6672350208.0,6672350208.0,37364413.12988281,,,,,,,False,False,False,0,,0.0,other
AMG,AMG,,,6542738432.0,6542738432.0,37671630.58097839,,,,,,,False,False,False,0,,0.0,other
INGM,INGM,,,4701577216.0,4701577216.0,4846879.069137573,,,,,,,False,False,False,0,,0.0,other
R,R,,,7636816384.0,7636816384.0,48771528.636779785,,,,,,,False,False,False,0,,0.0,other
SPR,SPR,,,4795392000.0,4795392000.0,32642862.79127121,,,,,,,False,False,False,0,,0.0,other
CFR,CFR,,,8242643968.0,8242643968.0,58386643.19740296,,,,,,,False,False,False,0,,0.0,other
OLED,OLED,,,6910997504.0,6910997504.0,72725347.58178711,,,,,,,False,False,False,0,,0.0,other
OSK,OSK,,,8932521984.0,8932521984.0,73010619.4317627,,,,,,,False,False,False,0,,0.0,other
KRMN,KRMN,,,8272771584.0,8272771584.0,73203246.22962952,,,,,,,False,False,False,0,,0.0,other
SITE,SITE,,,6824389632.0,6824389632.0,73215154.66384888,,,,,,,False,False,False,0,,0.0,other
TTC,TTC,,,7989461504.0,7989461504.0,73258818.74256134,,,,,,,False,False,False,0,,0.0,other
NCNO,NCNO,,,3520775936.0,3520775936.0,61596425.57876587,,,,,,,False,False,False,0,,0.0,other
WBS,WBS,,,10305379328.0,10305379328.0,62166045.91024399,,,,,,,False,False,False,0,,0.0,other
LECO,LECO,,,13483117568.0,13483117568.0,63121314.80667114,,,,,,,False,False,False,0,,0.0,other
MLI,MLI,,,10797775872.0,10797775872.0,63253937.95665741,,,,,,,False,False,False,0,,0.0,other
BPOP,BPOP,,,8470828032.0,8470828032.0,63273685.57834625,,,,,,,False,False,False,0,,0.0,other
RBC,RBC,,,12229876736.0,12229876736.0,63811038.85787964,,,,,,,False,False,False,0,,0.0,other
RHI,RHI,,,3767395072.0,3767395072.0,64038333.50784302,,,,,,,False,False,False,0,,0.0,other
RITM,RITM,,,6692284928.0,6692284928.0,64123439.826779366,,,,,,,False,False,False,0,,0.0,other
STWD,STWD,,,7760823808.0,7760823808.0,48501419.92115021,,,,,,,False,False,False,0,,0.0,other
BIO,BIO,,,7804019712.0,7804019712.0,65065572.52822876,,,,,,,False,False,False,0,,0.0,other
PEGA,PEGA,,,9496706048.0,9496706048.0,66478970.35863876,,,,,,,False,False,False,0,,0.0,other
KEX,KEX,,,4970663936.0,4970663936.0,75933543.91059875,,,,,,,False,False,False,0,,0.0,other
TIGR,TIGR,,,2183957504.0,2183957504.0,76512890.68391323,,,,,,,False,False,False,0,,0.0,other
EOSE,EOSE,,,2013147392.0,2013147392.0,76525364.05491114,,,,,,,False,False,False,0,,0.0,other
MKL,MKL,,,24192268288.0,24192268288.0,76911321.25610352,,,,,,,False,False,False,0,,0.0,other
PSIX,PSIX,,,1999907712.0,1999907712.0,77067427.39772797,,,,,,,False,False,False,0,,0.0,other
ROIV,ROIV,,,8822835200.0,8822835200.0,68191826.62063599,,,,,,,False,False,False,0,,0.0,other
AWI,AWI,,,8583744000.0,8583744000.0,70303218.01704407,,,,,,,False,False,False,0,,0.0,other
TTEK,TTEK,,,9483476992.0,9483476992.0,70397069.0725708,,,,,,,False,False,False,0,,0.0,other
AIT,AIT,,,10021130240.0,10021130240.0,70673175.76431274,,,,,,,False,False,False,0,,0.0,other
L,L,,,20045647872.0,20045647872.0,70955988.36364746,,,,,,,False,False,False,0,,0.0,other
INFA,INFA,,,7548063744.0,7548063744.0,71132591.07219696,,,,,,,False,False,False,0,,0.0,other
TFX,TFX,,,5775998976.0,5775998976.0,71186967.01992035,,,,,,,False,False,False,0,,0.0,other
RYAN,RYAN,,,14358905856.0,14358905856.0,64856988.62297058,,,,,,,False,False,False,0,,0.0,other
CR,CR,,,10604148736.0,10604148736.0,58495114.30969238,,,,,,,False,False,False,0,,0.0,other
KBR,KBR,,,6398293504.0,6398293504.0,58691037.72579193,,,,,,,False,False,False,0,,0.0,other
VOYA,VOYA,,,7375961600.0,7375961600.0,59216123.92162323,,,,,,,False,False,False,0,,0.0,other
APLS,APLS,,,3552537600.0,3552537600.0,59730032.20080376,,,,,,,False,False,False,0,,0.0,other
RGA,RGA,,,12771965952.0,12771965952.0,61457899.28314209,,,,,,,False,False,False,0,,0.0,other
GXO,GXO,,,6024714240.0,6024714240.0,49998761.99951172,,,,,,,False,False,False,0,,0.0,other
HEI-A,HEI.A,,,38941360128.0,38941360128.0,50022340.183410645,,,,,,,False,False,False,0,,0.0,other
ECG,ECG,,,3783159552.0,3783159552.0,50385404.17442322,,,,,,,False,False,False,0,,0.0,other
WTM,WTM,,,4625064448.0,4625064448.0,50406496.86584473,,,,,,,False,False,False,0,,0.0,other
CBSH,CBSH,,,8083735040.0,8083735040.0,50579446.82767868,,,,,,,False,False,False,0,,0.0,other
SAIC,SAIC,,,4829088256.0,4829088256.0,51574674.54269409,,,,,,,False,False,False,0,,0.0,other
HXL,HXL,,,5162066432.0,5162066432.0,51916997.84784317,,,,,,,False,False,False,0,,0.0,other
GGG,GGG,,,14228144128.0,14228144128.0,52390142.3526001,,,,,,,False,False,False,0,,0.0,other
SEIC,SEIC,,,10776390656.0,10776390656.0,52484235.41385651,,,,,,,False,False,False,0,,0.0,other
WEX,WEX,,,5865705472.0,5865705472.0,58283684.59159851,,,,,,,False,False,False,0,,0.0,other
CACC,CACC,,,5872934400.0,5872934400.0,52992294.3095398,,,,,,,False,False,False,0,,0.0,other
QGEN,QGEN,,,10310456320.0,10310456320.0,66718951.94448471,,,,,,,False,False,False,0,,0.0,other
CINF,CINF,,,23981824000.0,23981824000.0,67624522.1359253,,,,,,,False,False,False,0,,0.0,other
LNC,LNC,,,7983214080.0,7983214080.0,67734819.79211807,,,,,,,False,False,False,0,,0.0,other
PB,PB,,,6462877184.0,6462877184.0,67984829.75372314,,,,,,,False,False,False,0,,0.0,other
FNF,FNF,,,16458262528.0,16458262528.0,68086548.86604309,,,,,,,False,False,False,0,,0.0,other
AXS,AXS,,,7616493056.0,7616493056.0,54478769.24888611,,,,,,,False,False,False,0,,0.0,other
UWMC,UWMC,,,10171214848.0,10171214848.0,54863763.96911144,,,,,,,False,False,False,0,,0.0,other
AFG,AFG,,,11562646528.0,11562646528.0,55219836.16828919,,,,,,,False,False,False,0,,0.0,other
CRUS,CRUS,,,5940162048.0,5940162048.0,55682541.77055359,,,,,,,False,False,False,0,,0.0,other
DCI,DCI,,,9442781184.0,9442781184.0,55751075.35404205,,,,,,,False,False,False,0,,0.0,other
RNG,RNG,,,2891933952.0,2891933952.0,56182312.51284599,,,,,,,False,False,False,0,,0.0,other
RAL,RAL,,,4879343616.0,4879343616.0,56375012.18635559,,,,,,,False,False,False,0,,0.0,other
CCCS,CCCS,,,6401836544.0,6401836544.0,57684026.816449165,,,,,,,False,False,False,0,,0.0,other
SLM,SLM,,,6485843968.0,6485843968.0,57869919.59802628,,,,,,,False,False,False,0,,0.0,other
ACHC,ACHC,,,2190461184.0,2190461184.0,52744378.9649868,,,,,,,False,False,False,0,,0.0,other
KTOS,KTOS,,,10939538432.0,10939538432.0,232263897.4490929,,,,,,,False,False,False,0,,0.0,other
BRO,BRO,,,31265818624.0,31265818624.0,233867750.13263705,,,,,,,False,False,False,0,,0.0,other
NTAP,NTAP,,,23704637440.0,23704637440.0,234583817.71362305,,,,,,,False,False,False,0,,0.0,other
CIFR,CIFR,,,2957488128.0,2957488128.0,197032830.3455782,,,,,,,False,False,False,0,,0.0,other
ESTC,ESTC,,,9214757888.0,9214757888.0,197167689.11830905,,,,,,,False,False,False,0,,0.0,other
ALGN,ALGN,,,10084307968.0,10084307968.0,197465295.0202942,,,,,,,False,False,False,0,,0.0,other
BIIB,BIIB,,,20624332800.0,20624332800.0,198468647.3157501,,,,,,,False,False,False,0,,0.0,other
PODD,PODD,,,24526856192.0,24526856192.0,198742606.55899048,,,,,,,False,False,False,0,,0.0,other
GPN,GPN,,,21296041984.0,21296041984.0,199105567.2811508,,,,,,,False,False,False,0,,0.0,other
AME,AME,,,43292327936.0,43292327936.0,199137317.7194214,,,,,,,False,False,False,0,,0.0,other
GLXY,GLXY,,,8838981632.0,8838981632.0,201020048.2466507,,,,,,,False,False,False,0,,0.0,other
NTRA,NTRA,,,23060410368.0,23060410368.0,201414111.4289856,,,,,,,False,False,False,0,,0.0,other
VRSN,VRSN,,,26162814976.0,26162814976.0,205079419.3812561,,,,,,,False,False,False,0,,0.0,other
ENTG,ENTG,,,12411772928.0,12411772928.0,205288991.7702484,,,,,,,False,False,False,0,,0.0,other
GTES,GTES,,,6679153152.0,6679153152.0,45261864.823179245,,,,,,,False,False,False,0,,0.0,other
HPQ,HPQ,,,27424157696.0,27424157696.0,256864221.84726715,,,,,,,False,False,False,0,,0.0,other
CTSH,CTSH,,,35076599808.0,35076599808.0,257372329.0839386,,,,,,,False,False,False,0,,0.0,other
CIEN,CIEN,,,16493316096.0,16493316096.0,261389767.1080017,,,,,,,False,False,False,0,,0.0,other
ARGX,ARGX,,,45947662336.0,45947662336.0,266097908.140564,,,,,,,False,False,False,0,,0.0,other
COO,COO,,,13536903168.0,13536903168.0,214603496.9364548,,,,,,,False,False,False,0,,0.0,other
LII,LII,,,20303601664.0,20303601664.0,215617553.4680176,,,,,,,False,False,False,0,,0.0,other
ETHZ,ETHZ,,,382598368.0,382598368.0,218972949.02926207,,,,,,,False,False,False,0,,0.0,other
CBOE,CBOE,,,24325541888.0,24325541888.0,220012688.4979248,,,,,,,False,False,False,0,,0.0,other
DOCU,DOCU,,,16136752128.0,16136752128.0,220056902.424736,,,,,,,False,False,False,0,,0.0,other
LUV,LUV,,,16485651456.0,16485651456.0,221140357.0257473,,,,,,,False,False,False,0,,0.0,other
IOT,IOT,,,23963353088.0,23963353088.0,221742625.36096573,,,,,,,False,False,False,0,,0.0,other
BILL,BILL,,,5237958656.0,5237958656.0,222829689.8674965,,,,,,,False,False,False,0,,0.0,other
IQV,IQV,,,31905599488.0,31905599488.0,223869445.21713257,,,,,,,False,False,False,0,,0.0,other
DAY,DAY,,,10888268800.0,10888268800.0,227313775.02981183,,,,,,,False,False,False,0,,0.0,other
MOH,MOH,,,9466030080.0,9466030080.0,256389765.46333316,,,,,,,False,False,False,0,,0.0,other
A,A,,,36500623360.0,36500623360.0,195806912.2872162,,,,,,,False,False,False,0,,0.0,other
FTV,FTV,,,16196144128.0,16196144128.0,196075500.25669095,,,,,,,False,False,False,0,,0.0,other
ACGL,ACGL,,,34071255040.0,34071255040.0,166699052.48893738,,,,,,,False,False,False,0,,0.0,other
MTB,MTB,,,31186604032.0,31186604032.0,170215840.36354065,,,,,,,False,False,False,0,,0.0,other
AGNC,AGNC,,,10802740224.0,10802740224.0,171272364.67801094,,,,,,,False,False,False,0,,0.0,other
THC,THC,,,17332699136.0,17332699136.0,171582934.7895813,,,,,,,False,False,False,0,,0.0,other
ICLR,ICLR,,,13600784384.0,13600784384.0,171714039.9747467,,,,,,,False,False,False,0,,0.0,other
MTD,MTD,,,26896318464.0,26896318464.0,171756381.6845703,,,,,,,False,False,False,0,,0.0,other
TW,TW,,,26015088640.0,26015088640.0,171918534.7359848,,,,,,,False,False,False,0,,0.0,other
WAT,WAT,,,18233421824.0,18233421824.0,172090931.305542,,,,,,,False,False,False,0,,0.0,other
GWRE,GWRE,,,21950529536.0,21950529536.0,172187250.57533264,,,,,,,False,False,False,0,,0.0,other
BR,BR,,,29401722880.0,29401722880.0,172615821.2891388,,,,,,,False,False,False,0,,0.0,other
WTW,WTW,,,32119629824.0,32119629824.0,172765728.65493774,,,,,,,False,False,False,0,,0.0,other
GEHC,GEHC,,,34575441920.0,34575441920.0,205877237.51205444,,,,,,,False,False,False,0,,0.0,other
RSG,RSG,,,71725383680.0,71725383680.0,231955593.3795929,,,,,,,False,False,False,0,,0.0,other
PCAR,PCAR,,,52011454464.0,52011454464.0,207873961.85253143,,,,,,,False,False,False,0,,0.0,other
AMP,AMP,,,46125207552.0,46125207552.0,210446130.7417297,,,,,,,False,False,False,0,,0.0,other
ONDS,ONDS,,,1545429504.0,1545429504.0,213311792.08051205,,,,,,,False,False,False,0,,0.0,other
HUBB,HUBB,,,23171166208.0,23171166208.0,180454224.0018753,,,,,,,False,False,False,0,,0.0,other
FLEX,FLEX,,,20814446592.0,20814446592.0,181274112.75857925,,,,,,,False,False,False,0,,0.0,other
SNDK,SNDK,,,9995001856.0,9995001856.0,181633985.96549988,,,,,,,False,False,False,0,,0.0,other
CLSK,CLSK,,,2597207040.0,2597207040.0,182425109.4260311,,,,,,,False,False,False,0,,0.0,other
CHRW,CHRW,,,14894817280.0,14894817280.0,185003025.8833313,,,,,,,False,False,False,0,,0.0,other
STT,STT,,,32043350016.0,32043350016.0,185761633.01948547,,,,,,,False,False,False,0,,0.0,other
WAB,WAB,,,33024698368.0,33024698368.0,187418326.34902957,,,,,,,False,False,False,0,,0.0,other
WIX,WIX,,,8522801664.0,8522801664.0,189256799.0509033,,,,,,,False,False,False,0,,0.0,other
EME,EME,,,27995531264.0,27995531264.0,190477219.99450684,,,,,,,False,False,False,0,,0.0,other
CDW,CDW,,,22244982784.0,22244982784.0,190493455.5630493,,,,,,,False,False,False,0,,0.0,other
BWXT,BWXT,,,14956483584.0,14956483584.0,192017098.1538391,,,,,,,False,False,False,0,,0.0,other
FHN,FHN,,,11292315648.0,11292315648.0,230954447.36445427,,,,,,,False,False,False,0,,0.0,other
SYF,SYF,,,28131303424.0,28131303424.0,206370270.61489105,,,,,,,False,False,False,0,,0.0,other
FCNCA,FCNCA,,,24615026688.0,24615026688.0,282898812.3449707,,,,,,,False,False,False,0,,0.0,other
ROK,ROK,,,38200578048.0,38200578048.0,294638755.66741943,,,,,,,False,False,False,0,,0.0,other
GWW,GWW,,,47519854592.0,47519854592.0,295230038.6026001,,,,,,,False,False,False,0,,0.0,other
LHX,LHX,,,50962812928.0,50962812928.0,296359649.1270447,,,,,,,False,False,False,0,,0.0,other
JBL,JBL,,,22547722240.0,22547722240.0,296475150.7792664,,,,,,,False,False,False,0,,0.0,other
CMI,CMI,,,55093731328.0,55093731328.0,297812271.90734863,,,,,,,False,False,False,0,,0.0,other
OTIS,OTIS,,,34145325056.0,34145325056.0,302167226.6755676,,,,,,,False,False,False,0,,0.0,other
AIG,AIG,,,43882655744.0,43882655744.0,305402725.72597504,,,,,,,False,False,False,0,,0.0,other
UTHR,UTHR,,,18114037760.0,18114037760.0,307041504.2097473,,,,,,,False,False,False,0,,0.0,other
BK,BK,,,73126445056.0,73126445056.0,307625043.287468,,,,,,,False,False,False,0,,0.0,other
CPRT,CPRT,,,46964080640.0,46964080640.0,308083381.9312477,,,,,,,False,False,False,0,,0.0,other
GDDY,GDDY,,,20108333056.0,20108333056.0,311763743.6444855,,,,,,,False,False,False,0,,0.0,other
ZM,ZM,,,25044502528.0,25044502528.0,322720293.0788803,,,,,,,False,False,False,0,,0.0,other
TOST,TOST,,,24031260672.0,24031260672.0,328532561.16601944,,,,,,,False,False,False,0,,0.0,other
CORZ,CORZ,,,4159656960.0,4159656960.0,229785765.39775848,,,,,,,False,False,False,0,,0.0,other
PWR,PWR,,,55504736256.0,55504736256.0,342990228.9419556,,,,,,,False,False,False,0,,0.0,other
CARR,CARR,,,55750516736.0,55750516736.0,344297531.65340424,,,,,,,False,False,False,0,,0.0,other
RKT,RKT,,,42762579968.0,42762579968.0,355916517.9057121,,,,,,,False,False,False,0,,0.0,other
IT,IT,,,18624190464.0,18624190464.0,359965966.2388611,,,,,,,False,False,False,0,,0.0,other
CNC,CNC,,,14233033728.0,14233033728.0,364559175.39424896,,,,,,,False,False,False,0,,0.0,other
REGN,REGN,573.3800048828125,573.3800048828125,60770828288.0,60770828288.0,573260054.7967529,0.0,NEUTRAL,,,,,False,False,False,0,,0.0,other
CXT,CXT,,,3508251904.0,3508251904.0,25444147.00527191,,,,,,,False,False,False,0,,0.0,other
AGO,AGO,,,3911209216.0,3911209216.0,28468900.12809753,,,,,,,False,False,False,0,,0.0,other
BHF,BHF,,,2478128128.0,2478128128.0,29801567.08213806,,,,,,,False,False,False,0,,0.0,other
RLI,RLI,,,6159923200.0,6159923200.0,30034324.344406128,,,,,,,False,False,False,0,,0.0,other
MAN,MAN,,,1909970688.0,1909970688.0,30268846.571331024,,,,,,,False,False,False,0,,0.0,other
TFSL,TFSL,,,3820163584.0,3820163584.0,4827284.979376793,,,,,,,False,False,False,0,,0.0,other
CNXC,CNXC,,,3392010752.0,3392010752.0,30474318.944416046,,,,,,,False,False,False,0,,0.0,other
DXC,DXC,,,2647395328.0,2647395328.0,21241120.112543102,,,,,,,False,False,False,0,,0.0,other
FHB,FHB,,,3206678272.0,3206678272.0,25166066.875019077,,,,,,,False,False,False,0,,0.0,other
TRV,TRV,,,61961379840.0,61961379840.0,329491956.3645935,,,,,,,False,False,False,0,,0.0,other
RMD,RMD,,,40564277248.0,40564277248.0,282938728.7840271,,,,,,,False,False,False,0,,0.0,other
ODFL,ODFL,,,31674421248.0,31674421248.0,285191278.57048035,,,,,,,False,False,False,0,,0.0,other
PAYX,PAYX,,,48705441792.0,48705441792.0,286365127.5325775,,,,,,,False,False,False,0,,0.0,other
FERG,FERG,,,47831498752.0,47831498752.0,288446678.9577484,,,,,,,False,False,False,0,,0.0,other
EW,EW,,,47519879168.0,47519879168.0,294058752.41306305,,,,,,,False,False,False,0,,0.0,other
QUBT,QUBT,,,2415832320.0,2415832320.0,238681643.7816906,,,,,,,False,False,False,0,,0.0,other
NTNX,NTNX,,,18743943168.0,18743943168.0,239140988.3809662,,,,,,,False,False,False,0,,0.0,other
MET,MET,,,52876218368.0,52876218368.0,240057566.8087387,,,,,,,False,False,False,0,,0.0,other
ARES,ARES,,,57928417280.0,57928417280.0,241683345.1725006,,,,,,,False,False,False,0,,0.0,other
ALL,ALL,,,53104160768.0,53104160768.0,242794600.14282227,,,,,,,False,False,False,0,,0.0,other
EFX,EFX,,,30758594560.0,30758594560.0,243548870.64735413,,,,,,,False,False,False,0,,0.0,other
NDAQ,NDAQ,,,53638361088.0,53638361088.0,244079789.1150284,,,,,,,False,False,False,0,,0.0,other
MRNA,MRNA,,,9781471232.0,9781471232.0,248344490.4246235,,,,,,,False,False,False,0,,0.0,other
FIS,FIS,,,35908333568.0,35908333568.0,250599088.30684665,,,,,,,False,False,False,0,,0.0,other
PSTG,PSTG,,,25894899712.0,25894899712.0,281484085.6995392,,,,,,,False,False,False,0,,0.0,other
RUN,RUN,,,4194725888.0,4194725888.0,256103090.69067,,,,,,,False,False,False,0,,0.0,other
DXCM,DXCM,,,31572400128.0,31572400128.0,314555630.2813721,,,,,,,False,False,False,0,,0.0,other
MSCI,MSCI,,,42949292032.0,42949292032.0,314628234.375,,,,,,,False,False,False,0,,0.0,other
TFC,TFC,,,59984748544.0,59984748544.0,315966793.6223602,,,,,,,False,False,False,0,,0.0,other
TEL,TEL,,,61678911488.0,61678911488.0,318409886.0601044,,,,,,,False,False,False,0,,0.0,other
LYFT,LYFT,,,6771323392.0,6771323392.0,322633510.71683407,,,,,,,False,False,False,0,,0.0,other
FAST,FAST,,,55075250176.0,55075250176.0,267740016.34174347,,,,,,,False,False,False,0,,0.0,other
GTLB,GTLB,,,7626666496.0,7626666496.0,268245498.20114136,,,,,,,False,False,False,0,,0.0,other
FIX,FIX,,,24919676928.0,24919676928.0,270639396.4047241,,,,,,,False,False,False,0,,0.0,other
VRSK,VRSK,,,37766365184.0,37766365184.0,274447418.3598328,,,,,,,False,False,False,0,,0.0,other
VKTX,VKTX,,,3033766144.0,3033766144.0,276753769.35507774,,,,,,,False,False,False,0,,0.0,other
AFL,AFL,,,57189478400.0,57189478400.0,277232540.8052826,,,,,,,False,False,False,0,,0.0,other
BLDR,BLDR,,,16494718976.0,16494718976.0,277486629.2172241,,,,,,,False,False,False,0,,0.0,other
IDXX,IDXX,,,51442225152.0,51442225152.0,278726065.055542,,,,,,,False,False,False,0,,0.0,other
ENPH,ENPH,,,5184277504.0,5184277504.0,280647796.9057083,,,,,,,False,False,False,0,,0.0,other
LPLA,LPLA,,,26640562176.0,26640562176.0,251930408.3137512,,,,,,,False,False,False,0,,0.0,other
MKTX,MKTX,,,7005712384.0,7005712384.0,122592250.08590698,,,,,,,False,False,False,0,,0.0,other
WST,WST,,,18029316096.0,18029316096.0,123174936.43211363,,,,,,,False,False,False,0,,0.0,other
WMS,WMS,,,11539263488.0,11539263488.0,123883592.32414246,,,,,,,False,False,False,0,,0.0,other
NTRS,NTRS,,,24265422848.0,24265422848.0,123937423.53214264,,,,,,,False,False,False,0,,0.0,other
LH,LH,,,23157477376.0,23157477376.0,125120394.73709106,,,,,,,False,False,False,0,,0.0,other
CW,CW,,,18149165056.0,18149165056.0,125513536.64138794,,,,,,,False,False,False,0,,0.0,other
ALLE,ALLE,,,14753579008.0,14753579008.0,125896853.86375429,,,,,,,False,False,False,0,,0.0,other
EPAM,EPAM,,,9438397440.0,9438397440.0,125926834.90356444,,,,,,,False,False,False,0,,0.0,other
AUR,AUR,,,10573741056.0,10573741056.0,127018358.4150052,,,,,,,False,False,False,0,,0.0,other
CRL,CRL,,,8070637056.0,8070637056.0,127321178.5157776,,,,,,,False,False,False,0,,0.0,other
JKHY,JKHY,,,11822656512.0,11822656512.0,140640823.78181458,,,,,,,False,False,False,0,,0.0,other
DGX,DGX,,,20518402048.0,20518402048.0,141057308.4210205,,,,,,,False,False,False,0,,0.0,other
THAR,THAR,,,19638100.0,19638100.0,141299678.57228816,,,,,,,False,False,False,0,,0.0,other
OWL,OWL,,,27565606912.0,27565606912.0,141838040.12688637,,,,,,,False,False,False,0,,0.0,other
IR,IR,,,32173817856.0,32173817856.0,192598626.425972,,,,,,,False,False,False,0,,0.0,other
UHS,UHS,,,12098989056.0,12098989056.0,127808831.16462708,,,,,,,False,False,False,0,,0.0,other
AAOI,AAOI,,,1495867648.0,1495867648.0,128015104.08875464,,,,,,,False,False,False,0,,0.0,other
CRSP,CRSP,,,4989538816.0,4989538816.0,128431990.43113708,,,,,,,False,False,False,0,,0.0,other
LDOS,LDOS,,,22965161984.0,22965161984.0,128911302.76428224,,,,,,,False,False,False,0,,0.0,other
TRMB,TRMB,,,19213615104.0,19213615104.0,129004843.0752182,,,,,,,False,False,False,0,,0.0,other
PNR,PNR,,,18137327616.0,18137327616.0,129060090.09155272,,,,,,,False,False,False,0,,0.0,other
PGY,PGY,,,2854428928.0,2854428928.0,129071176.96393968,,,,,,,False,False,False,0,,0.0,other
MIDD,MIDD,,,7320058880.0,7320058880.0,130219420.33367155,,,,,,,False,False,False,0,,0.0,other
GEN,GEN,,,18168135680.0,18168135680.0,130458740.35146712,,,,,,,False,False,False,0,,0.0,other
CPAY,CPAY,,,22360049664.0,22360049664.0,130617189.08309937,,,,,,,False,False,False,0,,0.0,other
RPRX,RPRX,,,21035085824.0,21035085824.0,131118320.13753892,,,,,,,False,False,False,0,,0.0,other
RJF,RJF,,,32998051840.0,32998051840.0,149832655.8592224,,,,,,,False,False,False,0,,0.0,other
MAS,MAS,,,15926319104.0,15926319104.0,149921049.67948914,,,,,,,False,False,False,0,,0.0,other
XYL,XYL,,,34213709824.0,34213709824.0,149995643.11172485,,,,,,,False,False,False,0,,0.0,other
CHKP,CHKP,,,20728596480.0,20728596480.0,150701843.8607025,,,,,,,False,False,False,0,,0.0,other
CAR,CAR,,,5500040192.0,5500040192.0,142298888.29666138,,,,,,,False,False,False,0,,0.0,other
TMDX,TMDX,,,3545742592.0,3545742592.0,110080780.61286926,,,,,,,False,False,False,0,,0.0,other
PNFP,PNFP,,,7552407040.0,7552407040.0,110502852.77736664,,,,,,,False,False,False,0,,0.0,other
HOLX,HOLX,,,14848693248.0,14848693248.0,112332779.32029724,,,,,,,False,False,False,0,,0.0,other
SEZL,SEZL,,,2920917504.0,2920917504.0,113083787.404747,,,,,,,False,False,False,0,,0.0,other
TLRY,TLRY,,,1307250816.0,1307250816.0,113445829.1560766,,,,,,,False,False,False,0,,0.0,other
STE,STE,,,24159744000.0,24159744000.0,113470211.3041687,,,,,,,False,False,False,0,,0.0,other
HSIC,HSIC,,,8419637248.0,8419637248.0,113534432.0310974,,,,,,,False,False,False,0,,0.0,other
RRX,RRX,,,9661428736.0,9661428736.0,113856598.21899414,,,,,,,False,False,False,0,,0.0,other
HQY,HQY,,,7881579008.0,7881579008.0,114078219.0392685,,,,,,,False,False,False,0,,0.0,other
GRAB,GRAB,,,21035048960.0,21035048960.0,127370698.21833134,,,,,,,False,False,False,0,,0.0,other
RNA,RNA,,,6478965248.0,6478965248.0,127406691.40285492,,,,,,,False,False,False,0,,0.0,other
S,S,,,6248440320.0,6248440320.0,127485042.20483305,,,,,,,False,False,False,0,,0.0,other
CNH,CNH,,,14334396416.0,14334396416.0,127547239.42734718,,,,,,,False,False,False,0,,0.0,other
STRL,STRL,,,8699454464.0,8699454464.0,127644158.35708618,,,,,,,False,False,False,0,,0.0,other
QRVO,QRVO,,,8606658560.0,8606658560.0,121706172.5479126,,,,,,,False,False,False,0,,0.0,other
WWD,WWD,,,14562792448.0,14562792448.0,116982461.29005432,,,,,,,False,False,False,0,,0.0,other
CYTK,CYTK,,,6343017472.0,6343017472.0,117036209.02334212,,,,,,,False,False,False,0,,0.0,other
SLNO,SLNO,,,3707926528.0,3707926528.0,117249660.02037048,,,,,,,False,False,False,0,,0.0,other
IEX,IEX,,,12417133568.0,12417133568.0,117501964.1405487,,,,,,,False,False,False,0,,0.0,other
IPDN,IPDN,,,16097939.0,16097939.0,117607606.7762226,,,,,,,False,False,False,0,,0.0,other
AL,AL,,,7119430656.0,7119430656.0,117936282.9633522,,,,,,,False,False,False,0,,0.0,other
RBA,RBA,,,21407238144.0,21407238144.0,118233676.67549132,,,,,,,False,False,False,0,,0.0,other
ALTS,ALTS,,,549142080.0,549142080.0,118849067.40017892,,,,,,,False,False,False,0,,0.0,other
BBIO,BBIO,,,10204601344.0,10204601344.0,119137815.30515672,,,,,,,False,False,False,0,,0.0,other
EVR,EVR,,,12303852544.0,12303852544.0,119349372.20855711,,,,,,,False,False,False,0,,0.0,other
NLY,NLY,,,14183459840.0,14183459840.0,131955989.1333866,,,,,,,False,False,False,0,,0.0,other
ONTO,ONTO,,,5099804672.0,5099804672.0,132043026.38755798,,,,,,,False,False,False,0,,0.0,other
COLB,COLB,,,8047699968.0,8047699968.0,132407872.4714756,,,,,,,False,False,False,0,,0.0,other
GLOB,GLOB,,,2780669440.0,2780669440.0,132809645.19874571,,,,,,,False,False,False,0,,0.0,other
FFIV,FFIV,,,18146996224.0,18146996224.0,132819855.54290771,,,,,,,False,False,False,0,,0.0,other
VSAT,VSAT,,,3980898048.0,3980898048.0,116639109.3347168,,,,,,,False,False,False,0,,0.0,other
BAX,BAX,,,12542624768.0,12542624768.0,166692617.354002,,,,,,,False,False,False,0,,0.0,other
XPO,XPO,,,15416223744.0,15416223744.0,151459054.6181488,,,,,,,False,False,False,0,,0.0,other
COOP,COOP,,,13637612544.0,13637612544.0,151549340.20866394,,,,,,,False,False,False,0,,0.0,other
MEDP,MEDP,,,13680729088.0,13680729088.0,152479920.30075073,,,,,,,False,False,False,0,,0.0,other
MTZ,MTZ,,,14045624320.0,14045624320.0,153060003.10165405,,,,,,,False,False,False,0,,0.0,other
AVTR,AVTR,,,9073946624.0,9073946624.0,153721367.00586796,,,,,,,False,False,False,0,,0.0,other
DOV,DOV,,,24375568384.0,24375568384.0,154080977.7571869,,,,,,,False,False,False,0,,0.0,other
GH,GH,,,7498571776.0,7498571776.0,154148409.4118309,,,,,,,False,False,False,0,,0.0,other
FITB,FITB,,,30195283968.0,30195283968.0,154840687.22549438,,,,,,,False,False,False,0,,0.0,other
TRU,TRU,,,17535895552.0,17535895552.0,154907639.47666168,,,,,,,False,False,False,0,,0.0,other
LSCC,LSCC,,,9050194944.0,9050194944.0,155578254.4249916,,,,,,,False,False,False,0,,0.0,other
FTAI,FTAI,,,15795934208.0,15795934208.0,155682523.89556885,,,,,,,False,False,False,0,,0.0,other
HIG,HIG,,,37021917184.0,37021917184.0,172888232.1799469,,,,,,,False,False,False,0,,0.0,other
SRPT,SRPT,,,1958413056.0,1958413056.0,174628854.58218575,,,,,,,False,False,False,0,,0.0,other
SWK,SWK,,,12138788864.0,12138788864.0,151033116.46297455,,,,,,,False,False,False,0,,0.0,other
KEYS,KEYS,,,28854622208.0,28854622208.0,178619170.17593384,,,,,,,False,False,False,0,,0.0,other
AVAV,AVAV,,,11288672256.0,11288672256.0,178629566.1429596,,,,,,,False,False,False,0,,0.0,other
PTC,PTC,,,25623721984.0,25623721984.0,159253040.53001404,,,,,,,False,False,False,0,,0.0,other
AKAM,AKAM,,,11264403456.0,11264403456.0,159271528.2144928,,,,,,,False,False,False,0,,0.0,other
EXAS,EXAS,,,10187255808.0,10187255808.0,159482638.45363617,,,,,,,False,False,False,0,,0.0,other
BAH,BAH,,,12626860032.0,12626860032.0,160513898.95275116,,,,,,,False,False,False,0,,0.0,other
BULL,BULL,,,6267779072.0,6267779072.0,161073217.6183653,,,,,,,False,False,False,0,,0.0,other
SWKS,SWKS,,,11161785344.0,11161785344.0,161519633.5661316,,,,,,,False,False,False,0,,0.0,other
DT,DT,,,15075299328.0,15075299328.0,161724328.23839188,,,,,,,False,False,False,0,,0.0,other
IONS,IONS,,,9759511552.0,9759511552.0,161913186.13651276,,,,,,,False,False,False,0,,0.0,other
MDGL,MDGL,,,9648685056.0,9648685056.0,162981281.44348145,,,,,,,False,False,False,0,,0.0,other
CG,CG,,,23058694144.0,23058694144.0,163940124.61156845,,,,,,,False,False,False,0,,0.0,other
EQH,EQH,,,15986236416.0,15986236416.0,164015985.01943588,,,,,,,False,False,False,0,,0.0,other
RBRK,RBRK,,,17594316800.0,17594316800.0,192291453.14792636,,,,,,,False,False,False,0,,0.0,other
ELAN,ELAN,,,9156282368.0,9156282368.0,192442427.33020785,,,,,,,False,False,False,0,,0.0,other
CFG,CFG,,,22305056768.0,22305056768.0,177268869.17966843,,,,,,,False,False,False,0,,0.0,other
BRKR,BRKR,,,4677496832.0,4677496832.0,133116763.968153,,,,,,,False,False,False,0,,0.0,other
ALK,ALK,,,7281826816.0,7281826816.0,133578174.09578323,,,,,,,False,False,False,0,,0.0,other
ATI,ATI,,,10699897856.0,10699897856.0,133790127.76763916,,,,,,,False,False,False,0,,0.0,other
FNB,FNB,,,5918692864.0,5918692864.0,134042726.54354095,,,,,,,False,False,False,0,,0.0,other
PATH,PATH,,,6147597824.0,6147597824.0,134152278.50311756,,,,,,,False,False,False,0,,0.0,other
EXPD,EXPD,,,16409785344.0,16409785344.0,134450743.30078125,,,,,,,False,False,False,0,,0.0,other
OC,OC,,,13011617792.0,13011617792.0,135457108.3783722,,,,,,,False,False,False,0,,0.0,other
ILMN,ILMN,,,15660618752.0,15660618752.0,136589765.38791656,,,,,,,False,False,False,0,,0.0,other
SEDG,SEDG,,,2043680512.0,2043680512.0,137761266.9624424,,,,,,,False,False,False,0,,0.0,other
HUT,HUT,,,2678300672.0,2678300672.0,139039847.53079414,,,,,,,False,False,False,0,,0.0,other
ZBH,ZBH,,,20944691200.0,20944691200.0,139978779.3845749,,,,,,,False,False,False,0,,0.0,other
ZBRA,ZBRA,,,15955223552.0,15955223552.0,156628988.72802734,,,,,,,False,False,False,0,,0.0,other
NXT,NXT,,,10642954240.0,10642954240.0,157405222.5092125,,,,,,,False,False,False,0,,0.0,other
GNRC,GNRC,,,10637959168.0,10637959168.0,157801588.28575134,,,,,,,False,False,False,0,,0.0,other
QXO,QXO,,,14851931136.0,14851931136.0,166349226.40291214,,,,,,,False,False,False,0,,0.0,other
TYL,TYL,,,24224878592.0,24224878592.0,159127652.93670654,,,,,,,False,False,False,0,,0.0,other
VRNA,VRNA,,,9034105856.0,9034105856.0,142554911.8225479,,,,,,,False,False,False,0,,0.0,other
HEI,HEI,,,38941425664.0,38941425664.0,143233013.8067627,,,,,,,False,False,False,0,,0.0,other
PAYC,PAYC,,,12608229376.0,12608229376.0,143495553.0052948,,,,,,,False,False,False,0,,0.0,other
FOUR,FOUR,,,7745679872.0,7745679872.0,144647068.02818298,,,,,,,False,False,False,0,,0.0,other
TDY,TDY,,,25743194112.0,25743194112.0,145007099.5175171,,,,,,,False,False,False,0,,0.0,other
CSL,CSL,,,16937828352.0,16937828352.0,145062773.01757812,,,,,,,False,False,False,0,,0.0,other
HALO,HALO,,,8764262400.0,8764262400.0,147578026.9536972,,,,,,,False,False,False,0,,0.0,other
NVT,NVT,,,14935882752.0,14935882752.0,147933294.7850418,,,,,,,False,False,False,0,,0.0,other
JBHT,JBHT,,,13912962048.0,13912962048.0,148990390.58288574,,,,,,,False,False,False,0,,0.0,other
INCY,INCY,,,16918712320.0,16918712320.0,149387138.399086,,,,,,,False,False,False,0,,0.0,other
TROW,TROW,,,23764375552.0,23764375552.0,149600789.2262268,,,,,,,False,False,False,0,,0.0,other
SAIA,SAIA,,,8341063168.0,8341063168.0,164855737.8843689,,,,,,,False,False,False,0,,0.0,other
CFLT,CFLT,,,6667348992.0,6667348992.0,165065698.80631447,,,,,,,False,False,False,0,,0.0,other
PRU,PRU,,,37203894272.0,37203894272.0,165664236.9190216,,,,,,,False,False,False,0,,0.0,other
FDS,FDS,,,14026700800.0,14026700800.0,158123089.23477173,,,,,,,False,False,False,0,,0.0,other
FTNT,FTNT,78.83000183105469,78.83000183105469,60404748288.0,60404748288.0,762172748.6968613,-0.04242424242424242,NEUTRAL,,,,,False,False,False,0,,-0.025454545454545452,other
JCI,JCI,106.2300033569336,106.2300033569336,69515321344.0,69515321344.0,550285985.2462769,-0.045454545454545456,NEUTRAL,,,,,False,False,False,0,,-0.02727272727272727,other
RGTI,RGTI,15.100000381469727,15.100000381469727,4894891520.0,4894891520.0,648860304.0610933,-0.045454545454545456,NEUTRAL,,,,,False,False,False,0,,-0.02727272727272727,other
TEAM,TEAM,172.42999267578125,172.42999267578125,45234421760.0,45234421760.0,497654799.0164948,-0.08787878787878788,NEUTRAL,,,,,False,False,False,0,,-0.05272727272727273,other
XYZ,XYZ,74.94000244140625,74.94000244140625,45682225152.0,45682225152.0,562239269.9634552,-0.09090909090909091,NEUTRAL,,,,,False,False,False,0,,-0.05454545454545454,other
SMCI,SMCI,40.40999984741211,40.40999984741211,24014583762.77356,24014583762.77356,1127563689.539585,-0.2424242424242424,SELL,HOLD,23.0,,,False,False,False,0,20+,-0.06878787878787877,other
ON,ON,49.11000061035156,49.11000061035156,20082668035.0,20082668035.0,375690707.8215599,-0.28787878787878785,SELL,HOLD,40.0,,,False,False,False,0,20+,-0.0727272727272727,other
NSC,NSC,277.75,277.75,62314323968.0,62314323968.0,549545930.5897522,-0.13636363636363635,NEUTRAL,,,,,False,False,False,0,,-0.0818181818181818,other
VRT,VRT,124.0,124.0,47351508992.0,47351508992.0,791689459.596138,-0.22424242424242424,SELL,,,,,False,False,False,0,,-0.13454545454545455,other
CRWV,CRWV,89.08999633789062,89.08999633789062,43526911729.033714,43526911729.033714,2999730221.2577057,-0.38461538461538464,SELL,HOLD,25.0,,,False,False,False,0,20+,-0.14743589743589744,other
UPS,UPS,85.04000091552734,85.04000091552734,72077352960.0,72077352960.0,720441202.286911,-0.26363636363636367,SELL,,,,,False,False,False,0,,-0.1581818181818182,other
CSX,CSX,32.529998779296875,32.529998779296875,60645027840.0,60645027840.0,830258127.1793747,-0.35757575757575755,SELL,,,,,False,False,False,0,,-0.2145454545454545,other
PYPL,PYPL,68.26000213623047,68.26000213623047,65214103552.0,65214103552.0,646369415.0697708,-0.37575757575757573,SELL,,,,,False,False,False,0,,-0.22545454545454544,other
ROP,ROP,518.4400024414062,518.4400024414062,55791310626.0,55791310626.0,403319892.6400757,-0.4666666666666667,SELL,HOLD,15.0,,,False,False,False,0,15–19,-0.22999999999999998,other
FI,FI,135.0500030517578,135.0500030517578,73412239360.0,73412239360.0,535568658.0767822,-0.4666666666666667,SELL,,,,,False,False,False,0,,-0.27999999999999997,other
TDG,TDG,1271.0400390625,1271.0400390625,71623491584.0,71623491584.0,470021564.0661621,-0.49090909090909096,SELL,,,,,False,False,False,0,,-0.29454545454545455,other
MARA,MARA,15.1899995803833,15.1899995803833,5627256832.0,5627256832.0,771568087.2201729,-0.5575757575757576,STRONG_SELL,,,,,False,False,False,0,,-0.33454545454545453,other
