sector,heat,top_headline
Information Technology,47,Applied Materials vs. Broadcom: Which Semiconductor Stock Is a Better Buy in 2026? - The Motley Fool
Health Care,55,Royalty Pharma Owns a Piece of 16 Blockbuster Drugs -- Is the Stock a Buy? - Yahoo Finance
Financials,44,Top Financial Stocks To Follow Today - October 1st - MarketBeat
Industrials,51,Winners And Losers Of Q2: TTM Technologies (NASDAQ:TTMI) Vs The Rest Of The Electronic Components & Manufacturing Stocks - TradingView
Consumer Discretionary,51,Consumer Confidence Fell to Its Lowest Level Since 2014 and Consumer Stocks Are Already Paying for It - 24/7 Wall St.
Consumer Staples,24,"Coca-Cola, Keurig Dr Pepper Stocks Look Like Bargains to This Fidelity Fund Manager - Barron's"
Energy,54,Uranium Hits Record High While Nuclear Stocks Slide - Crude Oil Prices Today | OilPrice.com
Utilities,50,"American Electric Power Company, Inc. (AEP) Stock Price, News, Quote & History - Yahoo! Finance Canada"
Materials,11,Ten materials stocks that fell the most over the past month - TradingView
Real Estate,60,"Choice Properties Real Estate Investment Trust (PPRQF) Stock Price, News, Quote & History - Yahoo! Finance Canada"
Communication Services,58,"Quebecor Inc. (QBR-B.TO) Stock Price, News, Quote & History - Yahoo! Finance Canada"
