etf,sector,chg_1d,chg_5d,chg_1m,chg_3m,rs_ratio,rs_mom,quadrant
XLK,Information Technology,-0.89,-0.16,3.26,5.04,104.6,4.9,Leading
XLE,Energy,0.12,-0.55,0.31,16.62,102.2,-5.84,Weakening
XLV,Health Care,0.33,1.33,0.2,6.95,102.2,0.6,Leading
XLC,Communication Services,-1.57,-3.1,0.13,3.41,99.2,-4.03,Lagging
XLP,Consumer Staples,0.28,0.45,-2.64,-1.82,96.9,-2.01,Lagging
XLI,Industrials,-0.99,-0.72,-5.37,-7.42,93.7,0.22,Improving
XLY,Consumer Discretionary,-1.42,-2.89,-5.74,-6.74,93.9,-2.87,Lagging
XLF,Financials,-1.17,-3.04,-6.03,1.25,94.8,-5.4,Lagging
XLRE,Real Estate,-0.49,-2.9,-6.62,-7.16,93.0,-2.92,Lagging
XLB,Materials,-0.68,-0.5,-6.65,-1.92,95.4,-1.48,Lagging
XLU,Utilities,-0.61,-3.42,-8.39,-14.04,89.7,-4.15,Lagging
