ticker,themes,score,setup,price,rsi,macd_hist,chg_1d,chg_7d,chg_1m,avg_dollar_vol,dist_to_high_pct,base_depth_pct,bbwidth_pctile,vol_dryup,overext,c_trend,c_base,c_vcp,c_volume,c_pivot,c_momentum,c_rs,c_hi52,mcap_usd,catalyst,catalyst_days,catalyst_n,buzz,first_scan_date,first_scan_price,pct_since_first,days_tracked
MSFT,ia,86.4,Cup & Handle probable,529.3,68.0,1.437,0.78,4.0,5.92,11020981895.0,0.6,27.1,35.0,0.92,0.0,0.858,1.0,0.487,0.793,1.0,0.742,1.0,0.879,3930935308283.128,,,0,248,2026-05-29,450.24,17.56,131
NVDA,ia|robotique|semiconducteurs,83.6,Cup & Handle probable,239.24,67.3,1.373,0.14,5.29,3.97,24425971529.0,0.4,21.0,56.0,0.59,0.0,0.826,1.0,0.586,0.563,0.943,0.784,0.984,0.943,5721511091857.91,,,0,246,2026-01-05,187.89,27.33,275
ZBRA,robotique,83.6,Cup & Handle probable,385.78,69.0,1.565,2.69,2.61,6.35,199127893.0,0.1,31.9,40.0,0.79,0.0,0.923,1.0,0.669,0.895,0.847,0.395,0.992,0.957,18303074803.19092,,,0,8,2026-05-14,258.1,49.47,146
ATKR,equipement_electrique,82.7,Squeeze / VCP prêt à casser,94.72,70.4,-0.25,-0.06,-0.01,1.02,76387888.0,0.2,25.8,7.0,0.64,0.0,0.807,1.0,0.957,0.812,0.867,0.691,0.714,0.994,3202361728.5332794,Événement,22.0,1,1,2026-01-05,65.77,44.02,275
NVT,equipement_electrique|gestion_thermique,82.6,Cup & Handle probable,173.8,64.1,1.495,3.97,7.5,11.39,314465630.0,2.0,26.2,43.0,0.59,0.0,0.802,1.0,0.685,0.765,1.0,0.845,0.77,0.808,27046462594.80246,Financement,8.0,4,14,2026-01-05,106.25,63.58,275
QTUM,quantique,81.4,Cup & Handle probable,157.39,64.9,0.82,0.63,3.63,6.75,40992000.0,1.2,17.3,26.0,0.83,0.0,0.771,1.0,0.744,0.816,1.0,0.844,0.698,0.767,,,,0,3,2026-01-05,114.24,37.77,275
TSM,semiconducteurs,81.4,Cup & Handle probable,482.3,72.7,3.904,-0.72,5.55,12.75,4383217999.0,1.1,23.7,87.0,0.66,0.0,0.879,1.0,0.309,0.648,1.0,0.584,0.976,0.965,2455536184766.3003,,,0,102,2026-01-05,320.59,50.44,275
TER,robotique,81.2,Cup & Handle probable,430.32,62.0,6.819,-3.2,6.77,20.53,949299310.0,4.8,33.4,73.0,0.67,0.0,0.932,0.922,0.477,0.775,1.0,0.839,0.865,0.608,64341256058.05206,,,0,32,2026-01-05,219.33,96.2,275
EMR,equipement_electrique,78.7,Momentum en formation,161.4,61.8,1.015,-0.57,2.65,5.61,387703802.0,2.6,12.9,75.0,0.39,0.0,0.802,1.0,0.34,0.443,1.0,0.824,0.881,0.912,88882641680.9082,,,0,9,2026-01-05,141.73,13.88,275
PLTR,defense|ia|new_tech,78.6,Cup & Handle probable,192.07,64.3,0.001,1.41,2.73,10.18,4026008638.0,1.4,39.5,46.0,1.0,0.0,0.965,0.585,0.724,0.713,1.0,0.53,0.976,0.752,463117433199.021,,,0,95,2026-01-05,174.04,10.36,275
ALNT,gestion_thermique,78.1,Cup & Handle probable,117.24,65.0,1.063,-1.17,4.59,23.91,23729891.0,3.4,35.5,65.0,0.53,0.0,1.0,0.807,0.371,0.576,1.0,0.517,0.976,0.885,1914742038.6123047,,,0,4,2026-01-05,58.26,101.24,275
PWR,equipement_electrique,76.6,Cup & Handle probable,719.56,70.7,8.522,5.29,10.42,15.26,552482321.0,0.7,23.5,44.0,0.76,0.0,0.765,1.0,0.631,0.811,1.0,0.685,0.667,0.709,105047931152.3684,Direction,22.0,1,42,2026-01-05,435.67,65.16,275
SMCI,gestion_thermique|ia|semiconducteurs,76.2,Squeeze / VCP prêt à casser,43.46,61.7,0.089,0.63,5.95,9.78,1468760410.0,2.5,42.4,17.0,0.86,0.0,1.0,0.422,0.732,0.929,1.0,0.823,0.929,0.131,29717829546.21985,,,0,47,2026-07-03,27.22,59.66,96
NVEC,semiconducteurs,75.6,En base (loin du pivot),116.53,67.5,1.435,2.1,4.92,16.07,10405741.0,12.0,28.9,28.0,1.0,0.0,0.826,1.0,0.833,1.0,0.25,0.712,0.825,0.569,542874751.982872,,,0,0,2026-01-20,66.49,75.26,260
META,ia,73.8,Cup & Handle probable,738.88,63.1,-1.789,-0.41,0.01,19.89,16583712584.0,5.2,32.8,61.0,0.0,0.0,1.0,0.956,0.233,0.5,1.0,0.504,0.857,0.825,1835605579326.262,,,0,249,2026-01-27,671.77,9.99,253
ADI,semiconducteurs,73.6,Cup & Handle probable,420.55,73.5,4.516,0.35,5.61,16.09,1194026439.0,0.3,17.5,85.0,0.64,0.0,0.845,1.0,0.284,0.821,0.909,0.513,0.675,0.82,198497404180.72693,Contrat,20.0,2,25,2026-01-05,275.67,52.56,275
VRSN,ia,72.9,Momentum en formation,293.1,53.3,-0.628,0.29,4.74,0.35,227429232.0,5.5,12.6,26.0,0.32,0.0,0.7,1.0,0.679,0.658,1.0,0.903,0.381,0.802,26532400000.0,,,0,8,2026-03-18,238.26,23.02,203
DIOD,semiconducteurs,72.6,Squeeze / VCP prêt à casser,107.74,70.0,1.473,4.07,10.87,17.38,51123453.0,2.2,32.5,13.0,0.51,0.06,0.823,0.973,0.885,0.715,1.0,0.699,0.675,0.517,4612078326.019325,,,0,2,2026-01-05,52.03,107.07,275
CGNX,robotique,72.4,Setup en formation,66.35,63.8,0.811,3.08,11.19,6.59,99713427.0,8.6,21.4,44.0,0.67,0.0,0.3,1.0,0.689,0.831,0.674,0.948,0.611,0.706,10320532450.010788,Reg FD,15.0,1,9,2026-01-12,39.32,68.74,268
MU,semiconducteurs,72.4,Squeeze / VCP prêt à casser,1045.56,53.9,-1.221,-1.73,-1.83,2.85,26121607464.0,5.7,33.4,19.0,0.94,0.0,0.924,0.92,0.815,0.706,1.0,0.5,0.77,0.444,1225606087358.31,Résultats,7.0,1,246,2026-01-05,312.02,235.09,275
SMTC,semiconducteurs,71.4,Momentum en formation,197.2,66.4,1.282,2.27,9.49,33.34,585011016.0,2.4,49.0,29.0,0.0,0.14,1.0,0.058,0.64,0.466,1.0,0.782,0.992,0.921,18107971098.85712,,,0,13,2026-01-05,74.34,165.27,275
ASML,semiconducteurs,70.9,Cup & Handle probable,1834.1,59.8,17.257,-1.39,-0.02,6.95,2388017971.0,3.3,19.3,74.0,0.49,0.0,0.809,1.0,0.478,0.573,1.0,0.539,0.698,0.728,690803850000.0,,,0,37,2026-01-05,1223.9,49.86,275
AMD,ia|semiconducteurs,69.8,Cup & Handle probable,649.42,72.2,3.564,2.8,6.89,35.98,12925175223.0,-0.6,34.3,66.0,0.42,0.02,1.0,0.872,0.294,0.565,0.555,0.25,1.0,0.954,1054154417678.9408,Émission titres,9.0,1,246,2026-01-05,221.08,193.75,275
LSCC,ia|semiconducteurs,69.4,Cup & Handle probable,134.47,65.2,2.146,1.22,7.19,16.02,228632610.0,3.5,25.5,84.0,0.03,0.0,0.823,1.0,0.39,0.515,1.0,0.807,0.619,0.521,18631530040.69922,,,0,7,2026-01-05,80.59,66.86,275
PDFS,semiconducteurs,69.3,Cup & Handle probable,54.44,64.8,1.053,-2.92,9.38,19.26,28470106.0,3.9,29.0,70.0,0.16,0.0,0.885,1.0,0.512,0.581,1.0,0.824,0.706,0.198,2242054085.0668945,,,0,2,2026-01-05,30.97,75.78,275
MPWR,semiconducteurs,68.9,Cup & Handle probable,1473.69,68.6,24.55,-0.42,8.84,20.59,929517043.0,5.9,27.7,87.0,0.38,0.0,0.839,1.0,0.273,0.688,1.0,0.72,0.54,0.541,70461727709.47266,Événement,27.0,1,17,2026-01-05,951.67,54.85,275
NBIS,ia,68.4,En base (loin du pivot),249.87,58.7,1.241,7.44,5.27,10.37,3536383240.0,11.0,48.1,3.0,1.0,0.0,0.867,0.107,0.872,0.869,0.372,0.813,0.841,0.444,64206738507.02435,,,0,63,2026-01-20,99.29,151.66,260
TXN,semiconducteurs,68.0,Cup & Handle probable,297.23,72.4,3.336,0.79,5.52,15.01,1557251280.0,-0.1,16.5,71.0,0.59,0.0,0.797,1.0,0.451,0.793,0.777,0.581,0.524,0.648,264677451045.34583,Reg FD,20.0,1,38,2026-01-05,175.13,69.72,275
ETN,equipement_electrique,67.7,Setup en formation,445.09,59.9,1.422,2.89,2.73,8.33,875679164.0,6.9,25.3,56.0,0.34,0.0,0.79,1.0,0.532,0.366,0.889,0.531,0.73,0.771,167413995422.36328,Direction,2.0,1,32,2026-02-03,360.41,23.5,246
AI,ia,67.7,Squeeze / VCP prêt à casser,11.24,60.6,0.023,1.35,8.7,7.46,48834175.0,1.2,24.3,7.0,0.54,0.0,0.12,1.0,0.738,0.769,1.0,0.836,0.921,0.0,1824047509.252853,,,0,12,2026-07-03,9.06,24.06,96
GSAT,espace,67.6,Squeeze / VCP prêt à casser,83.63,63.8,0.102,0.11,1.26,1.57,48742950.0,1.4,7.6,22.0,0.99,0.0,0.727,0.275,0.837,0.724,1.0,0.857,0.222,0.952,10832795116.979218,,,0,2,2026-01-05,64.08,30.51,275
SITM,semiconducteurs,67.0,Setup en formation,711.06,64.8,10.613,0.14,9.15,16.17,297167750.0,6.8,39.8,35.0,0.09,0.0,0.91,0.566,0.724,0.546,0.904,0.832,0.69,0.295,20057983020.04492,8-K,28.0,1,1,2026-01-05,333.03,113.51,275
FIX,gestion_thermique,66.9,Squeeze / VCP prêt à casser,1817.96,67.5,19.843,6.12,9.18,12.89,522914402.0,3.5,20.9,17.0,0.92,0.0,0.336,1.0,0.811,0.666,1.0,0.771,0.468,0.591,60932295803.15772,,,0,26,2026-01-05,1031.37,76.27,275
GEV,equipement_electrique|production_energie,66.7,Setup en formation,1029.21,65.0,10.51,3.96,6.93,9.26,2085087769.0,6.4,21.0,21.0,0.46,0.0,0.318,1.0,0.791,0.729,0.949,0.846,0.429,0.535,265404827165.9635,,,0,46,2026-01-05,680.1,51.33,275
IRDM,espace,65.8,Squeeze / VCP prêt à casser,49.04,57.8,0.114,1.24,2.29,4.21,55830153.0,3.5,13.3,13.0,0.22,0.0,0.745,1.0,0.832,0.111,1.0,0.826,0.643,0.535,5136925954.812012,Vote actionnaires,13.0,3,7,2026-01-12,19.38,153.04,268
MASS,robotique,65.8,Setup en formation,12.33,66.0,0.131,-3.67,4.05,22.69,4397528.0,4.6,46.6,90.0,0.45,0.0,1.0,0.187,0.062,0.4,1.0,0.482,0.968,0.746,486497726.7710686,,,0,0,2026-02-10,6.77,82.13,239
TSEM,semiconducteurs,65.8,Setup en formation,258.41,63.6,4.128,3.54,10.23,16.22,462043715.0,7.0,33.4,35.0,0.07,0.1,0.805,0.922,0.65,0.537,0.874,0.844,0.706,0.359,28046442133.11035,,,0,3,2026-01-05,119.29,116.62,275
ROK,robotique,65.5,Setup en formation,450.74,62.7,3.956,-0.98,4.45,3.9,298346178.0,7.6,16.6,65.0,0.5,0.0,0.327,1.0,0.445,0.746,0.799,0.854,0.413,0.697,49117939610.44507,Direction,13.0,1,14,2026-01-05,402.09,12.1,275
HIMX,semiconducteurs,64.9,Squeeze / VCP prêt à casser,14.85,56.5,0.093,0.95,5.32,8.55,14232372.0,5.7,27.7,13.0,0.73,0.0,0.748,1.0,0.887,0.525,1.0,0.85,0.603,0.0,2448067676.3747177,,,0,4,2026-01-27,8.28,79.35,253
AMAT,semiconducteurs,64.1,Cup & Handle probable,530.27,64.1,10.646,-2.21,3.57,16.62,2929982295.0,5.8,26.9,82.0,0.61,0.0,0.821,1.0,0.451,0.804,1.0,0.53,0.651,0.059,412678614084.405,,,0,58,2026-01-05,283.61,86.97,275
IMOS,semiconducteurs,63.7,Setup en formation,78.39,67.2,1.449,1.27,15.69,36.07,6988346.0,6.5,48.1,94.0,0.31,0.27,1.0,0.105,0.038,0.656,0.937,0.742,0.984,0.783,2747249357.338669,,,0,4,2026-01-27,42.36,85.06,253
BE,equipement_electrique|production_energie,62.3,Squeeze / VCP prêt à casser,295.78,60.3,0.432,3.19,1.56,16.97,4535371434.0,2.2,48.0,2.0,0.13,0.0,0.991,0.113,0.688,0.141,1.0,0.818,0.77,0.473,85230324823.6018,,,0,77,2026-01-27,152.31,94.2,253
SNOW,ia,62.2,En base (loin du pivot),335.95,53.2,-0.542,-0.9,1.71,-0.36,1361645440.0,12.6,34.1,2.0,0.73,0.0,0.85,0.886,0.897,0.412,0.17,0.55,0.802,0.579,117729364306.64062,Contrat,5.0,1,49,2026-06-29,251.65,33.5,100
MCHP,semiconducteurs,62.0,Momentum en formation,81.26,62.9,0.922,-0.28,3.15,9.56,613624362.0,4.9,19.5,60.0,0.64,0.0,0.358,1.0,0.536,0.819,1.0,0.816,0.373,0.252,42403546691.63278,,,0,27,2026-01-05,66.33,22.51,275
MRVL,ia|semiconducteurs,61.8,Cup & Handle probable,287.01,69.9,2.588,5.81,9.02,28.39,4776766601.0,-2.5,41.8,27.0,0.74,0.13,1.0,0.454,0.675,0.811,0.0,0.628,0.873,0.568,256858763247.4269,Événement,12.0,1,158,2026-01-05,90.12,218.48,275
ONTO,semiconducteurs,61.8,En base (loin du pivot),313.71,60.0,5.993,-3.6,2.96,17.05,233388582.0,11.3,39.2,59.0,0.76,0.0,0.877,0.599,0.648,0.879,0.332,0.537,0.659,0.373,14902705225.795471,,,0,11,2026-01-05,178.18,76.06,275
KLIC,semiconducteurs,61.7,Cup & Handle probable,97.92,63.7,1.671,-0.82,4.48,20.28,67991090.0,5.0,26.9,54.0,0.54,0.0,0.823,1.0,0.561,0.769,1.0,0.536,0.508,0.076,4947194580.008736,,,0,4,2026-01-05,51.08,91.7,275
GDYN,ia,61.6,En base (loin du pivot),7.82,50.3,-0.014,-0.26,2.36,-2.98,7043815.0,10.3,30.4,19.0,1.0,0.0,0.796,1.0,0.673,0.656,0.46,0.535,0.746,0.22,624271363.2213521,,,0,3,2026-01-05,9.37,-16.54,275
HUBB,equipement_electrique,61.3,Setup en formation,485.41,62.8,4.183,0.99,5.73,5.36,221808428.0,8.0,17.4,30.0,0.48,0.0,0.3,1.0,0.628,0.738,0.747,0.871,0.286,0.545,25154114604.895386,,,0,5,2026-01-05,462.83,4.88,275
LRCX,semiconducteurs,60.5,Cup & Handle probable,333.89,59.4,5.246,-3.44,3.1,8.64,2853710922.0,5.3,29.0,67.0,0.29,0.0,0.842,1.0,0.526,0.356,1.0,0.529,0.69,0.207,410805061565.1813,,,0,51,2026-01-05,194.39,71.76,275
COHU,semiconducteurs,60.2,Setup en formation,73.1,71.8,1.254,-0.85,10.81,44.12,65706403.0,3.5,48.2,90.0,0.16,0.23,1.0,0.098,0.319,0.579,1.0,0.279,0.968,0.885,3322684727.842346,,,0,3,2026-01-05,25.1,191.24,275
PLPC,equipement_electrique,60.2,En base (loin du pivot),421.52,54.1,-0.098,1.3,2.17,5.84,29108236.0,16.4,44.9,2.0,0.85,0.0,0.77,0.283,0.99,0.582,0.0,0.829,0.77,0.452,1955480400.0,,,0,0,2026-01-05,225.12,87.24,275
TT,gestion_thermique,59.8,Momentum en formation,476.39,69.0,5.091,1.2,4.57,6.36,540012407.0,3.3,16.0,87.0,0.14,0.0,0.333,1.0,0.259,0.432,1.0,0.699,0.373,0.813,102700215911.04318,,,0,10,2026-02-03,433.33,9.94,246
PENG,memoire|semiconducteurs,59.6,Cup & Handle probable,64.21,66.8,1.25,5.77,15.09,24.05,131899827.0,2.3,33.7,27.0,0.39,0.29,0.838,0.907,0.586,0.694,1.0,0.823,0.786,0.049,3747890973.5839386,Résultats,1.0,2,31,2026-04-23,27.61,132.56,167
STRL,gestion_thermique,59.6,Setup en formation,563.69,61.5,8.007,7.71,11.64,15.87,267475858.0,10.1,29.1,9.0,0.85,0.0,0.3,1.0,0.878,0.925,0.493,0.88,0.476,0.0,16215125736.958008,Reg FD,2.0,1,20,2026-01-05,327.11,72.32,275
LITE,laser_photonique,58.9,Momentum en formation,1133.4,70.1,18.869,3.82,16.43,28.61,4527106649.0,-0.8,47.1,69.0,0.28,0.32,0.993,0.161,0.47,0.383,0.48,0.697,1.0,0.989,99869376159.66795,,,0,51,2026-01-05,357.05,217.43,275
SIF,defense,58.5,En base (loin du pivot),23.01,57.2,0.232,0.04,1.81,7.78,1077193.0,20.7,40.2,19.0,1.0,0.0,0.766,0.542,0.886,0.589,0.0,0.802,0.73,0.311,142031241.1541748,,,0,0,2026-03-11,14.57,57.93,210
BRKR,robotique,57.8,Setup en formation,60.5,49.5,-0.008,-5.26,-6.22,3.5,149374780.0,9.7,27.5,66.0,0.0,0.0,0.88,1.0,0.263,0.269,0.541,0.47,0.635,0.678,9044049090.752748,,,0,7,2026-01-05,51.13,18.33,275
CEVA,semiconducteurs,57.8,Setup en formation,36.17,64.0,0.56,-1.34,4.9,34.21,20908056.0,8.4,36.0,64.0,0.76,0.0,0.928,0.776,0.488,0.881,0.705,0.5,0.508,0.003,999188062.535675,,,0,0,2026-04-16,22.35,61.83,174
NXPI,semiconducteurs,57.7,Setup en formation,244.38,60.1,1.81,1.0,3.35,7.74,777138218.0,7.8,18.4,32.0,0.51,0.0,0.307,1.0,0.664,0.757,0.778,0.802,0.437,0.082,59334230911.74399,,,0,16,2026-01-05,221.97,10.1,275
NLST,laser_photonique|memoire,57.6,Étendu (déjà parti),6.66,69.4,0.075,17.88,22.43,32.67,8780448.0,4.9,69.6,50.0,1.0,0.6,1.0,0.0,0.7,1.0,1.0,0.691,0.976,0.838,2491911022.243465,Contrat,1.0,2,10,2026-01-20,1.16,474.14,260
TSLA,new_tech,57.4,Squeeze / VCP prêt à casser,380.68,59.6,0.487,0.51,7.89,7.51,13133705581.0,1.6,23.1,11.0,0.45,0.0,0.326,1.0,0.761,0.38,1.0,0.925,0.389,0.21,1489334450747.922,Résultats,5.0,2,245,2026-01-05,451.67,-15.72,275
VECO,semiconducteurs,57.1,Setup en formation,55.67,67.3,1.516,-1.14,8.37,24.63,33827956.0,7.2,33.7,69.0,0.45,0.13,0.869,0.905,0.316,0.727,0.85,0.731,0.563,0.0,3241399254.276428,,,0,5,2026-01-05,31.07,79.18,275
KOPN,defense|ia|laser_photonique,57.1,En base (loin du pivot),4.88,56.1,0.008,0.21,2.74,14.02,16225783.0,11.8,43.0,2.0,0.63,0.0,0.83,0.387,0.965,0.598,0.281,0.833,0.619,0.128,850367173.5976124,,,0,1,2026-01-05,2.57,89.88,275
SLAB,semiconducteurs,57.0,Momentum en formation,222.62,66.5,0.139,-0.08,0.66,0.92,63693661.0,0.4,3.2,77.0,0.28,0.0,0.725,0.0,0.441,0.565,0.957,0.759,0.127,0.987,7405419017.801819,,,0,3,2026-01-05,137.93,61.4,275
CTS,gestion_thermique,56.8,Setup en formation,61.1,61.9,0.448,-0.83,3.24,6.93,14716696.0,10.1,19.0,24.0,0.0,0.0,0.328,1.0,0.674,0.5,0.491,0.833,0.341,0.599,1664826146.7133522,,,0,3,2026-01-05,44.44,37.49,275
DCO,defense,56.3,Setup en formation,175.33,52.9,1.205,1.43,2.43,4.16,41240329.0,16.7,25.7,11.0,0.32,0.0,0.3,1.0,0.92,0.515,0.0,0.818,0.611,0.445,2503769891.749695,,,0,1,2026-01-05,100.2,74.98,275
SWKS,semiconducteurs,55.9,En base (loin du pivot),82.79,51.0,-1.312,-1.33,-5.96,11.85,773100389.0,10.8,38.0,24.0,0.0,0.0,0.976,0.665,0.504,0.0,0.402,0.506,0.833,0.64,19478762854.27098,Acquisition,2.0,2,26,2026-04-23,61.02,35.68,167
CEG,production_energie,55.1,Momentum en formation,300.4,67.2,2.474,12.25,13.54,0.48,966748301.0,1.8,19.2,68.0,0.0,0.1,0.3,1.0,0.19,0.35,1.0,0.858,0.746,0.107,105757206097.677,,,0,166,2026-01-05,353.92,-15.12,275
OUST,laser_photonique|robotique,55.0,En base (loin du pivot),44.91,63.7,0.825,1.79,12.27,23.28,93064759.0,13.4,40.6,30.0,0.67,0.09,0.91,0.525,0.657,0.653,0.077,0.832,0.778,0.013,2996267381.132656,,,0,4,2026-04-16,24.17,85.81,174
POWL,equipement_electrique,54.6,Setup en formation,204.69,62.8,2.953,3.46,8.61,12.98,96147226.0,8.3,25.1,29.0,0.79,0.0,0.3,1.0,0.757,0.79,0.711,0.858,0.278,0.0,7197981936.320068,,,0,,2026-01-05,120.36,70.06,275
GNRC,equipement_electrique,54.3,Momentum en formation,223.62,64.0,3.042,3.91,5.37,19.36,301923442.0,3.6,25.3,75.0,0.0,0.0,0.35,1.0,0.152,0.5,1.0,0.818,0.413,0.181,13055787403.925703,Contrat,21.0,1,,2026-01-20,162.06,37.99,260
QMCO,quantique,54.2,Setup en formation,33.47,71.9,0.413,-1.59,1.86,35.34,54660780.0,6.1,72.3,66.0,0.1,0.29,1.0,0.0,0.205,0.468,0.986,0.271,0.976,0.796,1203187357.5907,Direction,9.0,2,,2026-07-03,10.16,229.43,96
MRAM,memoire,54.1,En base (loin du pivot),17.76,53.1,0.158,-2.52,-4.67,8.49,14748501.0,11.9,36.1,33.0,0.85,0.0,0.838,0.771,0.71,0.926,0.267,0.5,0.492,0.0,415776422.25258255,,,0,,2026-07-06,19.14,-7.21,93
AXTI,semiconducteurs,53.8,En base (loin du pivot),84.06,60.1,1.411,-3.0,7.52,36.37,604344457.0,14.0,62.4,17.0,0.75,0.05,1.0,0.0,0.839,0.874,0.0,0.809,0.659,0.0,5281266554.514069,,,0,,2026-01-05,16.67,404.26,275
ACLS,semiconducteurs,53.8,Momentum en formation,141.15,65.3,3.927,-0.82,9.68,22.65,43167650.0,5.9,31.5,78.0,0.39,0.08,0.431,1.0,0.384,0.531,1.0,0.818,0.429,0.095,4236476993.07074,,,0,,2026-01-05,89.04,58.52,275
ARQQ,quantique,53.7,Setup en formation,23.43,55.1,0.143,-1.06,-2.86,9.64,7346963.0,6.7,38.6,61.0,0.0,0.0,1.0,0.635,0.45,0.159,0.918,0.5,0.81,0.0,392250359.8723831,,,0,,2026-07-03,23.51,-0.34,96
FORM,semiconducteurs,53.6,Setup en formation,141.3,63.2,2.464,-4.52,3.71,36.0,264973414.0,6.5,45.5,83.0,0.0,0.0,1.0,0.248,0.329,0.0,0.933,0.5,0.69,0.605,10918152096.87004,,,0,,2026-01-05,62.69,125.39,275
ECHO,espace,53.6,Squeeze / VCP prêt à casser,100.01,67.1,0.682,1.83,11.26,11.37,337212325.0,-0.5,17.1,19.0,0.55,0.0,0.3,1.0,0.652,0.501,0.615,0.92,0.492,0.0,28440334931.48029,Contrat,5.0,1,,2026-01-05,110.67,-9.63,275
GOOGL,ia,52.8,Setup en formation,347.68,53.4,0.385,0.35,1.98,2.72,9375830146.0,9.5,15.6,12.0,0.31,0.0,0.3,1.0,0.631,0.525,0.561,0.838,0.175,0.506,4278642775270.948,,,0,,2026-01-05,316.13,9.98,275
SHLS,equipement_electrique,52.7,Setup en formation,8.49,61.1,0.136,4.17,9.27,19.07,31486599.0,11.9,31.4,39.0,0.78,0.0,0.3,1.0,0.604,0.892,0.259,0.812,0.413,0.0,1408670562.2395992,,,0,,2026-01-05,8.89,-4.5,275
VSAT,espace,52.4,Setup en formation,74.38,53.2,0.034,6.58,7.66,-1.25,124363716.0,15.9,25.9,1.0,0.51,0.0,0.3,1.0,0.87,0.475,0.0,0.843,0.524,0.332,9844030056.48079,,,0,,2026-01-05,38.5,93.19,275
TSAT,espace,52.3,En base (loin du pivot),47.66,51.2,-0.217,3.23,4.04,6.15,5460732.0,22.6,44.5,1.0,1.0,0.0,0.716,0.304,0.918,0.797,0.0,0.826,0.389,0.248,707091358.7462616,,,0,,2026-01-05,30.94,54.04,275
AEIS,equipement_electrique,52.1,Setup en formation,302.77,60.0,4.886,1.84,6.87,7.79,142489248.0,13.6,30.2,33.0,0.62,0.0,0.301,1.0,0.805,0.812,0.046,0.836,0.325,0.208,11686718486.703005,,,0,,2026-01-05,227.51,33.08,275
SYM,robotique,52.0,Setup en formation,44.15,55.7,0.016,2.99,6.36,2.82,70076934.0,8.5,21.9,2.0,0.26,0.0,0.013,1.0,0.803,0.631,0.69,0.832,0.437,0.0,5668973278.821053,,,0,,2026-01-05,68.62,-35.66,275
ISRG,robotique,52.0,Setup en formation,404.76,58.0,0.538,-0.42,-1.8,10.38,904125752.0,2.8,17.1,75.0,0.92,0.0,0.1,1.0,0.304,0.962,1.0,0.5,0.389,0.0,145705994855.2152,,,0,,2026-01-05,566.38,-28.54,275
ON,semiconducteurs,51.7,Momentum en formation,86.31,67.1,1.906,0.44,13.64,16.04,907610787.0,0.7,24.3,61.0,0.0,0.07,0.325,1.0,0.463,0.5,1.0,0.819,0.421,0.0,32478906477.63112,Contrat,6.0,1,,2026-01-05,58.69,47.06,275
STM,semiconducteurs,51.3,Momentum en formation,58.72,69.8,0.974,1.8,10.29,12.6,474193358.0,-1.8,17.8,43.0,0.44,0.0,0.336,1.0,0.601,0.721,0.1,0.736,0.548,0.078,50396467397.38411,,,0,,2026-01-05,27.3,115.09,275
UROY,production_energie,51.1,En base (loin du pivot),4.24,52.0,-0.043,4.18,3.92,-4.5,19645694.0,14.9,48.6,54.0,0.0,0.0,0.718,0.078,0.532,0.5,0.0,0.896,0.73,0.227,1590956125.3328228,Résultats,22.0,1,,2026-01-05,4.06,4.43,275
MYRG,equipement_electrique,50.7,Setup en formation,324.51,65.9,5.627,7.22,12.56,13.23,71903016.0,10.6,26.1,29.0,0.63,0.0,0.3,1.0,0.661,0.814,0.425,0.834,0.254,0.0,4871229093.75,Contrat,27.0,1,,2026-01-05,232.56,39.54,275
WOLF,equipement_electrique|new_tech|semiconducteurs,50.3,Setup en formation,31.83,58.7,0.89,-5.07,13.15,12.28,76952538.0,12.8,45.2,28.0,1.0,0.0,0.366,0.264,0.603,0.98,0.154,0.856,0.5,0.0,1652492327.8354626,Événement,21.0,1,,2026-07-03,40.0,-20.43,96
NNDM,new_tech|robotique,50.3,Setup en formation,1.57,49.5,0.003,-2.48,-0.63,-3.09,2661681.0,7.1,14.2,17.0,0.83,0.0,0.04,1.0,0.87,0.914,0.862,0.502,0.27,0.0,327854651.04605377,8-K,5.0,1,,2026-01-12,1.7,-7.65,268
AZZ,equipement_electrique,50.1,Setup en formation,141.59,59.2,0.997,1.75,4.66,1.12,34275223.0,9.7,17.7,7.0,0.21,0.0,0.3,1.0,0.836,0.113,0.542,0.884,0.23,0.581,4146205629.653961,,,0,,2026-01-05,110.65,27.96,275
BWMN,gestion_thermique,50.0,Étendu (déjà parti),42.79,81.0,-0.239,0.07,0.47,0.85,16046527.0,0.8,41.7,14.0,0.26,0.6,0.892,0.461,0.914,0.63,1.0,0.5,0.714,0.779,709967929.6703491,Événement,23.0,1,,2026-02-10,35.65,20.03,239
DUOT,ia,50.0,Setup en formation,9.23,53.7,0.067,0.44,2.9,5.37,5390377.0,28.1,41.9,12.0,1.0,0.0,0.3,0.452,0.929,1.0,0.0,0.817,0.437,0.0,270348771.21232224,Contrat,2.0,2,,2026-01-05,10.05,-8.16,275
HYLN,equipement_electrique,49.9,En base (loin du pivot),4.04,49.9,-0.005,-2.42,0.75,9.49,8001938.0,25.9,42.8,8.0,0.97,0.0,0.792,0.403,0.741,0.983,0.0,0.524,0.508,0.0,686706308.3197074,Direction,5.0,1,,2026-01-05,1.92,110.42,275
CAMT,semiconducteurs,49.8,En base (loin du pivot),154.55,53.8,1.71,-4.63,1.13,6.06,58795556.0,13.2,29.2,23.0,0.63,0.0,0.763,1.0,0.754,0.462,0.102,0.818,0.373,0.052,7105229948.25,,,0,,2026-01-05,123.88,24.76,275
VUZI,ia|laser_photonique,49.7,Setup en formation,2.93,57.6,0.019,-1.68,5.78,20.08,2618358.0,12.5,37.3,27.0,0.34,0.0,0.42,0.705,0.438,0.671,0.183,0.809,0.587,0.0,229184627.2046685,,,0,,2026-05-07,2.86,2.45,153
FPS,equipement_electrique,49.6,Cup & Handle probable,41.35,62.0,0.467,6.11,11.16,31.9,412301450.0,-1.9,31.0,67.0,0.0,0.07,0.807,1.0,0.361,0.5,0.021,0.826,0.579,0.0,11133446380.94902,Résultats,22.0,1,,2026-09-11,29.2,41.61,26
ENS,equipement_electrique,49.6,Setup en formation,192.49,61.3,2.48,-0.27,5.71,5.99,104843759.0,11.1,22.2,49.0,0.0,0.0,0.3,1.0,0.686,0.501,0.356,0.862,0.246,0.3,6573968986.695068,,,0,,2026-01-05,154.49,24.6,275
COHR,laser_photonique,49.5,En base (loin du pivot),338.36,60.7,5.296,1.41,15.79,20.05,2079372776.0,13.5,43.6,37.0,0.14,0.01,0.739,0.355,0.777,0.422,0.057,0.901,0.5,0.23,65529385200.30786,,,0,,2026-01-05,186.36,81.56,275
SPCE,espace,49.4,Setup en formation,3.07,50.7,-0.014,0.66,0.99,0.99,17484319.0,11.5,31.1,7.0,0.92,0.0,0.026,1.0,0.668,0.664,0.309,0.808,0.524,0.0,457167780.1175091,,,0,,2026-07-03,2.7,13.7,96
ALAB,ia,48.9,Cup & Handle probable,389.8,67.7,4.951,7.58,8.93,25.58,1353867279.0,-3.2,35.3,65.0,0.31,0.27,1.0,0.819,0.381,0.62,0.0,0.424,0.857,0.268,67131794361.42334,,,0,,2026-01-05,167.11,133.26,275
VLN,semiconducteurs,48.8,Setup en formation,1.88,57.0,0.015,0.0,2.73,9.94,1009717.0,8.5,31.4,36.0,1.0,0.0,0.067,1.0,0.689,0.703,0.686,0.514,0.484,0.0,199776706.41791725,,,0,,2026-07-03,2.07,-9.18,96
ASPN,robotique,48.7,En base (loin du pivot),5.87,65.3,0.078,3.16,12.45,19.31,5083042.0,27.5,49.8,40.0,0.77,0.0,0.805,0.01,0.647,0.575,0.0,0.825,0.714,0.0,472206185.7086563,Reg FD,22.0,1,,2026-04-09,3.74,56.95,181
ARM,semiconducteurs,47.6,En base (loin du pivot),302.56,56.7,0.597,-0.11,3.03,20.02,1697620776.0,10.2,34.9,51.0,0.0,0.0,0.888,0.839,0.321,0.214,0.473,0.539,0.667,0.0,317297036160.76416,,,0,,2026-04-01,155.07,95.11,189
VIAV,laser_photonique,47.5,Cup & Handle probable,48.14,73.8,1.328,2.62,15.11,38.1,236572268.0,0.6,35.1,100.0,0.0,0.41,0.943,0.826,0.218,0.5,1.0,0.518,0.579,0.322,11419394072.79264,,,0,,2026-01-05,18.11,165.82,275
KLAC,semiconducteurs,47.4,Setup en formation,197.46,56.7,2.843,-4.54,0.47,6.39,1696461940.0,8.0,22.7,52.0,0.56,0.0,0.374,1.0,0.58,0.477,0.754,0.528,0.429,0.0,255931355347.1948,,,0,,2026-01-05,134.9,46.38,275
INTC,semiconducteurs,46.7,En base (loin du pivot),112.5,52.0,-0.622,-3.18,-2.96,17.43,12398262252.0,11.7,35.8,43.0,0.25,0.0,0.998,0.788,0.359,0.124,0.285,0.5,0.563,0.301,595626848075.9209,,,0,,2026-01-05,39.37,185.75,275
MKSI,laser_photonique,46.6,Setup en formation,281.41,59.1,4.856,0.32,5.79,8.11,317913562.0,14.5,30.6,29.0,0.56,0.0,0.3,1.0,0.829,0.781,0.0,0.838,0.238,0.0,18489345224.60193,,,0,,2026-01-05,175.89,59.99,275
VICR,equipement_electrique,43.8,Setup en formation,299.29,69.6,6.173,-2.07,2.96,58.73,243034949.0,9.6,47.9,95.0,0.03,0.21,1.0,0.118,0.029,0.516,0.552,0.323,0.754,0.274,13110680284.403688,8-K,27.0,1,,2026-01-12,139.12,115.13,268
AVGO,ia|semiconducteurs,43.8,Setup en formation,375.81,59.0,2.979,3.67,5.83,5.2,8684866672.0,13.0,22.4,17.0,0.03,0.0,0.3,1.0,0.783,0.265,0.126,0.915,0.254,0.206,1789872576153.5989,,,0,,2026-01-12,350.92,7.09,268
PLAB,semiconducteurs,43.1,Setup en formation,30.82,55.5,0.233,-0.8,-0.8,5.8,24919858.0,18.7,29.0,27.0,0.99,0.0,0.024,1.0,0.838,0.995,0.0,0.501,0.294,0.0,1782894346.2298603,,,0,,2026-01-05,33.38,-7.67,275
INOD,ia,42.7,En base (loin du pivot),66.24,54.2,0.436,-1.09,-1.05,19.01,108236883.0,16.6,34.6,69.0,0.0,0.0,0.885,0.857,0.186,0.46,0.0,0.5,0.524,0.0,2199801995.2408714,Direction,7.0,2,,2026-01-20,61.62,7.5,260
MTSI,laser_photonique|semiconducteurs,42.6,Étendu (déjà parti),350.67,74.5,8.296,6.81,23.36,30.38,386183796.0,-5.6,31.3,73.0,0.26,0.55,0.854,1.0,0.384,0.632,0.0,0.588,0.698,0.457,25890892291.67981,,,0,,2026-01-05,170.76,105.36,275
PATH,ia|robotique,41.7,Setup en formation,13.1,43.2,0.033,-0.46,6.33,-13.76,618327312.0,30.4,39.3,23.0,1.0,0.0,0.3,0.593,0.862,0.5,0.0,0.487,0.651,0.0,6821924383.332005,,,0,,2026-01-12,17.24,-24.01,268
POWW,defense,41.2,En base (loin du pivot),2.16,43.7,-0.005,-3.57,-5.68,-0.46,1208770.0,19.1,21.3,56.0,0.39,0.0,0.755,1.0,0.564,0.693,0.0,0.103,0.222,0.363,257074952.2034104,Direction,5.0,1,,2026-02-25,2.15,0.47,224
FCEL,new_tech|production_energie,41.2,Setup en formation,20.65,63.0,0.467,14.28,22.19,38.13,101128696.0,19.6,46.2,23.0,1.0,0.44,0.3,0.212,0.845,1.0,0.0,0.917,0.619,0.0,1451168626.8998947,Direction,0.0,1,,2026-01-20,8.64,139.0,260
VST,production_energie,41.1,Momentum en formation,160.5,71.8,1.642,10.77,13.97,7.68,876188739.0,-2.4,14.9,52.0,0.0,0.12,0.3,1.0,0.308,0.405,0.0,0.688,0.571,0.145,56044363427.11174,Contrat,2.0,2,,2026-02-25,174.88,-8.22,224
SMP,gestion_thermique,40.4,Setup en formation,37.56,47.9,0.023,0.37,0.16,-9.56,6313840.0,10.0,13.1,6.0,0.13,0.0,0.3,1.0,0.908,0.067,0.504,0.694,0.016,0.456,827707838.6057091,,,0,,2026-01-12,38.1,-1.42,268
RMBS,semiconducteurs,39.9,Cup & Handle probable,114.09,69.7,2.014,3.44,10.64,33.5,248257248.0,-0.7,29.4,90.0,0.11,0.15,0.521,1.0,0.062,0.554,0.514,0.357,0.492,0.0,12112449846.023544,,,0,,2026-01-05,97.5,17.02,275
RKLB,espace|new_tech,39.5,Setup en formation,75.06,59.8,0.87,2.79,7.69,16.81,1490461772.0,13.6,33.0,17.0,0.0,0.0,0.306,0.946,0.647,0.257,0.056,0.812,0.365,0.0,46247084951.68713,Reg FD,22.0,1,,2026-01-05,78.14,-3.94,275
IONQ,new_tech|quantique,39.1,Setup en formation,43.29,55.3,0.244,0.74,-1.41,9.54,992804553.0,9.7,33.7,27.0,0.0,0.0,0.124,0.908,0.558,0.372,0.536,0.5,0.397,0.0,16721974819.587952,Reg FD,29.0,1,,2026-01-12,50.95,-15.03,268
ICHR,semiconducteurs,38.2,Setup en formation,62.44,56.6,1.312,-1.41,4.48,10.75,40945929.0,24.9,40.1,33.0,0.61,0.0,0.3,0.548,0.8,0.804,0.0,0.517,0.246,0.0,2283584387.8504944,,,0,,2026-01-05,20.94,198.19,275
TLN,production_energie,38.1,Setup en formation,373.11,74.4,7.811,12.43,18.51,17.7,313039773.0,0.2,25.2,71.0,0.0,0.43,0.3,1.0,0.226,0.161,0.892,0.55,0.5,0.431,17818856057.739258,Direction,8.0,1,,2026-01-05,395.2,-5.59,275
CRDO,ia,38.0,Setup en formation,220.83,59.8,5.963,3.93,14.81,29.47,1587852195.0,22.9,47.9,71.0,0.0,0.06,0.327,0.117,0.516,0.5,0.0,0.82,0.5,0.051,41562746354.47928,,,0,,2026-04-30,174.01,26.91,160
CRWV,ia,37.8,Setup en formation,91.72,56.1,0.602,4.95,6.74,2.64,2541751639.0,21.9,48.5,1.0,0.16,0.0,0.002,0.085,0.995,0.582,0.0,0.827,0.429,0.0,48794443852.20245,Contrat,15.0,2,,2026-04-23,117.42,-21.89,167
QCOM,semiconducteurs,37.6,En base (loin du pivot),181.03,49.3,-1.818,0.13,-1.67,7.28,2671164106.0,12.1,31.0,23.0,0.0,0.0,0.806,1.0,0.462,0.0,0.243,0.465,0.437,0.01,189205140440.7649,Émission titres,29.0,1,,2026-01-05,174.54,3.72,275
MXL,semiconducteurs,37.6,Étendu (déjà parti),109.3,72.9,2.674,3.61,17.88,74.21,267389262.0,-0.9,48.4,74.0,0.28,0.78,1.0,0.091,0.157,0.638,0.442,0.558,0.976,0.506,9779446951.594193,,,0,,2026-01-05,18.13,502.87,275
AEHR,memoire|new_tech|semiconducteurs,36.5,En base (loin du pivot),92.14,46.4,0.475,-11.74,-8.57,6.82,238224937.0,37.5,56.7,2.0,0.69,0.0,0.851,0.0,0.94,0.706,0.0,0.272,0.333,0.0,2914864480.5,,,0,,2026-01-05,23.49,292.25,275
ISOU,production_energie,36.3,Setup en formation,10.38,54.1,0.021,9.61,11.85,-7.32,2095655.0,17.2,30.6,83.0,0.0,0.0,0.3,1.0,0.262,0.0,0.0,0.945,0.278,0.215,636902752.216011,,,0,,2026-01-27,11.97,-13.28,253
ATRO,defense,35.5,Setup en formation,69.16,45.7,0.309,1.1,2.52,-9.31,42986924.0,26.8,33.7,15.0,0.16,0.0,0.3,0.907,0.91,0.132,0.0,0.574,0.349,0.107,2780105870.7093506,,,0,,2026-01-05,46.39,49.08,275
AAOI,laser_photonique|semiconducteurs,34.4,Étendu (déjà parti),130.16,66.1,3.586,7.07,29.29,23.34,817608721.0,19.2,52.8,19.0,0.84,0.53,0.3,0.0,0.886,0.922,0.0,0.932,0.437,0.0,10530205290.119888,Contrat,22.0,2,,2026-01-05,34.99,271.99,275
TSSI,gestion_thermique,33.6,Setup en formation,10.39,62.7,0.165,3.38,5.8,23.4,9101335.0,19.1,40.7,37.0,0.11,0.0,0.094,0.519,0.604,0.554,0.0,0.536,0.373,0.0,292349555.5117512,,,0,,2026-05-07,15.84,-34.41,153
UCTT,memoire|semiconducteurs,33.4,Setup en formation,73.24,46.5,0.336,-1.05,-8.97,1.12,69797922.0,25.8,36.5,29.0,0.73,0.0,0.3,0.751,0.821,0.826,0.0,0.282,0.087,0.0,3226441183.262169,Direction,7.0,1,,2026-01-05,29.65,147.02,275
NUAI,gestion_thermique,32.7,En base (loin du pivot),5.86,46.1,-0.124,-3.14,-13.31,8.32,55179530.0,26.2,49.2,35.0,0.0,0.0,1.0,0.042,0.39,0.054,0.0,0.256,0.754,0.0,662571994.44315,Contrat,13.0,2,,2026-03-11,5.26,11.41,210
UMAC,defense,30.6,Setup en formation,22.36,45.5,-0.156,2.43,-10.34,-5.89,58721916.0,36.0,50.9,4.0,1.0,0.0,0.3,0.0,0.976,0.536,0.0,0.227,0.476,0.0,1101041415.9365463,,,0,,2026-01-27,16.29,37.26,253
QSI,quantique,29.3,Étendu (déjà parti),1.22,63.1,0.061,-4.69,27.35,59.27,8301516.0,21.3,55.5,100.0,0.0,0.7,0.6,0.0,0.0,0.471,0.0,0.805,0.937,0.0,279076982.5814009,Reg FD,8.0,1,,2026-10-01,1.07,14.02,6
SATL,espace,28.9,En base (loin du pivot),5.51,51.8,-0.023,3.57,-1.61,18.75,31328402.0,14.6,49.1,16.0,0.06,0.0,0.875,0.047,0.505,0.05,0.0,0.512,0.389,0.0,798678864.0362048,Direction,29.0,1,,2026-04-23,6.81,-19.09,167
FEAM,new_tech,24.3,Étendu (déjà parti),3.76,75.0,0.134,-4.08,23.28,141.03,2909538.0,7.6,74.2,98.0,0.0,1.0,0.6,0.0,0.01,0.5,0.798,0.436,0.984,0.0,137436322.3140986,Contrat,6.0,2,,2026-08-11,1.96,91.84,57
INFQ,quantique,24.2,En base (loin du pivot),12.54,43.0,-0.19,-0.95,-9.39,-2.41,105377995.0,16.7,41.6,13.0,0.62,0.0,0.505,0.465,0.733,0.311,0.0,0.06,0.254,0.0,2607381022.8664856,Reg FD,13.0,1,,2026-09-21,13.96,-10.17,16
QTEX,quantique,23.1,Étendu (déjà parti),1.59,79.8,0.093,3.25,133.14,90.65,23924110.0,2.5,65.0,85.0,0.0,1.0,0.349,0.0,0.09,0.5,1.0,0.5,0.81,0.0,108574377.18377112,,,0,,2026-07-03,1.43,11.19,96
DPRO,defense,20.1,Setup en formation,5.0,44.0,-0.108,2.04,-19.35,-18.3,6971980.0,23.3,42.0,14.0,0.29,0.0,0.104,0.444,0.532,0.255,0.0,0.126,0.31,0.0,184362382.25317764,,,0,,2026-01-20,9.42,-46.92,260
SOLS,gestion_thermique,16.4,Tendance baissière (pas un setup),61.27,58.3,0.356,5.53,9.39,-3.86,124642215.0,9.2,20.3,26.0,1.0,0.0,0.0,1.0,0.801,1.0,0.596,0.93,0.254,0.0,9600734764.216335,,,0,,2026-05-29,84.23,-27.26,131
NAUT,robotique,16.2,Étendu (déjà parti),1.77,71.2,0.103,-5.35,29.67,95.58,9233087.0,28.5,66.0,95.0,0.0,1.0,0.6,0.0,0.029,0.5,0.0,0.629,0.405,0.0,252474358.3057587,Contrat,26.0,1,,2026-07-03,1.73,2.31,96
OMCL,robotique,14.2,Tendance baissière (pas un setup),35.46,59.3,0.388,2.37,3.35,3.17,17122435.0,19.9,27.8,14.0,0.99,0.0,0.0,1.0,0.885,0.996,0.0,0.84,0.238,0.0,1610067082.8120308,,,0,,2026-01-05,46.93,-24.44,275
AMSC,equipement_electrique,14.1,Tendance baissière (pas un setup),31.85,60.8,0.244,6.24,9.19,7.78,20796204.0,7.0,23.1,15.0,0.32,0.0,0.0,1.0,0.767,0.341,0.877,0.855,0.325,0.0,1535131537.5408957,Direction,16.0,1,,2026-04-09,36.15,-11.89,181
NVMI,semiconducteurs,13.5,Tendance baissière (pas un setup),394.48,60.3,5.464,0.41,2.43,6.01,180520690.0,8.6,23.6,43.0,0.43,0.0,0.0,1.0,0.743,0.715,0.675,0.544,0.278,0.0,12022888044.10852,,,0,,2026-01-05,382.88,3.03,275
IPGP,laser_photonique,13.3,Tendance baissière (pas un setup),83.69,60.0,1.131,0.11,6.58,7.29,34473685.0,16.3,30.6,12.0,0.54,0.0,0.0,1.0,0.929,0.771,0.0,0.837,0.254,0.0,3421478421.0040894,Contrat,29.0,1,,2026-01-27,90.63,-7.66,253
AOSL,equipement_electrique|gestion_thermique|semiconducteurs,12.6,Tendance baissière (pas un setup),29.94,60.0,0.558,3.24,8.44,18.81,14847401.0,19.1,36.9,16.0,0.48,0.0,0.0,0.728,0.904,0.739,0.0,0.811,0.294,0.0,882483692.9530277,,,0,,2026-02-03,22.27,34.44,246
LAES,quantique,12.1,Tendance baissière (pas un setup),2.42,52.6,0.023,0.41,4.31,0.0,10539546.0,21.2,30.0,1.0,1.0,0.0,0.0,1.0,0.958,0.631,0.0,0.84,0.151,0.0,524088196.9591599,,,0,,2026-03-04,4.19,-42.24,217
GHM,gestion_thermique,12.0,Tendance baissière (pas un setup),88.28,47.7,1.03,-2.43,2.47,0.57,14389115.0,24.3,29.7,6.0,0.78,0.0,0.0,1.0,0.967,0.805,0.0,0.688,0.119,0.005,990546860.6345596,,,0,,2026-01-05,70.0,26.11,275
ALGM,semiconducteurs,12.0,Tendance baissière (pas un setup),38.76,57.6,0.71,0.78,5.9,5.87,97511588.0,16.8,29.9,13.0,0.0,0.0,0.0,1.0,0.885,0.5,0.0,0.849,0.254,0.0,6885691323.255745,,,0,,2026-01-12,30.17,28.47,268
AAON,gestion_thermique,11.9,Tendance baissière (pas un setup),88.07,60.5,1.073,4.41,3.48,10.92,94410931.0,10.6,25.5,38.0,0.33,0.0,0.0,1.0,0.542,0.597,0.427,0.535,0.294,0.0,7189132985.71283,,,0,,2026-02-03,93.19,-5.49,246
BYRN,defense,11.9,Tendance baissière (pas un setup),3.69,52.6,0.034,1.65,10.81,0.27,1052750.0,28.6,36.9,11.0,1.0,0.0,0.0,0.725,0.835,0.656,0.0,0.891,0.206,0.0,91873021.78908204,Vote actionnaires,8.0,1,,2026-07-03,6.97,-47.06,96
SERV,ia|robotique,11.8,Tendance baissière (pas un setup),4.77,53.1,0.067,-2.25,3.02,-3.54,13325157.0,18.9,29.1,6.0,0.87,0.0,0.0,1.0,0.948,0.59,0.0,0.818,0.159,0.0,402756368.3611856,Résultats,2.0,1,,2026-07-03,6.31,-24.41,96
GFS,semiconducteurs,11.7,Tendance baissière (pas un setup),48.63,52.8,0.496,0.14,1.61,7.83,177542901.0,12.3,24.2,13.0,0.49,0.0,0.0,1.0,0.811,0.745,0.214,0.52,0.19,0.0,26583292411.57204,,,0,,2026-01-05,37.08,31.15,275
FN,laser_photonique,11.5,Tendance baissière (pas un setup),489.16,65.7,12.157,7.78,15.34,20.07,327973573.0,18.9,38.0,46.0,0.58,0.2,0.0,0.665,0.724,0.789,0.0,0.85,0.325,0.0,17887330845.47119,,,0,,2026-01-05,456.9,7.06,275
KULR,gestion_thermique|new_tech,11.4,Tendance baissière (pas un setup),2.59,54.3,0.034,1.57,3.6,1.57,1535760.0,18.0,29.4,8.0,1.0,0.0,0.0,1.0,0.952,0.722,0.0,0.548,0.206,0.0,119866030.0077281,Reg FD,7.0,2,,2026-07-03,3.85,-32.73,96
ASTS,espace,11.4,Tendance baissière (pas un setup),63.12,53.8,0.221,8.01,6.26,1.3,630468505.0,15.9,29.7,1.0,0.7,0.0,0.0,1.0,0.786,0.419,0.0,0.839,0.262,0.0,18138752219.234524,Direction,9.0,1,,2026-01-12,98.39,-35.85,268
POET,ia|laser_photonique|new_tech|quantique|semiconducteurs,11.2,Tendance baissière (pas un setup),7.71,48.6,0.024,-1.28,0.52,-2.65,59992242.0,22.9,37.2,1.0,0.98,0.0,0.0,0.711,0.936,0.673,0.0,0.735,0.183,0.0,1278034019.489853,,,0,,2026-01-05,7.43,3.77,275
LMB,gestion_thermique,11.1,Tendance baissière (pas un setup),51.35,53.6,0.189,2.82,7.09,2.99,16392535.0,33.8,47.5,14.0,0.61,0.0,0.0,0.138,0.773,0.803,0.0,0.817,0.27,0.0,607339897.129219,Contrat,28.0,1,,2026-02-03,89.66,-42.73,246
RR,ia|robotique,11.1,Tendance baissière (pas un setup),1.67,49.1,0.006,-2.91,5.03,-4.57,6974082.0,16.1,34.7,1.0,0.91,0.0,0.0,0.851,0.901,0.553,0.0,0.777,0.175,0.0,371418200.58315146,Direction,5.0,2,,2026-07-03,1.96,-14.8,96
SLDP,new_tech,10.9,Tendance baissière (pas un setup),2.35,48.0,-0.012,2.17,3.52,-6.56,6765324.0,11.7,25.6,12.0,0.63,0.0,0.0,1.0,0.722,0.439,0.293,0.698,0.143,0.0,546493998.3877888,Reg FD,23.0,1,,2026-07-03,2.52,-6.75,96
LWLG,laser_photonique|semiconducteurs,10.8,Tendance baissière (pas un setup),5.62,52.3,0.116,1.26,8.7,5.05,15452894.0,32.5,44.5,6.0,0.27,0.0,0.0,0.307,0.948,0.636,0.0,0.849,0.198,0.0,830961483.8664508,Direction,8.0,1,,2026-04-09,8.44,-33.41,181
ONDS,defense|equipement_electrique|espace|laser_photonique|robotique,10.7,Tendance baissière (pas un setup),7.41,46.4,0.026,-0.13,-0.94,-2.76,449189823.0,25.8,32.2,1.0,0.95,0.0,0.0,0.987,0.99,0.663,0.0,0.584,0.087,0.0,4180933278.861117,Émission titres,14.0,2,,2026-01-20,13.13,-43.56,260
QUIK,ia,10.5,Tendance baissière (pas un setup),11.49,52.8,0.184,-1.37,2.68,6.78,2470670.0,22.4,34.3,13.0,0.66,0.0,0.0,0.872,0.919,0.639,0.0,0.527,0.198,0.0,204425986.7649345,Direction,16.0,1,,2026-01-27,8.31,38.27,253
MOD,gestion_thermique,10.4,Tendance baissière (pas un setup),189.91,50.4,0.361,3.83,3.37,-2.44,253635335.0,14.5,23.4,8.0,0.41,0.0,0.0,1.0,0.722,0.703,0.0,0.534,0.127,0.0,9949603686.892273,8-K,0.0,4,,2026-02-25,230.19,-17.5,224
GSIT,memoire,10.3,Tendance baissière (pas un setup),5.58,50.3,0.054,-1.06,2.2,4.3,2607748.0,22.9,34.4,5.0,0.54,0.0,0.0,0.867,0.971,0.391,0.0,0.807,0.127,0.0,205866162.86232948,,,0,,2026-07-06,6.82,-18.18,93
AMRC,gestion_thermique,10.3,Tendance baissière (pas un setup),22.68,51.4,0.016,5.54,7.85,-2.03,13406975.0,29.0,42.4,25.0,0.62,0.0,0.0,0.42,0.826,0.515,0.0,0.896,0.167,0.0,1159496730.593153,Direction,27.0,1,,2026-01-05,30.92,-26.65,275
CRNC,ia,10.2,Tendance baissière (pas un setup),8.07,48.5,0.034,0.87,5.22,-5.39,4905745.0,15.8,21.5,1.0,0.62,0.0,0.0,1.0,0.983,0.428,0.0,0.744,0.071,0.0,374280359.42102623,,,0,,2026-01-05,11.09,-27.23,275
VRT,equipement_electrique|gestion_thermique|ia,10.2,Tendance baissière (pas un setup),253.14,49.6,1.651,-0.19,1.93,-9.74,1324815071.0,15.7,26.4,1.0,0.25,0.0,0.0,1.0,0.995,0.275,0.0,0.833,0.111,0.0,94331724739.54369,Reg FD,13.0,1,,2026-01-05,173.87,45.59,275
LPTH,laser_photonique,10.1,Tendance baissière (pas un setup),10.87,52.9,0.224,0.56,8.48,12.41,28039294.0,30.4,44.3,6.0,0.44,0.0,0.0,0.319,0.962,0.518,0.0,0.828,0.198,0.0,728376994.0832901,Résultats,27.0,1,,2026-01-12,11.99,-9.34,268
AMKR,semiconducteurs,10.0,Tendance baissière (pas un setup),53.39,52.3,0.5,-2.27,-1.39,11.76,192282846.0,14.0,31.4,25.0,0.91,0.0,0.0,1.0,0.822,0.461,0.0,0.527,0.238,0.0,12982884189.73587,,,0,,2026-01-05,47.98,11.28,275
OSIS,defense,9.9,Tendance baissière (pas un setup),198.56,44.4,0.618,0.35,3.26,-2.74,42891746.0,17.6,22.6,8.0,0.5,0.0,0.0,1.0,0.952,0.671,0.0,0.506,0.024,0.0,3078712782.3183594,,,0,,2026-01-05,271.38,-26.83,275
BKSY,espace|robotique,9.8,Tendance baissière (pas un setup),22.66,50.0,0.132,6.04,3.52,10.54,21487727.0,30.0,38.3,2.0,0.34,0.0,0.0,0.653,0.871,0.371,0.0,0.811,0.167,0.0,895844853.9614563,Vote actionnaires,23.0,1,,2026-01-05,22.72,-0.26,275
CCJ,production_energie,9.8,Tendance baissière (pas un setup),93.02,52.4,0.054,6.35,7.07,-7.66,286911258.0,16.6,25.1,35.0,0.34,0.0,0.0,1.0,0.627,0.171,0.0,0.929,0.159,0.0,38760258662.33205,,,0,,2026-01-05,100.17,-7.14,275
BTQ,quantique,9.8,Tendance baissière (pas un setup),3.26,57.9,0.09,3.49,14.79,7.77,6053896.0,28.8,44.1,6.0,0.0,0.0,0.0,0.328,0.962,0.237,0.0,0.884,0.31,0.0,453008473.9386349,,,0,,2026-07-03,4.82,-32.37,96
POWI,equipement_electrique|semiconducteurs,9.6,Tendance baissière (pas un setup),53.4,52.4,0.816,-1.77,4.54,5.85,39715121.0,19.0,29.1,8.0,0.18,0.0,0.0,1.0,0.91,0.089,0.0,0.829,0.19,0.0,2867976488.647064,,,0,,2026-01-12,41.25,29.45,268
CRUS,semiconducteurs,9.5,Tendance baissière (pas un setup),118.87,48.6,0.369,-2.04,-1.6,5.0,97517558.0,13.3,22.5,1.0,0.28,0.0,0.0,1.0,0.995,0.484,0.093,0.415,0.111,0.0,5675062050.424332,Reg FD,1.0,1,,2026-01-12,121.41,-2.09,268
NXE,production_energie,9.3,Tendance baissière (pas un setup),9.43,47.4,-0.008,3.97,4.43,-12.12,39760667.0,17.6,23.4,40.0,0.61,0.0,0.0,1.0,0.728,0.303,0.0,0.74,0.103,0.0,6017792512.252779,,,0,,2026-01-05,10.72,-12.03,275
ITRI,equipement_electrique,9.2,Tendance baissière (pas un setup),88.39,39.4,-0.209,0.68,1.14,-8.89,57733287.0,18.3,20.7,56.0,0.75,0.0,0.0,1.0,0.509,0.377,0.0,0.38,0.381,0.0,3732387075.044785,,,0,,2026-02-10,105.57,-16.27,239
SEDG,equipement_electrique,9.1,Tendance baissière (pas un setup),34.04,50.3,0.164,-0.99,7.99,-0.47,109426618.0,31.4,40.6,14.0,0.28,0.0,0.0,0.525,0.865,0.138,0.0,0.896,0.222,0.0,2013737703.875748,Direction,2.0,2,,2026-01-27,34.81,-2.21,253
APLD,ia,9.1,Tendance baissière (pas un setup),25.34,46.6,-0.038,2.59,-0.28,-3.91,437081668.0,23.3,30.6,10.0,0.43,0.0,0.0,1.0,0.84,0.375,0.0,0.616,0.079,0.0,7139696396.550379,,,0,,2026-01-20,35.46,-28.54,260
OKLO,new_tech|production_energie,8.8,Tendance baissière (pas un setup),38.55,49.4,0.091,7.17,3.88,-6.59,388447853.0,22.1,30.5,3.0,0.12,0.0,0.0,1.0,0.981,0.06,0.0,0.795,0.095,0.0,6841728939.927673,Contrat,26.0,1,,2026-07-03,52.36,-26.38,96
IREN,ia,8.8,Tendance baissière (pas un setup),41.28,46.2,-0.565,1.98,-0.24,-7.61,1523344504.0,16.4,41.4,4.0,0.81,0.0,0.0,0.478,0.95,0.405,0.0,0.574,0.206,0.0,15257951331.588623,,,0,,2026-05-29,63.54,-35.03,131
RTX,defense,8.7,Tendance baissière (pas un setup),183.29,22.4,-0.288,-0.56,-1.95,-8.72,764618800.0,19.0,19.4,35.0,0.58,0.0,0.0,1.0,0.709,0.341,0.0,0.334,0.048,0.365,243769008924.4297,Direction,22.0,1,,2026-01-05,186.86,-1.91,275
AEYE,ia,8.6,Tendance baissière (pas un setup),6.92,47.7,-0.059,2.82,4.37,-9.07,1197128.0,18.6,34.7,29.0,0.0,0.0,0.0,0.85,0.829,0.0,0.0,0.709,0.286,0.0,85725178.83772755,Contrat,19.0,1,,2026-05-29,7.68,-9.9,131
ERII,gestion_thermique,8.6,Tendance baissière (pas un setup),7.08,47.4,0.044,3.66,4.89,-7.21,6837414.0,24.2,29.3,29.0,0.21,0.0,0.0,1.0,0.824,0.106,0.0,0.775,0.079,0.0,343532009.7236037,,,0,,2026-02-03,14.81,-52.19,246
PL,espace,8.5,Tendance baissière (pas un setup),18.57,54.0,0.386,6.97,13.37,2.48,181090887.0,27.3,38.9,2.0,0.0,0.0,0.0,0.617,0.879,0.0,0.0,0.902,0.183,0.0,6481952118.35079,,,0,,2026-01-27,28.07,-33.84,253
LUNR,espace,8.5,Tendance baissière (pas un setup),15.06,49.9,0.029,5.39,3.51,1.69,119294591.0,27.7,45.8,4.0,0.54,0.0,0.0,0.232,0.8,0.268,0.0,0.81,0.214,0.0,2342909140.7867413,,,0,,2026-01-27,20.29,-25.78,253
NVTS,equipement_electrique|new_tech|robotique|semiconducteurs,8.3,Tendance baissière (pas un setup),11.97,49.9,0.116,-3.0,2.05,1.44,168796710.0,19.9,36.9,6.0,0.22,0.0,0.0,0.726,0.825,0.219,0.0,0.547,0.238,0.0,2987434897.252762,Reg FD,1.0,3,,2026-01-20,9.86,21.4,260
LEU,production_energie,8.3,Tendance baissière (pas un setup),153.88,50.0,0.912,8.8,11.36,-11.51,115380379.0,26.2,34.9,62.0,0.0,0.0,0.0,0.838,0.629,0.0,0.0,0.908,0.127,0.0,2997709823.9543457,Événement,20.0,3,,2026-01-20,315.92,-51.29,260
HEI,defense,8.3,Tendance baissière (pas un setup),303.26,39.0,1.484,0.56,-1.25,-6.83,146218780.0,19.5,22.1,1.0,0.26,0.0,0.0,1.0,0.948,0.426,0.0,0.032,0.095,0.349,41279916832.01477,,,0,,2026-01-05,341.5,-11.2,275
NNE,new_tech|production_energie,8.3,Tendance baissière (pas un setup),16.49,47.9,0.0,6.32,4.43,-6.94,32983988.0,22.0,30.4,10.0,0.17,0.0,0.0,1.0,0.842,0.086,0.0,0.695,0.103,0.0,857022412.2084217,Contrat,5.0,2,,2026-07-03,20.03,-17.67,96
BLDP,production_energie,8.2,Tendance baissière (pas un setup),2.06,36.8,0.008,0.0,-1.9,-11.97,5804229.0,29.0,31.7,8.0,1.0,0.0,0.0,1.0,0.952,0.5,0.0,0.329,0.016,0.0,703936905.7091427,,,0,,2026-01-05,2.76,-25.36,275
QS,new_tech,8.1,Tendance baissière (pas un setup),4.65,35.0,-0.005,0.65,1.31,-15.15,57266032.0,28.8,31.7,22.0,1.0,0.0,0.0,1.0,0.79,0.5,0.0,0.355,0.032,0.0,2792140062.8455267,,,0,,2026-05-29,8.98,-48.22,131
TDG,defense,8.1,Tendance baissière (pas un setup),1103.33,42.8,4.008,0.98,0.32,-5.05,445550405.0,18.8,21.2,1.0,0.22,0.0,0.0,1.0,0.922,0.277,0.0,0.369,0.024,0.18,60695007712.649536,Contrat,8.0,6,,2026-01-05,1367.89,-19.34,275
RDW,defense|espace|new_tech,8.1,Tendance baissière (pas un setup),10.62,45.9,-0.062,1.82,-1.03,0.85,154401259.0,25.2,45.3,4.0,0.44,0.0,0.0,0.26,0.751,0.661,0.0,0.288,0.262,0.0,2564149149.673129,,,0,,2026-04-16,11.22,-5.35,174
PNR,gestion_thermique,8.0,Tendance baissière (pas un setup),52.94,26.8,0.151,0.3,-0.99,-12.07,139358865.0,25.4,27.1,37.0,1.0,0.0,0.0,1.0,0.781,0.5,0.0,0.354,0.008,0.0,8368626219.177246,Direction,15.0,2,,2026-01-20,103.75,-48.97,260
AMBA,ia|semiconducteurs,8.0,Tendance baissière (pas un setup),67.94,47.5,0.327,-0.47,-1.15,8.03,109797234.0,25.6,36.4,2.0,0.4,0.0,0.0,0.757,0.869,0.338,0.0,0.345,0.214,0.009,2878874182.503021,,,0,,2026-01-05,77.11,-11.89,275
UEC,production_energie,8.0,Tendance baissière (pas un setup),10.11,48.9,0.022,8.13,8.83,-12.39,100186329.0,26.7,35.1,41.0,0.0,0.0,0.0,0.825,0.599,0.0,0.0,0.835,0.151,0.0,4685752969.764891,Résultats,8.0,1,,2026-01-05,13.99,-27.73,275
BWXT,defense|gestion_thermique|production_energie,7.9,Tendance baissière (pas un setup),145.7,49.4,0.597,7.65,5.57,-7.54,178374942.0,18.2,26.0,61.0,0.0,0.0,0.0,1.0,0.452,0.0,0.0,0.861,0.087,0.0,12929693370.22705,,,0,,2026-01-05,188.51,-22.71,275
AVAV,defense|espace|robotique,7.9,Tendance baissière (pas un setup),143.54,42.3,-1.09,3.04,0.21,-0.77,336396432.0,30.9,33.6,24.0,0.0,0.0,0.0,0.911,0.84,0.5,0.0,0.328,0.032,0.0,7077799384.669464,Vote actionnaires,7.0,2,,2026-07-03,190.89,-24.8,96
NRG,production_energie,7.9,Tendance baissière (pas un setup),103.6,47.8,0.444,7.02,6.62,-12.96,308572623.0,26.4,33.7,64.0,0.2,0.0,0.0,0.908,0.568,0.1,0.0,0.778,0.087,0.0,22845675356.59115,,,0,,2026-01-05,160.6,-35.49,275
XYL,gestion_thermique,7.8,Tendance baissière (pas un setup),104.57,44.5,0.176,2.1,3.61,-1.06,301448428.0,17.5,22.2,44.0,0.0,0.0,0.0,1.0,0.635,0.224,0.0,0.568,0.071,0.0,23874026527.0,Événement,8.0,2,,2026-01-20,137.81,-24.12,260
VVX,defense|laser_photonique,7.8,Tendance baissière (pas un setup),70.96,37.9,-0.251,0.13,-2.53,-4.34,52864854.0,24.5,27.0,21.0,0.2,0.0,0.0,1.0,0.757,0.6,0.0,0.049,0.032,0.184,2136812997.4649355,,,0,,2026-01-05,59.92,18.42,275
LTBR,production_energie,7.8,Tendance baissière (pas un setup),6.84,48.1,0.047,7.55,8.57,-9.76,5912921.0,29.3,36.7,9.0,0.02,0.0,0.0,0.738,0.911,0.012,0.0,0.764,0.111,0.0,225516304.16045475,Reg FD,29.0,1,,2026-07-03,8.64,-20.83,96
CARR,gestion_thermique,7.8,Tendance baissière (pas un setup),56.1,46.0,0.343,0.66,1.3,-6.05,402072700.0,17.9,22.5,1.0,0.0,0.0,0.0,1.0,0.935,0.0,0.0,0.582,0.079,0.112,45502743775.3101,,,0,,2026-02-03,60.98,-8.0,246
WLDN,gestion_thermique,7.8,Tendance baissière (pas un setup),73.91,32.2,-0.659,0.45,-2.39,-13.84,14241332.0,17.3,24.8,39.0,0.91,0.0,0.0,1.0,0.738,0.456,0.0,0.34,0.04,0.0,1113085003.3403473,Contrat,14.0,1,,2026-01-05,109.74,-32.65,275
AYI,equipement_electrique,7.7,Tendance baissière (pas un setup),302.98,42.1,0.71,-0.61,-1.88,-9.3,128975202.0,17.5,20.2,15.0,0.0,0.0,0.0,1.0,0.552,0.205,0.0,0.311,0.079,0.328,8960008499.485168,Résultats,6.0,2,,2026-01-05,376.18,-19.46,275
FLY,espace,7.6,Tendance baissière (pas un setup),22.83,50.7,0.109,1.06,-0.13,5.35,77024385.0,19.0,37.2,6.0,0.06,0.0,0.0,0.711,0.619,0.133,0.0,0.514,0.278,0.0,3613429109.06147,Direction,1.0,1,,2026-05-21,42.86,-46.73,139
PDYN,defense|robotique,7.6,Tendance baissière (pas un setup),5.36,44.9,-0.016,4.69,2.68,-6.13,4846869.0,19.6,28.0,17.0,0.18,0.0,0.0,1.0,0.803,0.172,0.0,0.521,0.079,0.0,256066869.7231722,,,0,,2026-07-03,5.84,-8.22,96
KRKNF,defense,7.5,Tendance baissière (pas un setup),3.37,49.1,0.041,5.31,14.63,-9.16,2750065.0,31.1,41.7,38.0,0.19,0.0,0.0,0.46,0.655,0.093,0.0,0.855,0.119,0.0,1277657772.532373,,,0,,2026-01-05,5.19,-35.07,275
ESE,equipement_electrique,7.5,Tendance baissière (pas un setup),268.22,45.4,2.156,-1.36,0.98,-2.09,70145009.0,20.3,24.1,1.0,0.0,0.0,0.0,1.0,0.975,0.0,0.0,0.519,0.048,0.137,6612129281.365448,Contrat,5.0,1,,2026-01-12,213.43,25.67,268
DRS,defense,7.4,Tendance baissière (pas un setup),36.78,39.6,0.203,0.49,0.14,0.49,35203191.0,25.4,28.7,1.0,0.08,0.0,0.0,1.0,0.995,0.532,0.0,0.033,0.008,0.095,9666810999.095306,,,0,,2026-01-20,41.9,-12.22,260
ENPH,production_energie,7.3,Tendance baissière (pas un setup),33.91,45.1,0.18,1.38,6.53,-6.76,161836641.0,21.6,29.4,33.0,0.1,0.0,0.0,1.0,0.773,0.05,0.0,0.592,0.079,0.0,4381916507.516327,,,0,,2026-01-05,34.0,-0.26,275
PLUG,new_tech|production_energie,7.0,Tendance baissière (pas un setup),1.86,36.4,-0.011,-1.59,-2.62,-14.29,93392550.0,26.8,28.0,27.0,0.65,0.0,0.0,1.0,0.802,0.326,0.0,0.32,0.008,0.0,2500979494.32123,Direction,14.0,1,,2026-01-27,2.41,-22.82,253
LDOS,defense,7.0,Tendance baissière (pas un setup),116.69,32.5,-0.888,-2.31,-5.21,-12.01,160475337.0,20.5,25.1,44.0,0.48,0.0,0.0,1.0,0.686,0.42,0.0,0.034,0.206,0.0,14361328704.337463,Contrat,2.0,2,,2026-01-05,194.32,-39.95,275
SPXC,equipement_electrique|gestion_thermique,6.9,Tendance baissière (pas un setup),175.82,40.1,1.102,-0.55,3.04,-10.46,120200204.0,25.8,29.9,41.0,0.0,0.0,0.0,1.0,0.752,0.15,0.0,0.421,0.063,0.001,8518603160.509949,,,0,,2026-01-05,205.44,-14.42,275
BAH,defense,6.8,Tendance baissière (pas un setup),68.14,35.9,-0.906,-0.69,-2.25,-6.4,132358781.0,16.1,19.5,78.0,0.44,0.0,0.0,1.0,0.379,0.237,0.0,0.309,0.175,0.0,8276808698.465515,,,0,,2026-07-03,62.45,9.11,96
GD,defense,6.8,Tendance baissière (pas un setup),331.33,24.1,-0.444,-0.12,-0.3,-7.81,454963904.0,17.2,18.1,71.0,0.0,0.0,0.0,1.0,0.416,0.0,0.0,0.375,0.008,0.428,88480781528.59879,,,0,,2026-01-05,350.93,-5.59,275
SOUN,ia|new_tech,6.8,Tendance baissière (pas un setup),5.72,36.1,-0.003,-2.72,-2.05,-15.13,108557334.0,30.2,31.0,6.0,1.0,0.0,0.0,1.0,0.962,0.5,0.0,0.036,0.008,0.0,2498130905.625,,,0,,2026-07-03,6.55,-12.67,96
MRCY,defense|espace,6.7,Tendance baissière (pas un setup),82.8,42.5,0.651,-0.17,0.19,0.46,54731434.0,28.2,32.0,2.0,0.5,0.0,0.0,1.0,0.986,0.396,0.0,0.082,0.04,0.0,4858740181.824554,Événement,19.0,2,,2026-01-05,81.29,1.86,275
LII,gestion_thermique,6.7,Tendance baissière (pas un setup),365.63,43.2,2.725,1.24,1.9,-6.02,178217535.0,33.7,36.7,1.0,0.47,0.0,0.0,0.738,0.96,0.236,0.0,0.388,0.04,0.0,12407628269.256592,Direction,19.0,1,,2026-01-12,530.42,-31.07,268
MNTS,espace,6.6,Tendance baissière (pas un setup),3.6,35.9,-0.039,0.56,-2.7,-13.88,2443883.0,31.3,33.2,21.0,1.0,0.0,0.0,0.933,0.761,0.603,0.0,0.006,0.016,0.0,76432635.89891863,,,0,,2026-07-03,5.91,-39.09,96
LMT,defense,6.6,Tendance baissière (pas un setup),510.12,36.0,-0.699,0.69,-0.41,-2.89,619305960.0,16.2,18.1,29.0,0.21,0.0,0.0,1.0,0.765,0.103,0.0,0.336,0.016,0.155,115472738732.3899,,,0,,2026-01-05,505.58,0.9,275
AIRJ,gestion_thermique,6.5,Tendance baissière (pas un setup),3.82,33.5,-0.009,1.06,-3.29,-16.41,3483601.0,42.6,43.6,6.0,1.0,0.0,0.0,0.355,0.962,0.5,0.0,0.045,0.222,0.0,269184941.57596207,Contrat,23.0,1,,2026-05-07,3.48,9.77,153
PRCT,robotique,6.5,Tendance baissière (pas un setup),17.51,40.1,-0.06,-1.74,-3.9,-23.07,25793276.0,23.6,27.0,62.0,0.42,0.0,0.0,1.0,0.566,0.232,0.0,0.364,0.032,0.0,1028238947.2579422,Direction,5.0,2,,2026-05-21,28.93,-39.47,139
DNN,production_energie,6.5,Tendance baissière (pas un setup),2.71,41.5,-0.004,3.04,4.63,-20.76,71685270.0,29.6,34.5,89.0,0.24,0.0,0.0,0.859,0.467,0.225,0.0,0.441,0.071,0.0,2312933289.752466,,,0,,2026-01-05,3.22,-15.84,275
RGTI,new_tech|quantique,6.5,Tendance baissière (pas un setup),15.17,43.0,-0.057,0.13,-3.62,-0.2,246808751.0,21.7,32.2,4.0,0.68,0.0,0.0,0.989,0.829,0.427,0.0,0.063,0.048,0.0,4871354951.590871,Contrat,29.0,1,,2026-07-03,17.94,-15.44,96
AEVA,ia|laser_photonique,6.3,Tendance baissière (pas un setup),14.57,43.7,0.121,1.89,4.29,-7.14,20873666.0,48.7,52.5,4.0,0.63,0.0,0.0,0.0,0.976,0.452,0.0,0.43,0.048,0.0,1003762888.6093636,,,0,,2026-03-25,15.26,-4.52,196
ZENA,defense,6.2,Tendance baissière (pas un setup),1.3,37.6,-0.014,1.56,-11.56,-22.62,2281834.0,42.5,46.0,43.0,1.0,0.0,0.0,0.221,0.743,0.587,0.0,0.302,0.016,0.0,119095931.69259168,,,0,,2026-07-03,1.42,-8.45,96
LHX,defense,6.2,Tendance baissière (pas un setup),237.9,29.9,0.706,0.43,0.6,-7.23,398948481.0,22.6,23.9,29.0,0.23,0.0,0.0,1.0,0.82,0.115,0.0,0.352,0.008,0.0,43779057358.16382,,,0,,2026-01-05,309.05,-23.02,275
BBAI,defense|ia|new_tech,6.2,Tendance baissière (pas un setup),2.58,34.9,-0.011,-1.15,-2.64,-11.64,42826243.0,24.3,24.9,8.0,0.86,0.0,0.0,1.0,0.83,0.431,0.0,0.032,0.008,0.0,1201133759.83879,Direction,22.0,1,,2026-01-12,6.31,-59.11,268
EOSE,equipement_electrique|new_tech,6.2,Tendance baissière (pas un setup),3.26,42.1,-0.033,-0.31,4.82,-15.98,94279421.0,29.0,35.5,58.0,0.34,0.0,0.0,0.805,0.652,0.169,0.0,0.403,0.063,0.0,1128919971.6702576,Direction,21.0,2,,2026-01-12,16.13,-79.79,268
CW,defense,6.0,Tendance baissière (pas un setup),553.35,41.2,4.78,2.32,3.65,-2.32,242591856.0,28.1,31.7,29.0,0.0,0.0,0.0,1.0,0.824,0.018,0.0,0.35,0.063,0.0,18695846298.531982,Direction,1.0,3,,2026-01-05,586.09,-5.59,275
AIRO,defense,6.0,Tendance baissière (pas un setup),6.53,37.0,-0.044,0.62,-3.83,-11.76,2726845.0,44.6,48.0,7.0,0.71,0.0,0.0,0.108,0.957,0.474,0.0,0.302,0.056,0.0,199748952.2024746,,,0,,2026-07-03,7.6,-14.08,96
AMPG,quantique,5.9,Tendance baissière (pas un setup),2.99,32.0,0.015,0.67,-7.14,-11.28,2212477.0,54.0,55.4,20.0,1.0,0.0,0.0,0.0,0.881,0.611,0.0,0.0,0.222,0.0,89080122.3763125,,,0,,2026-01-05,3.65,-18.08,275
SIDU,espace,5.9,Tendance baissière (pas un setup),1.74,34.5,-0.021,-0.57,-4.92,-15.94,7563867.0,34.8,37.8,11.0,0.82,0.0,0.0,0.676,0.902,0.501,0.0,0.034,0.008,0.0,167527911.6339202,Direction,1.0,2,,2026-01-27,3.62,-51.93,253
SMR,new_tech|production_energie,5.7,Tendance baissière (pas un setup),8.02,43.4,-0.064,4.43,3.35,-17.32,317325259.0,29.5,33.7,66.0,0.0,0.0,0.0,0.906,0.591,0.001,0.0,0.443,0.048,0.0,3141531877.0131483,,,0,,2026-07-03,9.76,-17.83,96
UUUU,production_energie,5.7,Tendance baissière (pas un setup),11.26,39.0,-0.024,4.07,2.46,-22.18,86967854.0,31.8,35.7,50.0,0.14,0.0,0.0,0.795,0.7,0.07,0.0,0.409,0.048,0.0,2721872249.4578285,,,0,,2026-02-03,24.53,-54.1,246
INDI,semiconducteurs,5.7,Tendance baissière (pas un setup),2.85,35.5,0.004,-2.06,-3.72,-20.83,15496357.0,44.5,44.9,1.0,0.66,0.0,0.0,0.282,0.995,0.332,0.0,0.341,0.008,0.0,632838255.0114036,,,0,,2026-01-27,4.57,-37.64,253
AXON,defense,5.7,Tendance baissière (pas un setup),418.62,34.0,0.427,1.65,-0.23,-18.82,497762969.0,35.8,37.4,25.0,0.0,0.0,0.0,0.701,0.852,0.0,0.0,0.359,0.135,0.0,32978498194.42047,Contrat,16.0,2,,2026-06-29,510.6,-18.01,100
TATT,defense,5.6,Tendance baissière (pas un setup),33.49,31.5,-0.375,1.18,-5.45,-16.21,4261502.0,36.8,38.1,50.0,0.92,0.0,0.0,0.663,0.7,0.528,0.0,0.016,0.016,0.0,422179483.8099251,,,0,,2026-01-05,49.22,-31.96,275
FSLR,production_energie,5.5,Tendance baissière (pas un setup),179.8,41.0,-0.373,2.07,1.62,-12.06,459089121.0,33.3,37.5,65.0,0.1,0.0,0.0,0.695,0.588,0.092,0.0,0.402,0.063,0.0,19352621746.128235,,,0,,2026-01-05,272.0,-33.9,275
QUBT,laser_photonique|new_tech|quantique,5.5,Tendance baissière (pas un setup),7.86,38.6,-0.085,-1.01,-7.09,-1.87,60232626.0,19.5,25.2,23.0,0.52,0.0,0.0,1.0,0.603,0.381,0.0,0.0,0.032,0.0,1723631294.708315,Reg FD,5.0,2,,2026-07-03,9.05,-13.15,96
HII,defense,5.5,Tendance baissière (pas un setup),263.75,37.5,0.571,-1.02,1.58,-7.76,148712964.0,20.8,22.9,15.0,0.05,0.0,0.0,1.0,0.745,0.024,0.0,0.325,0.016,0.0,10339766274.69342,,,0,,2026-01-05,360.79,-26.9,275
QBTS,new_tech|quantique,5.4,Tendance baissière (pas un setup),15.79,39.7,-0.066,0.96,-3.9,-4.76,261196732.0,28.2,30.6,8.0,0.49,0.0,0.0,1.0,0.835,0.287,0.0,0.0,0.016,0.0,5764630505.477673,Reg FD,6.0,8,,2026-07-03,22.53,-29.92,96
URG,production_energie,5.3,Tendance baissière (pas un setup),1.12,39.2,-0.006,5.66,0.9,-20.0,8413541.0,27.3,33.1,67.0,0.0,0.0,0.0,0.938,0.536,0.0,0.0,0.395,0.04,0.0,435660784.78297234,,,0,,2026-01-05,1.61,-30.43,275
KTOS,defense|espace,5.2,Tendance baissière (pas un setup),43.71,37.6,-0.097,4.02,1.53,-8.59,200709513.0,34.9,37.8,11.0,0.0,0.0,0.0,0.678,0.933,0.0,0.0,0.344,0.04,0.0,7888989053.615013,,,0,,2026-01-05,89.93,-51.4,275
CDRE,defense,5.0,Tendance baissière (pas un setup),25.5,33.1,0.01,2.0,-0.12,-14.31,13723009.0,31.8,34.7,69.0,0.0,0.0,0.0,0.853,0.586,0.0,0.0,0.358,0.024,0.0,1057672162.4696274,,,0,,2026-01-05,41.73,-38.89,275
LASR,laser_photonique|semiconducteurs,5.0,Tendance baissière (pas un setup),40.03,42.8,0.666,1.34,2.61,-0.07,31635286.0,50.0,53.4,1.0,1.0,0.0,0.0,0.0,0.995,0.5,0.0,0.09,0.063,0.0,2297223626.934349,,,0,,2026-01-05,38.09,5.09,275
AMPX,new_tech,4.9,Tendance baissière (pas un setup),9.47,43.7,0.043,0.21,-0.63,-4.25,51605252.0,29.4,37.1,1.0,0.34,0.0,0.0,0.714,0.852,0.17,0.0,0.133,0.04,0.0,1360740895.3721333,Contrat,9.0,1,,2026-01-27,11.58,-18.22,253
NOC,defense,4.7,Tendance baissière (pas un setup),483.11,31.0,-3.021,1.47,-4.26,-6.19,490280160.0,18.4,20.6,67.0,0.0,0.0,0.0,1.0,0.387,0.0,0.0,0.306,0.016,0.0,67467152197.91034,,,0,,2026-01-05,606.7,-20.37,275
ABAT,new_tech,4.7,Tendance baissière (pas un setup),2.15,40.2,-0.009,-0.92,-1.83,-22.66,8969528.0,25.5,30.7,25.0,0.0,0.0,0.0,1.0,0.802,0.117,0.0,0.048,0.016,0.0,298700407.0891824,Événement,6.0,2,,2026-01-20,4.85,-55.67,260
SPIR,espace,4.6,Tendance baissière (pas un setup),10.98,37.9,-0.033,0.83,-1.52,-8.35,7933308.0,27.6,31.1,6.0,0.21,0.0,0.0,1.0,0.8,0.104,0.0,0.041,0.016,0.0,416575224.9787941,,,0,,2026-03-11,11.03,-0.45,210
VOYG,defense|espace,4.5,Tendance baissière (pas un setup),30.88,43.1,-0.321,2.25,0.46,-9.02,86508691.0,32.0,50.9,15.0,0.0,0.0,0.0,0.0,0.7,0.0,0.0,0.408,0.206,0.0,1773199356.924591,Contrat,9.0,1,,2026-01-27,35.07,-11.95,253
FRMI,production_energie,4.4,Tendance baissière (pas un setup),4.23,37.5,-0.023,4.19,-1.17,-17.38,79176556.0,44.9,48.9,52.0,0.48,0.0,0.0,0.06,0.686,0.238,0.0,0.356,0.032,0.0,2542594667.355238,,,0,,2026-07-03,8.06,-47.52,96
MVIS,laser_photonique|robotique,4.3,Tendance baissière (pas un setup),1.58,39.6,0.056,7.48,8.22,-4.24,2185529.0,67.8,71.4,15.0,0.37,0.0,0.0,0.0,0.91,0.433,0.0,0.045,0.063,0.0,46036223.61914098,,,0,,2026-08-03,3.99,-60.4,65
RCAT,defense|robotique,4.2,Tendance baissière (pas un setup),6.34,31.5,0.005,-0.08,-1.71,-24.25,60725397.0,46.1,46.7,29.0,0.15,0.0,0.0,0.184,0.824,0.074,0.0,0.38,0.008,0.0,939956930.1507484,,,0,,2026-03-04,14.73,-56.96,217
ASPI,production_energie,4.0,Tendance baissière (pas un setup),2.85,37.7,0.023,-2.73,8.16,-32.14,14780123.0,36.6,44.2,53.0,0.0,0.0,0.0,0.324,0.537,0.0,0.0,0.427,0.04,0.0,433099005.8103609,Reg FD,5.0,2,,2026-05-14,6.09,-53.2,146
EU,production_energie,3.9,Tendance baissière (pas un setup),1.14,50.9,0.002,6.54,-0.87,-8.06,8809927.0,24.0,48.7,83.0,0.0,0.0,0.0,0.074,0.13,0.0,0.0,0.541,0.143,0.0,209771652.65557623,,,0,,2026-01-05,2.78,-58.99,275
KRMN,defense|espace,3.6,Tendance baissière (pas un setup),33.29,37.1,0.484,0.82,1.31,-16.73,145427291.0,47.8,50.3,4.0,0.0,0.0,0.0,0.0,0.954,0.0,0.0,0.352,0.032,0.0,4185414488.528481,Reg FD,21.0,1,,2026-01-05,83.99,-60.36,275
STI,new_tech,3.6,Tendance baissière (pas un setup),5.72,35.7,-0.111,5.34,-14.37,-25.62,2978031.0,35.7,42.1,29.0,0.0,0.0,0.0,0.437,0.429,0.079,0.0,0.0,0.23,0.0,47799207.21658135,Reg FD,16.0,1,,2026-07-03,7.85,-27.13,96
FLNC,equipement_electrique,3.6,Tendance baissière (pas un setup),8.03,39.6,0.181,4.97,2.69,-22.42,69266640.0,49.3,55.7,59.0,0.0,0.0,0.0,0.0,0.648,0.0,0.0,0.374,0.111,0.0,1095917296.176916,Direction,21.0,1,,2026-01-05,22.25,-63.91,275
YMAT,new_tech,3.5,Tendance baissière (pas un setup),1.36,41.3,0.004,-0.07,-9.33,-19.53,7066149.0,41.9,63.7,68.0,0.0,0.0,0.0,0.0,0.381,0.468,0.0,0.044,0.063,0.0,5270077.5377544165,,,0,,2026-07-10,1.9,-28.42,89
NKLR,production_energie,3.4,Tendance baissière (pas un setup),3.6,35.4,0.004,4.65,8.11,-31.69,2357033.0,44.3,49.2,90.0,0.0,0.0,0.0,0.043,0.457,0.0,0.0,0.432,0.063,0.0,372940564.5,Direction,14.0,1,,2026-07-03,4.62,-22.08,96
VELO,new_tech,2.9,Tendance baissière (pas un setup),9.57,38.0,-0.037,0.0,-11.39,-17.57,14235290.0,45.7,52.3,3.0,0.51,0.0,0.0,0.0,0.882,0.254,0.0,0.0,0.016,0.0,294807414.51278305,Contrat,5.0,1,,2026-03-18,14.03,-31.79,203
VWAV,defense,2.8,Tendance baissière (pas un setup),5.04,34.9,1.16,15.86,21.15,-56.63,3317316.0,90.3,99.3,89.0,0.0,0.0,0.0,0.0,0.467,0.0,0.0,0.303,0.079,0.0,11039199.735025406,Direction,1.0,8,,2026-07-03,4.14,21.74,96
ENVX,new_tech,2.8,Tendance baissière (pas un setup),2.7,37.2,0.021,1.12,-1.82,-18.67,20484617.0,46.4,50.7,11.0,0.34,0.0,0.0,0.0,0.933,0.169,0.0,0.044,0.024,0.0,561745118.4023666,,,0,,2026-07-03,5.36,-49.63,96
KITT,robotique,2.7,Tendance baissière (pas un setup),1.54,19.6,-0.103,4.05,-17.2,-60.33,1760819.0,79.8,81.9,100.0,0.0,0.0,0.0,0.0,0.4,0.0,0.0,0.373,0.024,0.0,1905350.2743709087,Contrat,5.0,8,,2026-09-25,2.93,-47.44,12
QNC,quantique,2.1,Tendance baissière (pas un setup),1.63,44.0,-0.008,-0.61,-6.86,-5.23,2687884.0,36.1,42.7,72.0,0.0,0.0,0.0,0.403,0.167,0.0,0.0,0.139,0.024,0.0,348613961.4843607,,,0,,2026-09-29,2.2,-25.91,8
YSS,espace,1.8,Tendance baissière (pas un setup),8.03,37.3,0.084,-3.37,-9.06,-10.38,31638130.0,56.2,59.3,18.0,0.0,0.0,0.0,0.0,0.89,0.0,0.0,0.0,0.032,0.0,1006144430.426116,,,0,,2026-09-03,8.67,-7.38,34
