ticker,themes,score,setup,price,rsi,macd_hist,chg_1d,chg_7d,chg_1m,avg_dollar_vol,dist_to_high_pct,base_depth_pct,bbwidth_pctile,vol_dryup,overext,c_trend,c_base,c_vcp,c_volume,c_pivot,c_momentum,c_rs,c_hi52,mcap_usd,catalyst,catalyst_days,catalyst_n,buzz,first_scan_date,first_scan_price,pct_since_first,days_tracked
HEI,defense,83.1,Cup & Handle probable,362.09,72.5,1.418,0.66,5.77,9.06,178238010.0,0.6,29.7,30.0,0.94,0.0,0.908,1.0,0.675,0.822,1.0,0.586,0.802,0.959,51342940685.44006,Contrat,19.0,1,3,2026-01-05,341.5,6.03,182
CGNX,robotique,78.6,Setup en formation,67.8,54.8,0.403,-4.92,1.89,2.6,161105747.0,7.0,28.3,60.0,0.19,0.0,0.911,1.0,0.245,0.506,0.879,0.833,0.952,0.768,11745052246.45314,,,0,13,2026-01-12,39.32,72.43,175
BRKR,robotique,77.7,Squeeze / VCP prêt à casser,61.64,65.9,-0.05,1.65,1.23,7.65,149044579.0,4.4,47.6,12.0,0.2,0.0,1.0,0.132,0.709,0.527,1.0,0.778,0.976,0.853,9294896810.490082,,,0,2,2026-01-05,51.13,20.56,182
GEV,equipement_electrique|production_energie,77.3,Cup & Handle probable,1113.11,57.2,14.053,-1.87,2.55,14.85,3360213263.0,5.8,27.6,98.0,0.0,0.0,0.918,1.0,0.01,0.5,1.0,0.803,0.897,0.807,308405923206.8872,,,0,43,2026-01-05,680.1,63.67,182
POWW,defense,75.9,Cup & Handle probable,2.37,65.0,0.025,2.6,7.73,15.05,2260078.0,3.7,22.4,91.0,0.0,0.0,0.956,1.0,0.052,0.5,1.0,0.516,0.976,0.878,277630762.8460355,8-K,7.0,2,0,2026-02-25,2.15,10.23,131
IRDM,espace,75.7,Cup & Handle probable,53.75,62.5,0.979,-3.54,28.47,8.71,178026661.0,5.1,36.9,86.0,0.0,0.1,0.975,0.726,0.086,0.5,1.0,0.923,0.976,0.8,5594480571.793152,Contrat,7.0,1,25,2026-01-12,19.38,177.35,175
DCO,defense,74.4,Cup & Handle probable,186.6,74.7,2.192,-1.92,9.5,24.18,50612442.0,2.3,31.1,100.0,0.0,0.01,1.0,1.0,0.0,0.5,1.0,0.459,0.992,0.83,2816775594.894989,,,0,1,2026-01-05,100.2,86.23,182
AYI,equipement_electrique,74.3,Cup & Handle probable,359.04,64.7,5.788,-2.31,-0.1,15.3,169932512.0,5.2,28.5,100.0,0.0,0.0,1.0,1.0,0.0,0.5,1.0,0.525,0.921,0.819,10619485474.345337,Résultats,11.0,1,8,2026-01-05,376.18,-4.56,182
SNOW,ia,74.1,Setup en formation,260.15,68.6,0.047,-0.4,14.57,-0.38,1774082971.0,8.7,53.3,36.0,0.85,0.0,1.0,0.0,0.53,0.794,0.66,0.747,0.984,0.709,91604651654.05272,Vote actionnaires,6.0,1,8,2026-06-29,251.65,3.38,7
CARR,gestion_thermique,72.7,Setup en formation,70.07,50.3,-0.263,-2.78,-7.8,5.5,423779027.0,8.7,21.6,32.0,0.57,0.0,0.905,1.0,0.587,0.783,0.661,0.5,0.841,0.581,57741948218.75668,,,0,12,2026-02-03,60.98,14.91,153
MRCY,defense|espace,71.3,Cup & Handle probable,126.21,68.4,0.527,2.57,19.55,11.82,95107976.0,1.3,42.5,30.0,0.0,0.1,0.976,0.415,0.431,0.169,1.0,0.833,1.0,0.958,7419548461.986244,,,0,1,2026-01-05,81.29,55.26,182
MASS,robotique,71.1,Setup en formation,8.69,55.3,-0.034,-2.14,-3.23,-1.81,2846605.0,6.2,30.4,25.0,0.0,0.0,0.956,1.0,0.677,0.143,0.974,0.517,0.921,0.768,327465952.09009933,Vote actionnaires,24.0,1,0,2026-02-10,6.77,28.36,146
ROK,robotique,69.7,Cup & Handle probable,471.7,53.5,0.307,-2.3,-1.6,1.79,420039783.0,5.2,20.6,48.0,0.0,0.0,0.864,1.0,0.386,0.109,1.0,0.535,0.944,0.828,53425406684.125,,,0,15,2026-01-05,402.09,17.31,182
ZBRA,robotique,69.2,Momentum en formation,267.18,64.2,3.366,-0.25,9.77,5.01,223299021.0,2.7,22.8,83.0,0.52,0.0,0.445,1.0,0.302,0.762,1.0,0.869,0.81,0.192,13040117859.089844,,,0,5,2026-05-14,258.1,3.52,53
ESE,equipement_electrique,68.9,Setup en formation,332.78,53.5,-0.064,-2.07,-6.21,14.16,107257694.0,8.1,21.9,83.0,0.25,0.0,0.945,1.0,0.105,0.583,0.739,0.5,0.794,0.73,8773982289.114624,,,0,0,2026-01-12,213.43,55.92,175
AZZ,equipement_electrique,68.6,Setup en formation,150.01,51.5,-0.539,0.07,-6.34,9.88,51060630.0,7.5,19.8,75.0,0.0,0.0,0.871,1.0,0.152,0.482,0.811,0.5,0.833,0.749,4571755899.469482,Événement,11.0,1,2,2026-01-05,110.65,35.57,182
LII,gestion_thermique,67.1,Cup & Handle probable,570.03,64.5,4.222,-0.18,0.12,10.66,223221680.0,2.9,19.3,75.0,0.54,0.0,0.887,1.0,0.293,0.493,1.0,0.525,0.794,0.452,19688256065.76172,,,0,3,2026-01-12,530.42,7.47,175
GHM,gestion_thermique,66.9,Setup en formation,115.42,55.9,0.44,-3.37,-6.03,8.77,34524999.0,8.3,30.1,91.0,0.0,0.0,1.0,1.0,0.155,0.233,0.717,0.5,0.944,0.724,1346401783.1840515,Reg FD,18.0,3,3,2026-01-05,70.0,64.89,182
CW,defense,66.4,Momentum en formation,760.23,53.9,-1.68,0.33,-0.98,5.46,243900650.0,5.0,14.3,42.0,0.0,0.0,0.776,1.0,0.475,0.047,1.0,0.811,0.619,0.834,29003986044.09033,,,0,11,2026-01-05,586.09,29.71,182
SIF,defense,66.0,Setup en formation,24.65,69.1,0.234,0.57,17.44,24.24,2315747.0,6.8,47.8,43.0,0.0,0.19,1.0,0.123,0.369,0.5,0.899,0.74,1.0,0.773,161544125.7628479,,,0,2,2026-03-11,14.57,69.18,117
TSM,semiconducteurs,64.5,Setup en formation,434.16,50.2,-0.904,-2.27,-0.19,-2.58,6637162694.0,9.4,22.8,54.0,0.07,0.0,0.885,1.0,0.276,0.256,0.58,0.536,0.897,0.688,2359923548998.9355,,,0,20,2026-01-05,320.59,35.43,182
IMOS,semiconducteurs,63.2,En base (loin du pivot),63.93,55.5,-0.171,-1.36,9.96,0.24,6533439.0,11.2,42.6,21.0,0.21,0.0,1.0,0.411,0.536,0.107,0.354,0.868,0.937,0.628,2567831355.043808,,,0,4,2026-01-27,42.36,50.92,160
TT,gestion_thermique,63.1,Setup en formation,478.13,51.7,0.487,-1.33,-5.03,4.42,683597092.0,5.5,13.1,50.0,0.18,0.0,0.797,1.0,0.3,0.367,1.0,0.513,0.492,0.817,106619479285.69868,Direction,26.0,1,14,2026-02-03,433.33,10.34,153
TDG,defense,62.9,Setup en formation,1348.49,63.1,2.11,3.0,1.2,8.14,525185418.0,1.0,17.2,52.0,0.27,0.0,0.428,1.0,0.465,0.635,1.0,0.52,0.532,0.625,74766977547.02441,,,0,6,2026-01-05,1367.89,-1.42,182
KLIC,semiconducteurs,62.9,En base (loin du pivot),121.33,54.8,0.156,-9.33,-7.73,12.17,161375331.0,10.7,40.1,80.0,0.0,0.0,1.0,0.551,0.119,0.5,0.418,0.503,0.929,0.645,6263198735.330727,,,0,6,2026-01-05,51.08,137.53,182
OMCL,robotique,62.4,Setup en formation,43.03,61.0,0.434,2.62,8.85,2.67,31284826.0,8.2,24.3,29.0,0.0,0.0,0.7,1.0,0.621,0.5,0.721,0.895,0.516,0.275,2094531167.8740616,Direction,5.0,1,2,2026-01-05,46.93,-8.31,182
NLST,laser_photonique|memoire,61.6,En base (loin du pivot),3.02,56.3,0.022,5.96,2.72,-7.08,3515907.0,23.9,54.2,13.0,1.0,0.0,0.971,0.0,0.924,0.763,0.0,0.817,0.913,0.202,1006617780.60248,Direction,4.0,1,0,2026-01-20,1.16,160.34,167
BWEN,equipement_electrique,61.4,En base (loin du pivot),4.58,55.7,-0.041,-1.51,6.26,13.93,2395962.0,15.2,63.3,51.0,1.0,0.0,1.0,0.0,0.467,0.905,0.0,0.542,0.929,0.494,114680170.63199043,,,0,0,2026-06-12,4.18,9.57,24
SPIR,espace,61.1,En base (loin du pivot),18.44,51.0,0.093,0.33,15.32,-13.63,27310751.0,28.9,41.6,5.0,0.98,0.0,0.7,0.468,0.911,0.991,0.0,0.882,0.722,0.037,691001164.417284,,,0,0,2026-03-11,11.03,67.18,117
GSAT,espace,61.1,Squeeze / VCP prêt à casser,80.39,47.0,-0.016,-0.7,0.55,-2.72,135785417.0,5.1,6.9,8.0,0.28,0.0,0.733,0.153,0.652,0.352,1.0,0.653,0.548,0.83,10343038734.1839,,,0,0,2026-01-05,64.08,25.45,182
GD,defense,60.8,Cup & Handle probable,373.54,67.7,1.601,3.4,8.84,11.13,512988322.0,-2.2,16.4,75.0,0.11,0.0,0.739,1.0,0.181,0.39,0.0,0.849,0.524,0.999,101645239595.8352,,,0,15,2026-01-05,350.93,6.44,182
TATT,defense,60.6,Squeeze / VCP prêt à casser,47.6,59.5,0.216,-1.06,8.55,17.94,12626123.0,4.6,36.8,21.0,0.0,0.0,0.874,0.732,0.529,0.5,1.0,0.845,0.476,0.127,641115094.6252289,,,0,1,2026-01-05,49.22,-3.29,182
PLPC,equipement_electrique,59.9,En base (loin du pivot),368.77,47.0,-1.387,-6.29,-8.9,-4.84,39922391.0,11.0,26.0,32.0,0.73,0.0,0.948,1.0,0.519,0.363,0.375,0.315,0.794,0.633,1792409596.1408691,,,0,1,2026-01-05,225.12,63.81,182
AMBA,ia|semiconducteurs,59.5,En base (loin du pivot),78.36,55.2,1.967,-11.3,22.23,-0.03,133280464.0,18.7,38.7,78.0,0.0,0.0,0.753,0.628,0.133,0.5,0.0,0.978,0.865,0.368,3634917835.8750153,Direction,5.0,1,16,2026-01-05,77.11,1.62,182
AMD,ia|semiconducteurs,58.4,En base (loin du pivot),517.82,52.3,-3.485,-4.26,-2.77,-0.71,16559586317.0,11.4,51.1,40.0,0.67,0.0,1.0,0.0,0.362,0.461,0.32,0.547,0.913,0.619,909858834631.7756,Direction,5.0,1,219,2026-01-05,221.08,134.22,182
ASML,semiconducteurs,57.3,En base (loin du pivot),1769.32,49.7,-13.36,-4.0,-3.9,3.75,4393714288.0,11.5,31.8,48.0,0.0,0.0,0.957,1.0,0.31,0.028,0.308,0.513,0.873,0.616,710960705151.861,,,0,42,2026-01-05,1223.9,44.56,182
QTUM,quantique,57.1,Setup en formation,155.01,47.3,-1.436,-3.34,-3.26,-8.0,141349437.0,8.7,25.0,56.0,0.0,0.0,0.88,1.0,0.274,0.0,0.667,0.376,0.802,0.711,,,,0,7,2026-01-05,114.24,35.69,182
LMT,defense,56.8,Momentum en formation,545.91,59.7,2.72,4.62,8.1,6.33,720034711.0,5.2,14.9,59.0,0.33,0.0,0.3,1.0,0.248,0.444,1.0,0.948,0.397,0.296,124170028273.90285,,,0,59,2026-01-05,505.58,7.98,182
RTX,defense,56.8,Momentum en formation,199.25,68.2,1.175,3.9,6.78,14.34,1015143363.0,-2.6,12.4,67.0,0.31,0.0,0.764,1.0,0.275,0.538,0.0,0.749,0.405,0.776,270343328174.62863,,,0,35,2026-01-05,186.86,6.63,182
TXN,semiconducteurs,56.6,En base (loin du pivot),293.08,47.8,-2.666,-1.79,-6.01,-4.88,3190205794.0,12.3,30.2,48.0,0.0,0.0,0.828,1.0,0.314,0.139,0.218,0.679,0.746,0.591,276313258944.07263,,,0,27,2026-01-05,175.13,67.35,182
NVEC,semiconducteurs,56.5,En base (loin du pivot),98.22,48.1,-1.244,-7.31,4.13,-12.63,28261699.0,19.0,38.8,70.0,0.0,0.0,0.817,0.622,0.238,0.5,0.0,0.748,0.841,0.368,477331641.0361862,Direction,14.0,1,0,2026-01-20,66.49,47.72,167
GOOGL,ia,55.2,En base (loin du pivot),359.91,49.5,0.494,-0.36,4.71,-0.48,13625963054.0,11.9,19.1,37.0,0.0,0.0,0.7,1.0,0.4,0.0,0.267,0.88,0.627,0.604,4444177282538.991,Direction,25.0,1,250,2026-01-05,316.13,13.85,182
MXL,semiconducteurs,54.0,En base (loin du pivot),93.12,50.6,1.439,-17.15,-1.43,4.91,371002091.0,27.4,74.7,79.0,0.99,0.0,1.0,0.0,0.166,0.71,0.0,0.808,0.873,0.086,8984414720.743355,,,0,,2026-01-05,18.13,413.62,182
ICHR,semiconducteurs,53.7,En base (loin du pivot),98.22,57.9,1.234,-12.12,3.36,31.05,123232928.0,13.5,50.2,80.0,0.0,0.0,1.0,0.0,0.119,0.426,0.06,0.539,0.96,0.549,3442075514.722321,,,0,,2026-01-05,20.94,369.05,182
LSCC,ia|semiconducteurs,53.2,En base (loin du pivot),136.53,46.2,-1.285,-6.68,-5.32,-9.79,298695892.0,13.0,30.4,22.0,0.46,0.0,0.908,1.0,0.467,0.232,0.12,0.306,0.778,0.565,18848855508.6602,Contrat,6.0,1,,2026-01-05,80.59,69.41,182
OUST,laser_photonique|robotique,52.7,En base (loin du pivot),49.84,55.5,0.916,-16.96,19.18,8.28,251682362.0,21.9,63.0,88.0,0.0,0.0,1.0,0.0,0.071,0.326,0.0,0.857,0.976,0.271,3330101499.3400307,Vote actionnaires,18.0,1,,2026-04-16,24.17,106.21,81
CRNC,ia,52.6,En base (loin du pivot),10.71,50.7,0.029,-7.11,8.73,-18.24,10148506.0,19.3,40.4,33.0,0.44,0.0,0.794,0.536,0.713,0.346,0.0,0.872,0.643,0.265,494128710.37655926,Direction,4.0,1,,2026-01-05,11.09,-3.43,182
PDFS,semiconducteurs,52.0,En base (loin du pivot),59.18,49.4,-0.543,-11.51,-13.82,6.67,54997092.0,17.5,47.5,53.0,0.06,0.0,1.0,0.141,0.281,0.528,0.0,0.46,0.873,0.418,2427490386.4344788,Vote actionnaires,18.0,1,,2026-01-05,30.97,91.09,182
ONTO,semiconducteurs,52.0,En base (loin du pivot),307.58,49.0,0.206,-12.46,-10.65,10.63,477902134.0,20.4,38.4,80.0,0.0,0.0,1.0,0.645,0.119,0.5,0.0,0.435,0.833,0.32,15256600048.791595,,,0,,2026-01-05,178.18,72.62,182
MKSI,laser_photonique,51.9,En base (loin du pivot),365.56,49.8,-0.786,-11.07,-10.91,10.32,571989202.0,18.3,41.6,94.0,0.0,0.0,1.0,0.464,0.038,0.403,0.0,0.488,0.913,0.389,25238539489.493988,,,0,,2026-01-05,175.89,107.83,182
VSAT,espace,51.5,En base (loin du pivot),83.06,61.6,2.312,0.05,38.43,14.39,245322645.0,10.7,39.1,100.0,0.0,0.33,0.889,0.603,0.0,0.0,0.41,0.953,0.976,0.643,11792046413.495148,,,0,,2026-01-05,38.5,115.74,182
ETN,equipement_electrique,51.4,Setup en formation,398.52,47.1,-0.562,-3.34,-5.08,-4.57,1048226634.0,8.8,15.8,47.0,0.35,0.0,0.767,1.0,0.392,0.246,0.656,0.352,0.365,0.708,160639714739.99023,Reg FD,25.0,1,,2026-02-03,360.41,10.57,153
XYL,gestion_thermique,50.9,Setup en formation,118.12,63.8,0.957,0.72,0.96,7.1,218975252.0,5.1,15.8,57.0,0.56,0.0,0.029,1.0,0.36,0.78,1.0,0.542,0.294,0.245,28153010891.807823,,,0,,2026-01-20,137.81,-14.29,167
AMAT,semiconducteurs,50.8,En base (loin du pivot),603.04,54.0,0.692,-7.35,-9.72,23.06,7832060030.0,18.5,49.1,96.0,0.0,0.0,1.0,0.051,0.024,0.5,0.0,0.5,0.944,0.384,474406654120.6201,,,0,,2026-01-05,283.61,112.63,182
INTC,semiconducteurs,50.8,En base (loin du pivot),120.35,49.1,-1.048,-5.25,-9.42,11.51,16223296173.0,15.5,54.4,60.0,0.41,0.0,1.0,0.0,0.238,0.517,0.0,0.447,0.857,0.485,623550702270.5078,,,0,,2026-01-05,39.37,205.69,182
INDI,semiconducteurs,50.0,En base (loin du pivot),4.33,53.2,0.049,-4.63,17.34,-15.1,26581696.0,21.1,39.7,42.0,0.01,0.0,0.7,0.575,0.564,0.286,0.0,0.964,0.714,0.052,999395039.46001,Direction,14.0,1,,2026-01-27,4.57,-5.25,160
SKYT,semiconducteurs,49.7,En base (loin du pivot),34.24,43.1,-0.322,-1.67,-1.55,-14.21,28101973.0,14.2,24.9,14.0,1.0,0.0,0.734,1.0,0.629,0.652,0.0,0.118,0.548,0.525,1668036082.8802643,Vote actionnaires,20.0,1,,2026-01-27,33.54,2.09,160
SLAB,semiconducteurs,48.8,Squeeze / VCP prêt à casser,218.22,49.9,-0.231,-0.07,0.12,-0.24,129724346.0,1.2,3.5,3.0,0.0,0.0,0.733,0.0,0.581,0.0,1.0,0.542,0.294,0.96,7201745820.25145,,,0,,2026-01-05,137.93,58.21,182
LPTH,laser_photonique,48.6,En base (loin du pivot),14.56,49.7,0.04,-8.37,6.82,-9.45,55634649.0,23.1,43.5,20.0,0.28,0.0,0.744,0.361,0.758,0.139,0.0,0.865,0.722,0.229,909190584.6172904,,,0,,2026-01-12,11.99,21.43,175
COHU,semiconducteurs,48.5,En base (loin du pivot),59.27,48.4,-0.503,-14.24,-12.01,2.92,95221226.0,20.5,44.3,85.0,0.29,0.0,1.0,0.317,0.09,0.428,0.0,0.401,0.889,0.315,2872336968.110611,,,0,,2026-01-05,25.1,136.14,182
ALAB,ia,48.4,En base (loin du pivot),406.42,55.7,-1.389,-5.67,2.12,14.24,2600829382.0,18.6,64.1,58.0,0.17,0.0,1.0,0.0,0.252,0.246,0.0,0.529,0.96,0.379,75162381251.5,Vote actionnaires,28.0,1,,2026-01-05,167.11,143.21,182
SPXC,equipement_electrique|gestion_thermique,48.3,Setup en formation,227.74,48.2,-1.538,-1.72,-6.88,-1.02,240452117.0,9.3,23.8,19.0,0.0,0.0,0.846,1.0,0.486,0.0,0.588,0.388,0.357,0.69,11593013996.61139,Direction,14.0,1,,2026-01-05,205.44,10.85,182
AEVA,ia|laser_photonique,48.2,En base (loin du pivot),23.98,50.8,0.056,-13.74,19.01,-13.62,62682683.0,23.4,60.0,48.0,0.0,0.0,0.978,0.0,0.314,0.315,0.0,0.876,0.873,0.0,1709315951.8623104,Vote actionnaires,11.0,1,,2026-03-25,15.26,57.14,103
LRCX,semiconducteurs,47.6,En base (loin du pivot),351.41,48.4,-2.919,-10.19,-12.55,5.16,5448557258.0,19.9,44.9,83.0,0.0,0.0,1.0,0.281,0.1,0.364,0.0,0.401,0.889,0.338,442240630278.4424,,,0,,2026-01-05,194.39,80.78,182
UMAC,defense,47.4,En base (loin du pivot),22.08,50.2,-0.458,-4.91,17.38,-33.93,134932354.0,35.7,62.3,44.0,0.52,0.0,0.742,0.0,0.54,0.351,0.0,0.925,0.817,0.0,1048479185.8125,Contrat,11.0,1,,2026-01-27,16.29,35.54,160
GFS,semiconducteurs,46.9,En base (loin du pivot),69.84,39.8,-1.644,-9.57,-18.9,-17.33,264325379.0,24.4,37.4,47.0,1.0,0.0,0.947,0.7,0.441,0.799,0.0,0.0,0.69,0.186,38398086135.29226,,,0,,2026-01-05,37.08,88.35,182
QTEX,quantique,46.6,En base (loin du pivot),1.43,46.6,-0.09,-5.3,-12.8,-38.36,36064958.0,62.9,92.6,79.0,1.0,0.0,1.0,0.0,0.335,0.827,0.0,0.322,0.81,0.0,84424371.67328167,,,0,,2026-07-03,1.43,0.0,3
ISSC,defense,45.5,Setup en formation,18.39,54.6,0.23,3.14,8.24,6.98,8167912.0,18.2,33.0,9.0,0.49,0.0,0.3,0.945,0.798,0.743,0.0,0.827,0.254,0.0,336204732.51129913,,,0,,2026-01-12,19.77,-6.98,175
ALNT,gestion_thermique,45.4,En base (loin du pivot),86.89,46.4,-1.104,-11.9,-15.03,1.72,29317612.0,17.0,44.0,61.0,0.0,0.0,1.0,0.334,0.233,0.228,0.0,0.278,0.857,0.434,1499007370.6530762,,,0,,2026-01-05,58.26,49.14,182
ASPN,robotique,44.3,En base (loin du pivot),5.58,47.2,-0.068,-5.9,-1.76,-10.29,9172874.0,16.7,52.9,13.0,0.54,0.0,0.971,0.0,0.647,0.322,0.0,0.636,0.77,0.0,461627427.4368577,,,0,,2026-04-09,3.74,49.2,88
GNRC,equipement_electrique,43.9,En base (loin du pivot),252.66,43.6,-2.214,-6.5,-14.4,-11.22,265989113.0,14.8,28.8,48.0,0.0,0.0,0.904,1.0,0.314,0.201,0.0,0.103,0.651,0.508,15225207254.474731,Vote actionnaires,24.0,1,,2026-01-20,162.06,55.91,167
KLAC,semiconducteurs,43.8,En base (loin du pivot),235.55,49.8,-0.858,-11.51,-8.98,15.17,4026959324.0,23.4,46.5,90.0,0.0,0.0,1.0,0.193,0.057,0.203,0.0,0.486,0.889,0.221,306230087912.8546,8-K,24.0,1,,2026-01-05,134.9,74.61,182
POWI,equipement_electrique|semiconducteurs,43.8,En base (loin du pivot),72.99,42.8,-1.074,-9.07,-13.94,-13.3,89485464.0,19.9,29.5,49.0,0.58,0.0,0.912,1.0,0.431,0.288,0.0,0.06,0.69,0.335,4202122644.373169,,,0,,2026-01-12,41.25,76.95,175
AIRJ,gestion_thermique,43.5,En base (loin du pivot),4.84,53.1,0.007,-6.66,2.33,-11.77,8987544.0,19.4,50.4,69.0,0.0,0.0,1.0,0.0,0.188,0.0,0.0,0.842,0.905,0.054,362364951.22558975,,,0,,2026-05-07,3.48,39.08,60
DRS,defense,43.5,En base (loin du pivot),43.72,46.6,-0.474,2.41,-1.44,-7.74,54265577.0,13.6,24.0,59.0,0.0,0.0,0.7,1.0,0.248,0.097,0.053,0.654,0.341,0.547,11953609484.811975,,,0,,2026-01-20,41.9,4.34,167
FCEL,new_tech|production_energie,43.3,En base (loin du pivot),28.11,57.9,1.002,-11.85,43.05,14.08,332446283.0,25.8,74.6,90.0,0.0,0.38,1.0,0.0,0.062,0.5,0.0,0.845,0.976,0.14,2102174736.4600697,Contrat,12.0,2,,2026-01-20,8.64,225.35,167
ATRO,defense,43.2,En base (loin du pivot),70.83,43.4,-1.09,-6.88,-18.73,3.67,74111534.0,20.2,40.5,85.0,0.0,0.0,1.0,0.528,0.09,0.293,0.0,0.089,0.889,0.328,3530878742.9993896,,,0,,2026-01-05,46.39,52.68,182
TSAT,espace,43.1,Setup en formation,46.23,48.7,0.324,-1.39,10.68,-7.8,15925018.0,21.8,31.0,32.0,0.0,0.0,0.3,1.0,0.589,0.008,0.0,0.796,0.595,0.273,709809300.151123,,,0,,2026-01-05,30.94,49.42,182
ALGM,semiconducteurs,43.1,En base (loin du pivot),55.49,50.7,0.312,-12.21,-7.77,10.24,209398154.0,22.7,44.9,99.0,0.0,0.0,1.0,0.285,0.005,0.051,0.0,0.5,0.929,0.244,11064895197.245972,Direction,18.0,1,,2026-01-12,30.17,83.92,175
CTS,gestion_thermique,42.8,En base (loin du pivot),60.5,40.2,-0.81,-5.22,-9.4,-9.27,26933074.0,13.0,22.5,17.0,0.0,0.0,0.831,1.0,0.525,0.0,0.13,0.0,0.706,0.568,1736161530.1034546,Direction,11.0,1,,2026-01-05,44.44,36.14,182
PENG,memoire|semiconducteurs,42.8,En base (loin du pivot),61.47,49.9,-0.825,-10.67,-7.94,-12.99,209145239.0,20.6,65.3,54.0,0.1,0.0,1.0,0.0,0.276,0.05,0.0,0.542,0.865,0.314,3599845040.649391,Direction,5.0,1,,2026-04-23,27.61,122.64,74
CRDO,ia,42.4,En base (loin du pivot),241.91,50.1,-3.888,-6.63,-9.75,5.64,2782417902.0,21.6,51.7,54.0,0.0,0.0,1.0,0.0,0.276,0.032,0.0,0.535,0.889,0.279,49903347552.170166,,,0,,2026-04-30,174.01,39.02,67
STM,semiconducteurs,41.9,En base (loin du pivot),68.35,46.0,-1.416,-3.35,-8.72,-13.94,1013022225.0,16.0,46.1,37.0,0.03,0.0,1.0,0.217,0.462,0.016,0.0,0.267,0.817,0.468,64250928471.41533,,,0,,2026-01-05,27.3,150.37,182
CEVA,semiconducteurs,41.7,En base (loin du pivot),40.42,45.1,-0.908,-11.18,-7.93,-18.52,40456764.0,21.7,53.2,47.0,0.21,0.0,1.0,0.0,0.319,0.107,0.0,0.501,0.81,0.278,1228319583.4610023,,,0,,2026-04-16,22.35,80.85,81
SHLS,equipement_electrique,41.7,En base (loin du pivot),9.95,49.3,-0.1,-1.68,0.91,-20.14,60124204.0,24.5,46.4,56.0,0.28,0.0,0.771,0.198,0.374,0.139,0.0,0.824,0.611,0.183,1749860102.509895,Contrat,24.0,2,,2026-01-05,8.89,11.92,182
MYRG,equipement_electrique,41.3,En base (loin du pivot),433.01,44.1,-2.302,-6.5,-11.15,-3.84,157323728.0,14.0,34.5,74.0,0.0,0.0,0.989,0.86,0.193,0.0,0.0,0.134,0.69,0.533,6962588652.361938,,,0,,2026-01-05,232.56,86.19,182
BE,equipement_electrique|production_energie,41.3,En base (loin du pivot),270.89,47.2,-3.157,-6.43,-12.38,-10.55,4072239265.0,22.9,38.5,64.0,0.0,0.0,1.0,0.639,0.214,0.055,0.0,0.363,0.746,0.237,83273789573.45215,Direction,14.0,2,,2026-01-27,152.31,77.85,160
NVT,equipement_electrique|gestion_thermique,41.1,En base (loin du pivot),152.15,40.4,-2.172,-4.9,-11.49,-12.25,370836939.0,17.6,27.0,60.0,0.22,0.0,0.806,1.0,0.284,0.261,0.0,0.0,0.667,0.413,25230006828.163025,Direction,19.0,1,,2026-01-05,106.25,43.2,182
HUBB,equipement_electrique,41.0,En base (loin du pivot),487.1,45.5,-1.458,-0.62,-9.13,1.38,346352985.0,13.6,19.8,75.0,0.13,0.0,0.782,1.0,0.152,0.565,0.049,0.216,0.183,0.547,26205557613.683777,Reg FD,27.0,2,,2026-01-05,462.83,5.24,182
QBTS,new_tech|quantique,41.0,En base (loin du pivot),22.53,45.7,-0.262,-4.13,2.83,-24.67,723604995.0,28.6,45.8,10.0,0.76,0.0,0.725,0.235,0.805,0.459,0.0,0.558,0.54,0.0,8581362702.202682,Reg FD,6.0,3,,2026-07-03,22.53,0.0,3
EMR,equipement_electrique,40.5,Setup en formation,139.05,44.3,-0.892,-0.34,-4.33,-2.1,416898313.0,9.0,16.2,29.0,0.28,0.0,0.729,1.0,0.598,0.277,0.619,0.142,0.087,0.495,78806068290.71045,,,0,,2026-01-05,141.73,-1.89,182
UCTT,memoire|semiconducteurs,40.1,En base (loin du pivot),106.48,49.3,0.048,-17.83,-11.75,18.04,168362225.0,26.2,52.2,87.0,0.0,0.0,1.0,0.0,0.081,0.16,0.0,0.459,0.897,0.128,4914084069.364746,,,0,,2026-01-05,29.65,259.12,182
SEDG,equipement_electrique,39.7,En base (loin du pivot),52.38,44.2,-0.675,-6.46,0.96,-33.28,156214833.0,35.5,53.8,56.0,1.0,0.0,0.7,0.0,0.517,0.5,0.0,0.506,0.675,0.0,3491572967.539879,Direction,11.0,1,,2026-01-27,34.81,50.47,160
PWR,equipement_electrique,39.6,En base (loin du pivot),668.31,42.7,-3.508,-3.34,-6.98,-5.33,1047254753.0,15.3,22.7,32.0,0.0,0.0,0.757,1.0,0.521,0.0,0.0,0.052,0.659,0.491,102130933745.82214,,,0,,2026-01-05,435.67,53.4,182
FORM,semiconducteurs,39.5,En base (loin du pivot),123.59,44.7,-0.79,-16.0,-16.91,-1.21,273346997.0,22.9,29.9,67.0,0.37,0.0,0.934,1.0,0.2,0.186,0.0,0.174,0.595,0.237,9523734352.50055,,,0,,2026-01-05,62.69,97.14,182
MU,semiconducteurs,39.5,En base (loin du pivot),975.56,48.5,-20.838,-5.49,-19.61,-8.32,61789564643.0,22.3,63.5,36.0,0.0,0.0,1.0,0.0,0.386,0.0,0.0,0.404,0.857,0.258,1132446248659.3591,Résultats,12.0,2,,2026-01-05,312.02,212.66,182
AMKR,semiconducteurs,39.4,En base (loin du pivot),69.65,41.8,-1.5,-12.93,-18.65,-6.81,529053477.0,28.0,35.4,74.0,0.0,0.0,1.0,0.811,0.157,0.5,0.0,0.0,0.651,0.068,17695618908.73062,,,0,,2026-01-05,47.98,45.16,182
IPWR,equipement_electrique,39.2,En base (loin du pivot),5.04,42.1,-0.112,-8.2,-0.4,-34.03,3019702.0,45.8,64.7,35.0,1.0,0.0,0.7,0.0,0.79,0.5,0.0,0.355,0.69,0.0,82441479.626647,,,0,,2026-07-03,5.04,0.0,3
NXPI,semiconducteurs,39.2,En base (loin du pivot),273.36,40.9,-4.562,-2.08,-8.47,-15.24,1426438187.0,19.3,33.9,66.0,0.0,0.0,0.729,0.896,0.321,0.0,0.0,0.302,0.651,0.356,71651289138.27765,Vote actionnaires,25.0,1,,2026-01-05,221.97,23.15,182
ADI,semiconducteurs,39.1,En base (loin du pivot),377.16,40.5,-5.078,-3.04,-9.76,-10.88,2368582098.0,15.4,16.4,63.0,0.0,0.0,0.72,1.0,0.252,0.328,0.0,0.019,0.5,0.486,191011179763.05664,Contrat,4.0,1,,2026-01-05,275.67,36.82,182
FIX,gestion_thermique,39.0,En base (loin du pivot),1741.3,42.2,-17.19,-6.64,-13.69,-7.54,1030459846.0,16.0,19.2,43.0,0.0,0.0,0.831,1.0,0.368,0.151,0.0,0.014,0.563,0.466,62652088318.93286,Direction,14.0,1,,2026-01-05,1031.37,68.83,182
RKLB,espace|new_tech,38.8,En base (loin du pivot),100.46,47.8,-0.335,0.39,24.5,-18.54,3059051197.0,33.5,51.0,51.0,0.06,0.0,0.7,0.0,0.574,0.031,0.0,0.801,0.754,0.0,59389021718.04543,Contrat,7.0,1,,2026-01-05,78.14,28.56,182
SOLS,gestion_thermique,38.7,Setup en formation,80.19,44.6,-0.371,-3.33,-7.73,-8.24,157903690.0,11.6,16.3,35.0,0.43,0.0,0.47,1.0,0.448,0.215,0.299,0.184,0.27,0.613,10862212515.51609,Reg FD,0.0,1,,2026-05-29,84.23,-4.8,38
MRAM,memoire,38.5,En base (loin du pivot),19.14,38.2,-0.507,-14.32,-12.36,-36.43,50494136.0,62.8,76.0,25.0,1.0,0.0,0.7,0.0,0.848,0.5,0.0,0.316,0.667,0.0,469420502.27344894,,,0,,2026-07-06,19.14,0.0,0
SMP,gestion_thermique,38.5,En base (loin du pivot),37.93,43.7,-0.161,-1.58,-4.6,-2.52,6358568.0,10.8,17.1,6.0,0.0,0.0,0.732,1.0,0.829,0.316,0.406,0.104,0.048,0.46,840614667.4535866,,,0,,2026-01-12,38.1,-0.45,175
AOSL,equipement_electrique|gestion_thermique|semiconducteurs,38.4,En base (loin du pivot),37.11,41.5,-0.812,-14.73,-18.8,-30.4,38829532.0,31.7,35.6,61.0,0.78,0.0,0.875,0.801,0.442,0.541,0.0,0.002,0.595,0.0,1160070393.044197,,,0,,2026-02-03,22.27,66.64,153
TER,robotique,38.4,En base (loin du pivot),369.09,44.1,-3.679,-13.63,-21.8,-5.99,2402775731.0,24.4,38.2,83.0,0.0,0.0,1.0,0.658,0.105,0.265,0.0,0.133,0.675,0.188,60426841482.35205,,,0,,2026-01-05,219.33,68.28,182
MRVL,ia|semiconducteurs,37.8,En base (loin du pivot),245.29,46.5,-7.652,-9.84,-12.79,-15.65,18419342777.0,25.6,55.5,52.0,0.0,0.0,1.0,0.0,0.29,0.159,0.0,0.3,0.833,0.145,221744300262.4512,Vote actionnaires,11.0,2,,2026-01-05,90.12,172.18,182
COHR,laser_photonique,37.7,En base (loin du pivot),333.36,41.2,-6.298,-9.57,-18.14,-21.91,2360180312.0,24.2,33.9,39.0,0.32,0.0,0.86,0.896,0.367,0.33,0.0,0.0,0.587,0.192,66816697062.31247,,,0,,2026-01-05,186.36,78.88,182
ARQQ,quantique,37.6,En base (loin du pivot),23.51,54.1,0.404,-18.49,-13.93,44.53,34304932.0,24.1,61.9,98.0,0.0,0.0,0.6,0.0,0.01,0.5,0.0,0.5,0.778,0.0,400255453.0,,,0,,2026-07-03,23.51,0.0,3
HIMX,semiconducteurs,37.5,En base (loin du pivot),13.15,36.1,-0.517,-7.65,-11.32,-44.2,57511001.0,46.7,57.4,80.0,0.98,0.0,0.7,0.0,0.519,0.49,0.0,0.35,0.698,0.0,2523943022.156744,,,0,,2026-01-27,8.28,58.82,160
ENS,equipement_electrique,37.2,En base (loin du pivot),206.68,39.2,-1.859,-6.25,-8.69,-12.88,148202636.0,15.3,18.3,15.0,0.0,0.0,0.747,1.0,0.631,0.0,0.0,0.017,0.54,0.49,7795413489.33316,,,0,,2026-01-05,154.49,33.78,182
KULR,gestion_thermique|new_tech,37.1,Setup en formation,3.85,50.5,-0.025,-0.52,2.94,-26.39,8620966.0,29.1,57.3,13.0,0.41,0.0,0.121,0.0,0.786,0.205,0.0,0.83,0.73,0.0,185491242.23742485,Reg FD,10.0,3,,2026-07-03,3.85,0.0,3
AMPG,quantique,36.8,En base (loin du pivot),5.99,46.0,-0.356,-15.63,-14.18,19.32,47424405.0,40.8,81.7,68.0,0.0,0.0,1.0,0.0,0.19,0.25,0.0,0.27,0.865,0.0,148738747.23020458,Événement,14.0,1,,2026-01-05,3.65,64.11,182
VRT,equipement_electrique|gestion_thermique|ia,36.8,En base (loin du pivot),300.53,45.5,-0.628,-3.5,-7.69,-10.13,2311135680.0,20.9,27.6,46.0,0.0,0.0,0.755,1.0,0.324,0.017,0.0,0.257,0.532,0.304,123381511924.7915,Vote actionnaires,18.0,2,,2026-01-05,173.87,72.85,182
DIOD,semiconducteurs,36.5,En base (loin du pivot),96.25,41.2,-1.787,-8.67,-16.28,-15.67,73736393.0,23.6,27.8,49.0,0.43,0.0,0.849,1.0,0.305,0.214,0.0,0.002,0.587,0.213,4613310909.194641,,,0,,2026-01-05,52.03,84.99,182
INOD,ia,36.3,En base (loin du pivot),68.88,35.8,-4.053,-4.64,-5.88,-39.7,142695651.0,45.0,68.3,85.0,0.95,0.0,0.7,0.0,0.484,0.475,0.0,0.345,0.667,0.0,2405720164.0662537,Résultats,19.0,2,,2026-01-20,61.62,11.78,167
VICR,equipement_electrique,36.2,En base (loin du pivot),282.95,43.3,-2.676,-19.21,-14.67,-15.02,300906036.0,26.1,39.6,51.0,0.18,0.0,1.0,0.576,0.295,0.088,0.0,0.084,0.762,0.131,13331194160.931366,Vote actionnaires,13.0,1,,2026-01-12,139.12,103.39,175
KOPN,defense|ia|laser_photonique,36.2,En base (loin du pivot),3.9,40.2,-0.094,-7.58,2.9,-36.07,34100589.0,41.0,54.9,76.0,0.85,0.0,0.7,0.0,0.543,0.426,0.0,0.382,0.651,0.0,767147286.8796096,Reg FD,18.0,1,,2026-01-05,2.57,51.75,182
FRMI,production_energie,36.0,En base (loin du pivot),8.06,52.5,-0.023,-5.4,-8.41,22.12,171060084.0,20.5,53.4,86.0,0.0,0.0,1.0,0.0,0.086,0.5,0.0,0.5,0.476,0.0,5388613772.027412,,,0,,2026-07-03,8.06,0.0,3
QUIK,ia,36.0,En base (loin du pivot),16.02,37.7,-0.566,-10.4,-12.98,-26.51,10520384.0,34.2,52.4,60.0,0.55,0.0,0.756,0.0,0.531,0.727,0.0,0.035,0.651,0.0,288546732.170105,,,0,,2026-01-27,8.31,92.78,160
BTQ,quantique,35.9,En base (loin du pivot),4.82,50.4,-0.074,-9.06,-11.07,5.01,29864467.0,24.7,59.0,40.0,0.0,0.0,1.0,0.0,0.362,0.0,0.0,0.501,0.786,0.0,679570744.2724528,,,0,,2026-07-03,4.82,0.0,3
ACLS,semiconducteurs,35.7,En base (loin du pivot),144.5,40.9,-2.856,-18.97,-20.03,-8.99,128352352.0,25.4,32.9,71.0,0.1,0.0,1.0,0.95,0.171,0.133,0.0,0.0,0.643,0.152,4451190358.785446,,,0,,2026-01-05,89.04,62.29,182
VVX,defense|laser_photonique,35.6,En base (loin du pivot),74.1,42.6,-1.778,3.03,2.72,-10.96,54144759.0,19.3,33.1,94.0,0.0,0.0,0.7,0.939,0.033,0.0,0.0,0.407,0.468,0.357,2417169269.247986,,,0,,2026-01-05,59.92,23.66,182
IONQ,new_tech|quantique,35.4,En base (loin du pivot),49.12,41.0,-1.138,-4.44,-2.85,-31.2,1503598203.0,33.3,46.0,30.0,0.8,0.0,0.7,0.222,0.704,0.401,0.0,0.325,0.54,0.0,18777344848.052948,Vote actionnaires,14.0,1,,2026-01-12,50.95,-3.59,175
ARM,semiconducteurs,34.9,En base (loin du pivot),315.28,44.8,-12.615,-6.58,-9.33,-21.71,4250550657.0,30.4,60.6,66.0,0.25,0.0,1.0,0.0,0.205,0.266,0.0,0.211,0.802,0.0,346040934035.1532,,,0,,2026-04-01,155.07,103.31,96
IPGP,laser_photonique,34.6,Setup en formation,105.27,43.4,-0.34,-7.99,-4.5,-13.68,47242861.0,22.0,36.3,19.0,0.93,0.0,0.3,0.761,0.751,0.613,0.0,0.4,0.238,0.0,4541891438.829346,,,0,,2026-01-27,90.63,16.15,160
BLDP,production_energie,34.5,En base (loin du pivot),3.52,34.8,-0.091,-7.61,-2.49,-44.83,33884927.0,46.4,53.9,71.0,0.6,0.0,0.7,0.0,0.575,0.298,0.0,0.383,0.659,0.0,1055165471.5,,,0,,2026-01-05,2.76,27.54,182
PLUG,new_tech|production_energie,34.5,Setup en formation,2.64,38.7,-0.005,0.0,2.72,-35.45,155753550.0,39.0,43.0,60.0,1.0,0.0,0.3,0.391,0.643,0.5,0.0,0.398,0.508,0.0,3731809727.8279214,Vote actionnaires,21.0,2,,2026-01-27,2.41,9.54,160
MTSI,laser_photonique|semiconducteurs,34.5,En base (loin du pivot),322.26,38.6,-6.564,-8.09,-17.41,-15.72,718754280.0,23.1,37.7,44.0,0.0,0.0,0.862,0.682,0.402,0.05,0.0,0.0,0.698,0.231,25437774288.74347,,,0,,2026-01-05,170.76,88.72,182
NVTS,equipement_electrique|new_tech|robotique|semiconducteurs,34.4,En base (loin du pivot),14.46,33.8,-0.972,-12.52,-18.31,-44.08,590188820.0,57.7,58.9,80.0,0.91,0.0,0.7,0.0,0.519,0.455,0.0,0.311,0.603,0.0,3786064265.711781,Vote actionnaires,10.0,3,,2026-01-20,9.86,46.65,167
AXON,defense,34.1,Étendu (déjà parti),597.04,76.9,16.447,0.52,34.25,21.82,571883881.0,2.3,40.1,79.0,0.37,0.75,0.587,0.55,0.124,0.563,1.0,0.542,0.802,0.0,49795962186.68793,,,0,,2026-06-29,510.6,16.93,7
DNN,production_energie,33.5,Setup en formation,3.2,48.5,0.008,3.9,4.23,-12.81,80350229.0,23.3,32.9,21.0,0.13,0.0,0.3,0.953,0.728,0.241,0.0,0.712,0.111,0.074,2945830314.880972,,,0,,2026-01-05,3.22,-0.62,182
TSEM,semiconducteurs,33.5,En base (loin du pivot),219.05,39.6,-6.321,-10.76,-18.83,-20.26,483139044.0,31.5,42.4,68.0,0.8,0.0,0.885,0.42,0.223,0.513,0.0,0.0,0.587,0.0,26058045187.703705,,,0,,2026-01-05,119.29,83.63,182
MCHP,semiconducteurs,33.3,En base (loin du pivot),84.64,40.8,-1.251,-4.57,-10.07,-12.71,1294231989.0,19.7,23.4,53.0,0.0,0.0,0.73,1.0,0.325,0.0,0.0,0.025,0.54,0.344,48022801518.63638,,,0,,2026-01-05,66.33,27.6,182
POWL,equipement_electrique,32.9,En base (loin du pivot),246.33,37.2,-5.476,-7.0,-20.33,-17.63,234495695.0,24.9,27.6,38.0,0.0,0.0,0.792,1.0,0.55,0.022,0.0,0.0,0.548,0.171,9122849359.506683,,,0,,2026-01-05,120.36,104.66,182
LASR,laser_photonique|semiconducteurs,32.8,Setup en formation,63.25,43.6,0.11,-5.54,1.3,-17.17,84283929.0,27.3,32.8,10.0,0.24,0.0,0.3,0.956,0.896,0.119,0.0,0.453,0.317,0.091,3769229918.165428,Vote actionnaires,28.0,1,,2026-01-05,38.09,66.05,182
DUOT,ia,32.7,En base (loin du pivot),10.23,42.2,-0.249,-11.09,-6.36,-25.96,8757746.0,33.1,48.5,37.0,0.07,0.0,0.83,0.084,0.46,0.535,0.0,0.052,0.579,0.0,321985259.0,Contrat,19.0,3,,2026-01-05,10.05,1.79,182
NBIS,ia,32.6,En base (loin du pivot),215.62,43.4,-6.63,-5.92,-15.98,-17.25,4592043045.0,28.1,55.7,58.0,0.22,0.0,1.0,0.0,0.252,0.194,0.0,0.087,0.786,0.064,55484372024.88568,,,0,,2026-01-20,99.29,117.16,167
AAON,gestion_thermique,32.6,En base (loin du pivot),107.62,32.5,-2.976,-7.56,-19.24,-24.95,125561279.0,28.4,43.1,52.0,0.67,0.0,0.755,0.384,0.618,0.335,0.0,0.0,0.611,0.053,8984076377.79747,Reg FD,28.0,1,,2026-02-03,93.19,15.48,153
WOLF,equipement_electrique|new_tech|semiconducteurs,31.9,Setup en formation,40.0,41.5,-1.115,-10.23,-16.3,-34.49,326452852.0,50.5,69.0,58.0,0.7,0.0,0.402,0.0,0.601,0.35,0.0,0.302,0.69,0.0,2122020978.9937592,Événement,27.0,1,,2026-07-03,40.0,0.0,3
POET,ia|laser_photonique|new_tech|quantique|semiconducteurs,31.9,Setup en formation,8.76,38.2,-0.342,-9.69,-13.52,-36.61,305167028.0,57.9,69.4,64.0,1.0,0.0,0.3,0.0,0.614,0.5,0.0,0.321,0.603,0.0,1557624684.16214,,,0,,2026-01-05,7.43,17.9,182
CRUS,semiconducteurs,31.3,Setup en formation,146.24,34.6,-1.777,-0.12,-5.03,-14.29,92203239.0,18.9,21.3,87.0,0.5,0.0,0.3,1.0,0.299,0.25,0.0,0.325,0.206,0.369,7576479950.594025,,,0,,2026-01-12,121.41,20.45,175
ON,semiconducteurs,30.8,En base (loin du pivot),91.22,38.9,-3.972,-3.6,-23.18,-29.09,1659346055.0,32.4,35.9,88.0,0.0,0.0,0.7,0.783,0.071,0.0,0.0,0.307,0.611,0.0,37468844426.4001,Contrat,11.0,1,,2026-01-05,58.69,55.43,182
VOYG,defense|espace,30.8,Setup en formation,34.22,46.2,-0.682,1.21,16.71,-31.49,110557731.0,34.7,52.6,86.0,0.0,0.0,0.3,0.0,0.428,0.0,0.0,0.726,0.683,0.0,2042766279.431488,8-K,18.0,1,,2026-01-27,35.07,-2.42,160
SMTC,semiconducteurs,30.3,En base (loin du pivot),135.27,42.2,-3.895,-8.0,-16.64,-18.82,723380609.0,23.7,47.7,51.0,0.0,0.0,0.962,0.129,0.303,0.0,0.0,0.02,0.73,0.209,13320617024.0,Direction,28.0,1,,2026-01-05,74.34,81.96,182
TLN,production_energie,29.9,En base (loin du pivot),364.67,43.7,-5.196,1.08,-12.51,-5.41,406737083.0,18.9,31.2,95.0,0.0,0.0,0.843,1.0,0.029,0.11,0.0,0.109,0.238,0.36,17892537371.677856,8-K,18.0,2,,2026-01-05,395.2,-7.73,182
NVDA,ia|robotique|semiconducteurs,29.7,Setup en formation,194.83,41.2,-1.008,-1.39,-0.46,-12.46,32026994973.0,17.5,19.7,63.0,0.34,0.0,0.3,1.0,0.568,0.192,0.0,0.364,0.032,0.415,4758094522399.902,Direction,4.0,3,,2026-01-05,187.89,3.69,182
AEHR,memoire|new_tech|semiconducteurs,29.3,En base (loin du pivot),69.96,34.8,-3.978,-17.14,-29.18,-38.09,168660916.0,44.7,47.7,67.0,1.0,0.0,0.745,0.129,0.331,0.5,0.0,0.0,0.54,0.0,2365284604.8122864,,,0,,2026-01-05,23.49,197.83,182
QMCO,quantique,29.2,En base (loin du pivot),10.16,39.6,-0.619,-7.04,-21.42,-18.98,19844268.0,45.0,65.0,63.0,0.0,0.0,1.0,0.0,0.224,0.094,0.0,0.0,0.817,0.0,406738581.99596405,Résultats,11.0,1,,2026-07-03,10.16,0.0,3
VLN,semiconducteurs,29.0,Setup en formation,2.07,42.3,-0.015,-7.17,1.47,-37.46,7341618.0,44.2,60.9,45.0,0.39,0.0,0.3,0.0,0.729,0.195,0.0,0.403,0.603,0.0,235492695.3871646,,,0,,2026-07-03,2.07,0.0,3
HYLN,equipement_electrique,29.0,En base (loin du pivot),4.32,39.3,-0.418,-6.49,-11.11,-36.38,39867709.0,49.1,79.3,84.0,0.0,0.0,0.747,0.0,0.095,0.0,0.0,0.341,0.778,0.0,794447840.5947113,,,0,,2026-01-05,1.92,125.0,182
ATKR,equipement_electrique,28.9,Setup en formation,69.21,34.7,-1.225,-4.45,-13.44,-17.76,30226848.0,23.2,24.4,54.0,0.91,0.0,0.405,1.0,0.476,0.457,0.0,0.0,0.175,0.225,2368773761.424759,,,0,,2026-01-05,65.77,5.23,182
PL,espace,28.9,Setup en formation,31.38,45.9,0.526,-0.73,18.37,-34.75,562149509.0,39.4,51.1,66.0,0.0,0.0,0.3,0.0,0.605,0.071,0.0,0.677,0.516,0.0,11207077321.30458,,,0,,2026-01-27,28.07,11.79,160
MPWR,semiconducteurs,28.5,Setup en formation,1288.16,38.5,-23.893,-3.27,-10.3,-20.61,1772403506.0,24.7,26.5,86.0,0.0,0.0,0.3,1.0,0.142,0.0,0.0,0.323,0.452,0.176,66693471724.948,Vote actionnaires,24.0,1,,2026-01-05,951.67,35.36,182
VIAV,laser_photonique,28.4,En base (loin du pivot),41.66,37.1,-0.794,-11.49,-17.41,-21.22,460656214.0,31.1,32.5,36.0,0.0,0.0,0.736,0.972,0.508,0.0,0.0,0.004,0.508,0.0,10640784969.291332,,,0,,2026-01-05,18.11,130.04,182
BOTT,robotique,28.2,Setup en formation,48.78,44.0,-0.011,-4.47,2.39,-10.79,1577562.0,15.4,20.6,27.0,0.37,0.0,0.3,1.0,0.582,0.186,0.0,0.563,0.087,0.0,,,,0,,2026-02-03,57.01,-14.44,153
SITM,semiconducteurs,27.8,En base (loin du pivot),601.66,39.9,-8.523,-14.52,-10.96,-14.18,472994402.0,33.3,44.2,39.0,0.0,0.0,0.856,0.32,0.452,0.0,0.0,0.018,0.683,0.0,18782110413.0,Contrat,5.0,1,,2026-01-05,333.03,80.66,182
VECO,semiconducteurs,27.3,En base (loin du pivot),57.49,40.6,-1.956,-18.48,-23.8,-5.77,149412623.0,33.6,46.0,74.0,0.0,0.0,1.0,0.224,0.157,0.0,0.0,0.0,0.73,0.0,3396818533.171234,,,0,,2026-01-05,31.07,85.03,182
NRG,production_energie,27.1,Setup en formation,136.7,48.0,1.095,-2.91,-7.08,2.39,386462783.0,15.0,25.3,73.0,0.27,0.0,0.051,1.0,0.274,0.394,0.0,0.374,0.183,0.073,29328175292.557373,,,0,,2026-01-05,160.6,-14.88,182
RMBS,semiconducteurs,26.8,En base (loin du pivot),112.92,39.4,-2.649,-8.81,-8.71,-32.29,508160669.0,35.1,40.0,72.0,0.0,0.0,0.7,0.557,0.278,0.0,0.0,0.336,0.413,0.0,12523883097.111267,,,0,,2026-01-05,97.5,15.82,182
AVGO,ia|semiconducteurs,26.8,Setup en formation,360.45,39.7,-2.418,-2.41,-4.87,-25.03,13700417016.0,27.1,27.9,53.0,0.0,0.0,0.3,1.0,0.634,0.009,0.0,0.319,0.27,0.098,1788612333514.0305,Événement,0.0,3,,2026-01-12,350.92,2.72,175
SATL,espace,26.6,Setup en formation,5.43,40.0,-0.019,-1.99,18.56,-37.44,57249126.0,54.8,63.3,41.0,0.45,0.0,0.3,0.0,0.752,0.226,0.0,0.421,0.437,0.0,780505150.9122777,Direction,28.0,1,,2026-04-23,6.81,-20.26,74
AEIS,equipement_electrique,26.5,En base (loin du pivot),311.27,41.9,-2.497,-12.65,-17.03,-0.32,378645357.0,21.6,27.3,77.0,0.0,0.0,0.818,1.0,0.138,0.0,0.0,0.0,0.278,0.278,12555543926.838196,Événement,24.0,1,,2026-01-05,227.51,36.82,182
APLD,ia,26.2,En base (loin du pivot),33.06,32.5,-1.366,-6.93,-19.27,-30.92,886401012.0,34.8,39.9,45.0,0.52,0.0,0.7,0.564,0.582,0.262,0.0,0.0,0.349,0.0,9770460145.96526,Contrat,10.0,6,,2026-01-20,35.46,-6.77,167
ASTS,espace,25.9,Setup en formation,85.13,49.6,0.611,-1.13,29.73,-27.96,2054691528.0,36.4,52.6,60.0,0.11,0.0,0.3,0.0,0.521,0.054,0.0,0.905,0.222,0.0,24512141636.85161,Vote actionnaires,21.0,1,,2026-01-12,98.39,-13.48,175
AXTI,semiconducteurs,25.7,Setup en formation,56.62,33.9,-2.843,-12.93,-18.01,-48.92,810912766.0,60.4,62.7,44.0,0.57,0.0,0.3,0.0,0.684,0.291,0.0,0.306,0.452,0.0,4334927333.977661,Contrat,4.0,4,,2026-01-05,16.67,239.65,182
STRL,gestion_thermique,25.6,En base (loin du pivot),700.75,38.8,-22.791,-9.76,-20.54,-19.96,774930815.0,30.3,53.7,53.0,0.0,0.0,0.936,0.0,0.428,0.0,0.0,0.0,0.683,0.0,21848092088.79248,Reg FD,27.0,1,,2026-01-05,327.11,114.22,182
QCOM,semiconducteurs,25.4,En base (loin du pivot),176.25,38.2,-5.183,-3.12,-13.98,-26.55,4658204768.0,31.9,49.2,71.0,0.37,0.0,0.7,0.045,0.458,0.183,0.0,0.036,0.587,0.0,197466906433.10547,Émission titres,12.0,1,,2026-01-05,174.54,0.98,182
MOD,gestion_thermique,25.2,En base (loin du pivot),230.97,36.2,-5.994,-5.53,-18.58,-24.74,469310745.0,28.5,30.3,49.0,0.0,0.0,0.7,1.0,0.556,0.0,0.0,0.0,0.31,0.048,12372625503.974228,,,0,,2026-02-25,230.19,0.34,131
LITE,laser_photonique,25.1,Setup en formation,728.32,37.7,-11.654,-9.09,-15.51,-29.23,4973967915.0,32.9,34.6,21.0,0.36,0.0,0.3,0.855,0.735,0.237,0.0,0.011,0.341,0.0,56655903100.58594,,,0,,2026-01-05,357.05,103.98,182
BKSY,espace|robotique,24.6,Setup en formation,27.88,41.3,0.081,-2.99,14.5,-36.51,66547124.0,47.3,55.3,68.0,0.41,0.0,0.3,0.0,0.59,0.203,0.0,0.429,0.397,0.0,1026806752.251194,,,0,,2026-01-05,22.72,22.71,182
VST,production_energie,24.1,Setup en formation,151.05,44.4,-0.7,-1.38,-9.97,-4.25,691104929.0,11.8,22.7,71.0,0.46,0.0,0.079,1.0,0.287,0.376,0.269,0.148,0.127,0.0,51777738962.880615,Contrat,6.0,1,,2026-02-25,174.88,-13.63,131
NVMI,semiconducteurs,23.6,En base (loin du pivot),470.14,41.9,-8.432,-6.46,-12.0,-10.13,305241140.0,23.7,26.6,78.0,0.0,0.0,0.723,1.0,0.133,0.125,0.0,0.018,0.119,0.211,15151182388.049438,,,0,,2026-01-05,382.88,22.79,182
QRVO,semiconducteurs,22.5,Setup en formation,87.57,36.5,-1.371,-3.64,-8.18,-14.77,137841150.0,20.0,23.5,75.0,0.0,0.0,0.405,1.0,0.311,0.0,0.0,0.007,0.19,0.333,7816997476.893997,Contrat,24.0,2,,2026-01-05,87.06,0.59,182
NUAI,gestion_thermique,22.0,En base (loin du pivot),4.78,42.7,-0.114,-8.08,-18.79,-20.02,53660886.0,34.6,51.8,49.0,0.0,0.0,1.0,0.0,0.305,0.167,0.0,0.042,0.341,0.0,498857839.7197113,Direction,0.0,1,,2026-03-11,5.26,-9.13,117
LASE,ia|laser_photonique|new_tech,21.3,Setup en formation,1.4,41.8,-0.148,-7.28,-20.45,-42.15,43306602.0,68.8,87.5,73.0,0.18,0.0,0.144,0.0,0.356,0.243,0.0,0.039,0.659,0.0,52881307.25727701,Vote actionnaires,6.0,5,,2026-07-03,1.4,0.0,3
AAOI,laser_photonique|semiconducteurs,20.8,Setup en formation,120.95,37.7,-4.368,-12.99,-12.7,-40.23,2347715398.0,48.2,51.5,67.0,0.0,0.0,0.3,0.0,0.58,0.0,0.0,0.302,0.476,0.0,10161943963.903702,Contrat,5.0,2,,2026-01-05,34.99,245.67,182
ECHO,espace,17.4,Setup en formation,101.5,38.3,-0.654,0.61,4.43,-17.85,1571758236.0,31.1,35.7,97.0,0.0,0.0,0.3,0.792,0.174,0.0,0.0,0.372,0.056,0.0,28623428965.431885,Direction,11.0,2,,2026-01-05,110.67,-8.29,182
BYRN,defense,15.3,Tendance baissière (pas un setup),6.97,65.4,0.13,2.5,24.02,12.06,3239535.0,1.3,31.4,40.0,0.61,0.2,0.0,1.0,0.362,0.804,1.0,0.925,0.437,0.0,159707010.33461094,Direction,18.0,3,,2026-07-03,6.97,0.0,3
ASPI,production_energie,15.1,Setup en formation,5.63,39.8,-0.157,-8.75,-11.34,-32.41,33671550.0,34.1,43.7,32.0,0.29,0.0,0.068,0.348,0.539,0.146,0.0,0.021,0.286,0.0,690202680.6046433,Contrat,11.0,3,,2026-05-14,6.09,-7.55,53
PATH,ia|robotique,14.7,Tendance baissière (pas un setup),11.71,62.3,0.127,1.39,17.93,-3.86,552690443.0,11.3,30.3,33.0,0.0,0.0,0.0,1.0,0.731,0.5,0.339,0.949,0.5,0.0,6334020449.497196,Vote actionnaires,7.0,1,,2026-01-12,17.24,-32.08,175
ITRI,equipement_electrique,14.3,Tendance baissière (pas un setup),85.11,56.8,0.642,0.73,2.6,1.39,58567965.0,10.8,18.5,45.0,0.59,0.0,0.0,1.0,0.616,0.794,0.397,0.826,0.302,0.0,3888560596.5870514,,,0,,2026-02-10,105.57,-19.38,146
MBOT,robotique,12.6,Tendance baissière (pas un setup),1.91,52.5,0.021,0.0,7.91,-4.98,1659036.0,15.1,26.2,7.0,1.0,0.0,0.0,1.0,0.94,0.588,0.0,0.867,0.246,0.0,131307188.83740056,Reg FD,6.0,5,,2026-03-25,2.53,-24.51,103
LHX,defense,12.4,Tendance baissière (pas un setup),302.07,51.0,0.398,3.37,4.7,-1.57,465126998.0,11.9,17.6,64.0,0.03,0.0,0.0,1.0,0.214,0.517,0.264,0.885,0.103,0.342,56316961413.19171,,,0,,2026-01-05,309.05,-2.26,182
ISRG,robotique,12.1,Tendance baissière (pas un setup),426.01,56.5,2.225,5.87,6.59,5.89,1035903054.0,13.3,19.2,31.0,0.18,0.0,0.0,1.0,0.627,0.589,0.092,0.87,0.206,0.018,152851367138.27618,,,0,,2026-01-05,566.38,-24.78,182
PNR,gestion_thermique,11.0,Tendance baissière (pas un setup),76.72,56.6,0.575,0.45,0.95,7.66,158562772.0,18.5,25.7,29.0,0.32,0.0,0.0,1.0,0.682,0.662,0.0,0.525,0.278,0.0,12129303929.073095,,,0,,2026-01-20,103.75,-26.05,167
TSLA,new_tech,10.6,Tendance baissière (pas un setup),393.45,46.8,1.651,-7.49,4.89,-7.15,19734064233.0,13.2,19.7,43.0,0.57,0.0,0.0,1.0,0.373,0.457,0.097,0.671,0.103,0.296,1570869102961.451,Résultats,4.0,1,,2026-01-05,451.67,-12.89,182
OSIS,defense,10.0,Tendance baissière (pas un setup),221.76,50.5,1.298,3.19,1.29,4.6,59997399.0,28.1,36.1,18.0,0.52,0.0,0.0,0.774,0.838,0.26,0.0,0.809,0.222,0.038,3690271737.106781,,,0,,2026-01-05,271.38,-18.28,182
ERII,gestion_thermique,9.8,Tendance baissière (pas un setup),8.84,50.5,0.072,-0.67,0.57,8.07,9991253.0,24.6,33.2,60.0,0.31,0.0,0.0,0.934,0.382,0.655,0.0,0.523,0.198,0.0,459268249.82481766,Direction,25.0,2,,2026-02-03,14.81,-40.31,153
KRMN,defense|espace,9.8,Tendance baissière (pas un setup),56.37,55.9,1.569,2.62,21.83,3.15,181443671.0,34.9,49.2,18.0,0.0,0.0,0.0,0.046,0.859,0.5,0.0,0.959,0.183,0.0,7265091670.736183,8-K,25.0,1,,2026-01-05,83.99,-32.88,182
CDRE,defense,9.7,Tendance baissière (pas un setup),29.44,51.9,0.085,2.9,4.55,-2.52,13468063.0,10.6,21.9,65.0,0.02,0.0,0.0,1.0,0.515,0.01,0.422,0.889,0.135,0.0,1310243952.5694408,,,0,,2026-01-05,41.73,-29.45,182
NOC,defense,9.7,Tendance baissière (pas un setup),549.01,56.2,2.682,5.59,9.95,2.31,581461980.0,10.7,19.7,73.0,0.0,0.0,0.0,1.0,0.162,0.0,0.409,0.983,0.159,0.031,77656803003.0,,,0,,2026-01-05,606.7,-9.51,182
AVAV,defense|espace|robotique,9.6,Tendance baissière (pas un setup),190.89,60.4,2.636,10.7,39.66,-6.59,335677721.0,12.9,38.3,77.0,0.0,0.28,0.0,0.649,0.149,0.5,0.136,1.0,0.294,0.0,9148666314.363098,Résultats,7.0,3,,2026-07-03,190.89,0.0,3
MSFT,ia,9.3,Tendance baissière (pas un setup),390.49,49.8,1.053,1.62,10.67,-11.52,18688275901.0,16.3,25.1,71.0,0.0,0.0,0.0,1.0,0.243,0.26,0.0,0.952,0.087,0.029,2860615892959.62,,,0,,2026-05-29,450.24,-13.27,38
SYM,robotique,9.1,Tendance baissière (pas un setup),42.74,45.7,0.778,-4.94,4.83,-12.94,93968865.0,34.1,41.1,27.0,0.18,0.0,0.0,0.493,0.829,0.589,0.0,0.623,0.103,0.0,5593025564.026531,,,0,,2026-01-05,68.62,-37.71,182
PLTR,defense|ia|new_tech,9.1,Tendance baissière (pas un setup),129.3,51.5,0.503,2.84,20.54,-15.03,5430297383.0,21.0,35.0,84.0,0.47,0.0,0.0,0.832,0.209,0.308,0.0,0.992,0.087,0.0,318770576508.0962,Vote actionnaires,27.0,1,,2026-01-05,174.04,-25.71,182
AIRO,defense,9.0,Tendance baissière (pas un setup),7.6,49.2,-0.036,-0.65,13.1,-19.66,4063077.0,23.1,42.2,40.0,0.53,0.0,0.0,0.433,0.639,0.316,0.0,0.875,0.175,0.0,241502540.52199745,,,0,,2026-07-03,7.6,0.0,3
HII,defense,8.8,Tendance baissière (pas un setup),291.5,46.7,1.751,4.49,4.45,-0.74,147107250.0,23.9,28.3,11.0,0.4,0.0,0.0,1.0,0.899,0.198,0.0,0.676,0.103,0.0,11582025955.366272,,,0,,2026-01-05,360.79,-19.21,182
STI,new_tech,8.8,Tendance baissière (pas un setup),7.85,39.7,-1.725,-13.55,-36.85,57.95,224492216.0,82.9,92.2,85.0,0.0,0.0,0.4,0.0,0.472,0.258,0.0,0.308,0.667,0.0,63802581.27450752,Événement,7.0,2,,2026-07-03,7.85,0.0,3
TSSI,gestion_thermique,8.7,Tendance baissière (pas un setup),11.21,41.3,-0.129,-4.84,-3.78,-25.71,12033763.0,35.9,41.1,2.0,1.0,0.0,0.0,0.497,0.986,0.5,0.0,0.31,0.302,0.0,325657900.3093643,,,0,,2026-05-07,15.84,-29.23,60
AEYE,ia,8.6,Tendance baissière (pas un setup),6.51,50.0,0.024,2.68,8.86,-20.42,1021867.0,23.2,34.8,46.0,0.0,0.0,0.0,0.845,0.571,0.0,0.0,0.939,0.167,0.0,91951536.06805086,Vote actionnaires,13.0,2,,2026-05-29,7.68,-15.23,38
FSLR,production_energie,8.5,Tendance baissière (pas un setup),224.57,36.4,-5.618,-3.24,-9.68,-27.79,576034462.0,30.0,41.7,72.0,0.64,0.0,0.4,0.463,0.443,0.319,0.0,0.32,0.381,0.0,25457850565.207016,,,0,,2026-01-05,272.0,-17.44,182
KTOS,defense|espace,8.5,Tendance baissière (pas un setup),55.35,51.6,0.271,4.36,19.49,-12.52,299752670.0,22.0,35.2,57.0,0.0,0.0,0.0,0.823,0.495,0.029,0.0,0.976,0.127,0.0,10154207419.732788,,,0,,2026-01-05,89.93,-38.45,182
META,ia,8.4,Tendance baissière (pas un setup),582.9,49.7,3.684,-4.9,7.37,-2.37,11433339935.0,14.5,20.8,42.0,0.0,0.0,0.0,1.0,0.348,0.0,0.0,0.898,0.095,0.115,1502924304191.2476,,,0,,2026-01-27,671.77,-13.23,160
QUBT,laser_photonique|new_tech|quantique,8.3,Tendance baissière (pas un setup),9.05,42.5,-0.129,-4.03,-0.44,-26.12,164163928.0,37.4,44.8,26.0,0.99,0.0,0.0,0.29,0.75,0.553,0.0,0.337,0.325,0.0,2120006422.725077,Direction,6.0,2,,2026-07-03,9.05,0.0,3
VRSN,ia,8.3,Tendance baissière (pas un setup),256.43,38.5,-0.9,0.21,2.22,-13.78,229391124.0,17.9,21.7,90.0,0.26,0.0,0.0,1.0,0.211,0.128,0.0,0.422,0.19,0.402,23469810333.25196,Contrat,10.0,2,,2026-03-18,238.26,7.63,110
GDYN,ia,8.2,Tendance baissière (pas un setup),6.09,50.1,0.027,-2.4,16.89,-18.8,17335033.0,24.1,36.3,73.0,0.0,0.0,0.0,0.762,0.4,0.0,0.0,0.962,0.167,0.0,503010703.6447172,,,0,,2026-01-05,9.37,-35.01,182
RGTI,new_tech|quantique,8.1,Tendance baissière (pas un setup),17.94,41.1,-0.386,-3.96,-2.55,-33.26,738953826.0,36.1,45.5,41.0,0.73,0.0,0.4,0.251,0.683,0.409,0.0,0.316,0.27,0.0,6104504014.474951,Vote actionnaires,25.0,1,,2026-07-03,17.94,0.0,3
ENPH,production_energie,7.4,Tendance baissière (pas un setup),43.07,38.2,-1.157,-8.05,-8.77,-40.45,389992410.0,41.6,59.5,56.0,0.5,0.0,0.4,0.0,0.523,0.249,0.0,0.327,0.413,0.0,6003408820.445938,Événement,18.0,2,,2026-01-05,34.0,26.68,182
SMR,new_tech|production_energie,7.2,Tendance baissière (pas un setup),9.76,42.4,-0.03,-3.84,-3.08,-30.04,358056344.0,31.7,36.2,19.0,0.43,0.0,0.0,0.765,0.812,0.715,0.0,0.069,0.024,0.0,3377992540.8173275,,,0,,2026-07-03,9.76,0.0,3
SIDU,espace,7.2,Tendance baissière (pas un setup),2.65,38.6,-0.068,-2.93,6.0,-46.03,60549833.0,61.0,64.5,47.0,1.0,0.0,0.0,0.0,0.719,0.5,0.0,0.397,0.27,0.0,249215717.9495945,Vote actionnaires,14.0,1,,2026-01-27,3.62,-26.8,160
RDW,defense|espace|new_tech,7.2,Tendance baissière (pas un setup),11.31,40.0,-0.402,-5.51,4.72,-45.04,617805998.0,57.5,68.8,81.0,0.27,0.0,0.0,0.0,0.514,0.135,0.0,0.435,0.587,0.0,2265684380.213325,Contrat,5.0,3,,2026-04-16,11.22,0.8,81
OKLO,new_tech|production_energie,7.1,Tendance baissière (pas un setup),52.36,40.6,-0.329,-0.17,2.65,-28.73,614798152.0,35.8,39.2,19.0,0.92,0.0,0.0,0.601,0.886,0.462,0.0,0.346,0.032,0.0,8944876615.121082,Vote actionnaires,28.0,1,,2026-07-03,52.36,0.0,3
AMSC,equipement_electrique,7.1,Tendance baissière (pas un setup),37.11,37.1,-0.123,-7.04,-7.87,-27.48,49382482.0,38.3,39.7,33.0,0.54,0.0,0.0,0.571,0.805,0.272,0.0,0.045,0.452,0.0,1831875167.626194,,,0,,2026-04-09,36.15,2.66,88
GSIT,memoire,7.1,Tendance baissière (pas un setup),6.82,41.1,-0.021,-6.19,-1.02,-34.74,10287157.0,47.5,51.0,13.0,0.9,0.0,0.0,0.0,0.919,0.451,0.0,0.398,0.222,0.0,269255872.461009,,,0,,2026-07-06,6.82,0.0,0
MNTS,espace,7.0,Tendance baissière (pas un setup),5.91,38.2,-0.651,-9.08,-18.6,-58.03,67336957.0,73.4,81.6,81.0,0.69,0.0,0.0,0.0,0.514,0.343,0.0,0.354,0.452,0.0,120888264.83747004,Événement,18.0,2,,2026-07-03,5.91,0.0,3
VELO,new_tech,7.0,Tendance baissière (pas un setup),15.63,42.1,-1.098,-2.8,-10.07,-29.37,127953199.0,50.8,63.3,87.0,0.0,0.0,0.4,0.0,0.076,0.476,0.0,0.054,0.524,0.0,457743380.4886379,Direction,5.0,2,,2026-03-18,14.03,11.4,110
QS,new_tech,7.0,Tendance baissière (pas un setup),7.07,43.4,-0.002,-7.1,-0.84,-23.15,176193252.0,26.8,32.2,48.0,0.42,0.0,0.0,0.99,0.66,0.209,0.0,0.409,0.071,0.0,4512089155.925922,,,0,,2026-05-29,8.98,-21.27,38
ABAT,new_tech,6.9,Tendance baissière (pas un setup),2.81,43.2,-0.032,1.81,4.07,-28.68,29785977.0,33.9,39.8,87.0,0.0,0.0,0.0,0.569,0.481,0.445,0.0,0.477,0.048,0.0,392477894.8849888,Contrat,28.0,1,,2026-01-20,4.85,-42.06,167
BBAI,defense|ia|new_tech,6.7,Tendance baissière (pas un setup),3.53,38.3,-0.037,-3.02,3.52,-30.92,127042828.0,35.3,39.0,63.0,0.79,0.0,0.0,0.611,0.619,0.432,0.0,0.404,0.016,0.0,1742753367.7345035,Vote actionnaires,24.0,1,,2026-01-12,6.31,-44.06,175
SLDP,new_tech,6.7,Tendance baissière (pas un setup),2.52,34.7,-0.015,-2.7,-3.08,-30.58,13615356.0,39.7,40.9,26.0,1.0,0.0,0.0,0.505,0.843,0.5,0.0,0.327,0.008,0.0,596454247.9238863,Direction,4.0,2,,2026-07-03,2.52,0.0,3
FLY,espace,6.6,Tendance baissière (pas un setup),28.9,42.5,-0.014,1.87,17.43,-33.36,232684170.0,53.5,61.6,68.0,0.4,0.0,0.0,0.0,0.59,0.202,0.0,0.459,0.397,0.0,4656068464.600763,,,0,,2026-05-21,42.86,-32.57,46
DPRO,defense,6.6,Tendance baissière (pas un setup),5.12,40.7,-0.068,-2.85,4.07,-31.46,8134642.0,38.2,41.2,46.0,0.89,0.0,0.0,0.49,0.627,0.489,0.0,0.387,0.016,0.0,191053602.1486244,,,0,,2026-01-20,9.42,-45.65,167
LWLG,laser_photonique|semiconducteurs,6.6,Tendance baissière (pas un setup),7.37,36.4,-0.065,-9.24,-9.68,-42.06,50140910.0,60.6,61.0,14.0,1.0,0.0,0.0,0.0,0.914,0.5,0.0,0.05,0.389,0.0,1156367655.7930143,,,0,,2026-04-09,8.44,-12.68,88
RCAT,defense|robotique,6.5,Tendance baissière (pas un setup),10.44,46.8,-0.054,-1.04,17.17,-30.17,146859856.0,33.9,47.1,56.0,0.42,0.0,0.0,0.162,0.534,0.212,0.0,0.702,0.135,0.0,1525229856.226942,Vote actionnaires,11.0,1,,2026-03-04,14.73,-29.12,124
VUZI,ia|laser_photonique,6.5,Tendance baissière (pas un setup),2.8,39.7,-0.054,1.08,1.82,-38.73,5413247.0,50.2,59.8,66.0,0.54,0.0,0.0,0.0,0.605,0.27,0.0,0.393,0.365,0.0,230764176.6555896,Vote actionnaires,19.0,1,,2026-05-07,2.86,-2.1,60
SOUN,ia|new_tech,6.4,Tendance baissière (pas un setup),6.55,40.1,0.006,-1.95,5.48,-25.74,174732577.0,34.8,39.7,37.0,0.58,0.0,0.0,0.574,0.772,0.291,0.0,0.391,0.056,0.0,3001257393.961723,Contrat,4.0,1,,2026-07-03,6.55,0.0,3
NKLR,production_energie,6.4,Tendance baissière (pas un setup),4.62,39.2,-0.01,-5.13,2.67,-29.14,1508580.0,41.7,45.2,37.0,1.0,0.0,0.0,0.265,0.705,0.5,0.0,0.351,0.063,0.0,502668606.88645935,Direction,4.0,1,,2026-07-03,4.62,0.0,3
KRKNF,defense,6.3,Tendance baissière (pas un setup),4.5,37.8,-0.054,-0.44,-6.25,-25.99,5648592.0,30.1,34.0,67.0,0.59,0.0,0.0,0.889,0.587,0.295,0.0,0.319,0.024,0.0,1477511963.3033028,,,0,,2026-01-05,5.19,-13.29,182
SWKS,semiconducteurs,6.3,Tendance baissière (pas un setup),62.56,36.4,-1.305,-5.11,-10.55,-20.93,409422807.0,26.6,29.5,79.0,0.0,0.0,0.4,1.0,0.306,0.0,0.0,0.022,0.31,0.035,9566571207.764614,Événement,24.0,1,,2026-04-23,61.02,2.52,74
LIDR,laser_photonique,6.3,Tendance baissière (pas un setup),1.41,37.3,0.002,-1.4,9.3,-32.21,2216765.0,53.8,58.5,74.0,1.0,0.0,0.0,0.0,0.557,0.6,0.0,0.447,0.04,0.0,67156491.20846272,,,0,,2026-07-03,1.41,0.0,3
BWXT,defense|gestion_thermique|production_energie,6.3,Tendance baissière (pas un setup),191.06,43.0,-0.551,-0.1,-6.7,2.03,205127501.0,16.0,21.1,63.0,0.26,0.0,0.0,1.0,0.424,0.21,0.0,0.06,0.087,0.304,17963342023.08928,,,0,,2026-01-05,188.51,1.35,182
ISOU,production_energie,6.3,Tendance baissière (pas un setup),10.04,44.5,-0.063,2.97,0.8,-22.77,1622022.0,25.5,32.6,53.0,0.0,0.0,0.0,0.969,0.528,0.0,0.0,0.458,0.048,0.131,673280837.6879692,,,0,,2026-01-27,11.97,-16.12,160
LAES,quantique,6.2,Tendance baissière (pas un setup),3.03,45.7,-0.022,-2.26,-4.42,-18.33,66489248.0,22.3,34.4,13.0,0.0,0.0,0.0,0.869,0.789,0.0,0.0,0.266,0.238,0.0,683916162.0582311,,,0,,2026-03-04,4.19,-27.68,124
FLNC,equipement_electrique,6.2,Tendance baissière (pas un setup),17.0,38.1,-0.844,-7.41,-12.28,-39.09,244482097.0,43.3,62.2,60.0,0.36,0.0,0.4,0.0,0.603,0.182,0.0,0.301,0.262,0.0,2401231729.0672874,,,0,,2026-01-05,22.25,-23.6,182
RR,ia|robotique,6.1,Tendance baissière (pas un setup),1.96,38.5,-0.001,-4.85,3.7,-34.45,19665685.0,42.2,46.6,44.0,0.88,0.0,0.0,0.188,0.733,0.484,0.0,0.396,0.024,0.0,470669527.42975473,8-K,24.0,1,,2026-07-03,1.96,0.0,3
WLDN,gestion_thermique,5.9,Tendance baissière (pas un setup),76.3,28.5,-1.749,-2.25,-3.33,-20.29,31172224.0,25.0,36.4,79.0,0.61,0.0,0.0,0.753,0.413,0.305,0.0,0.349,0.04,0.0,1191697909.910263,Direction,18.0,1,,2026-01-05,109.74,-30.47,182
AMPX,new_tech,5.8,Tendance baissière (pas un setup),12.38,35.9,-0.242,-8.9,-1.43,-45.96,114423829.0,48.9,51.5,86.0,0.71,0.0,0.0,0.0,0.486,0.355,0.0,0.376,0.23,0.0,1880808779.7814653,Vote actionnaires,19.0,1,,2026-01-27,11.58,6.91,160
NNDM,new_tech|robotique,5.7,Tendance baissière (pas un setup),1.45,47.0,0.019,-2.68,4.32,-17.61,9579137.0,25.8,39.1,77.0,0.0,0.0,0.0,0.604,0.271,0.0,0.0,0.671,0.095,0.0,310497681.0438756,Reg FD,19.0,3,,2026-01-12,1.7,-14.71,175
BNRG,new_tech,5.6,Tendance baissière (pas un setup),1.03,41.7,0.026,27.16,22.47,-23.7,1210781.0,76.5,84.7,61.0,0.63,0.0,0.0,0.0,0.633,0.474,0.0,0.379,0.056,0.0,1932198.653028488,,,0,,2026-07-03,1.03,0.0,3
ZENA,defense,5.6,Tendance baissière (pas un setup),1.42,44.1,0.022,-2.07,1.43,-5.33,3936052.0,45.1,55.5,6.0,0.74,0.0,0.0,0.0,0.967,0.531,0.0,0.133,0.111,0.0,123276070.1766014,,,0,,2026-07-03,1.42,0.0,3
AI,ia,5.5,Tendance baissière (pas un setup),9.06,40.9,-0.17,-3.92,3.54,-18.96,74989518.0,23.4,29.6,75.0,0.0,0.0,0.0,1.0,0.336,0.0,0.0,0.389,0.103,0.0,1464332201.1998386,Direction,20.0,1,,2026-07-03,9.06,0.0,3
LMB,gestion_thermique,5.3,Tendance baissière (pas un setup),76.0,42.7,-0.361,-2.09,-7.22,-5.19,21318081.0,33.9,38.9,9.0,0.58,0.0,0.0,0.618,0.948,0.289,0.0,0.042,0.095,0.0,937234320.2821884,Vote actionnaires,25.0,1,,2026-02-03,89.66,-15.24,153
MVST,new_tech,5.3,Tendance baissière (pas un setup),1.12,39.0,0.009,-6.67,-0.44,-26.8,4828930.0,48.6,50.9,14.0,0.66,0.0,0.0,0.0,0.914,0.432,0.0,0.324,0.008,0.0,391459910.313818,,,0,,2026-07-03,1.12,0.0,3
LUNR,espace,5.2,Tendance baissière (pas un setup),19.58,36.4,-0.329,-3.07,4.71,-50.52,332467468.0,58.1,61.7,83.0,0.54,0.0,0.0,0.0,0.5,0.269,0.0,0.419,0.167,0.0,3047791744.1119366,Vote actionnaires,28.0,1,,2026-01-27,20.29,-3.5,160
AMRC,gestion_thermique,4.9,Tendance baissière (pas un setup),25.4,37.6,-0.194,-4.26,-8.5,-29.58,17995076.0,31.6,34.5,50.0,0.04,0.0,0.0,0.863,0.7,0.019,0.0,0.304,0.008,0.0,1410625716.56102,Direction,28.0,1,,2026-01-05,30.92,-17.85,182
BWMN,gestion_thermique,4.8,Tendance baissière (pas un setup),28.68,35.7,-0.162,0.09,-1.9,-11.79,4555535.0,23.5,24.8,67.0,0.0,0.0,0.0,1.0,0.482,0.0,0.0,0.304,0.016,0.0,512801544.8888092,,,0,,2026-02-10,35.65,-19.55,146
BAH,defense,4.8,Tendance baissière (pas un setup),62.45,34.1,-0.788,4.07,4.59,-21.67,171188580.0,25.4,28.9,100.0,0.0,0.0,0.0,1.0,0.097,0.0,0.0,0.406,0.04,0.0,7400530219.510788,Contrat,14.0,1,,2026-07-03,62.45,0.0,3
LDOS,defense,4.8,Tendance baissière (pas un setup),108.84,40.9,0.341,5.6,8.84,-13.87,219954972.0,29.4,35.8,97.0,0.0,0.0,0.0,0.787,0.171,0.0,0.0,0.451,0.079,0.0,13779168642.649933,,,0,,2026-01-05,194.32,-43.99,182
PDYN,defense|robotique,4.7,Tendance baissière (pas un setup),5.84,41.9,-0.08,-3.47,0.17,-32.09,16565223.0,35.6,38.6,48.0,0.0,0.0,0.0,0.634,0.534,0.077,0.0,0.349,0.032,0.0,272362950.81721544,Émission titres,28.0,2,,2026-07-03,5.84,0.0,3
UROY,production_energie,4.7,Tendance baissière (pas un setup),2.81,37.8,0.008,1.08,2.93,-27.39,8019024.0,37.0,40.4,47.0,0.12,0.0,0.0,0.536,0.719,0.061,0.0,0.352,0.032,0.0,414856783.6258793,,,0,,2026-01-05,4.06,-30.79,182
FN,laser_photonique,4.7,Tendance baissière (pas un setup),499.61,35.8,-6.239,-8.69,-12.01,-28.74,652544930.0,33.3,34.7,76.0,0.0,0.0,0.0,0.852,0.441,0.0,0.0,0.317,0.063,0.0,18387105710.775143,,,0,,2026-01-05,456.9,9.35,182
LEU,production_energie,4.6,Tendance baissière (pas un setup),162.13,44.0,-0.049,-2.53,-4.84,-18.58,150156601.0,31.0,38.4,29.0,0.34,0.0,0.0,0.642,0.672,0.17,0.0,0.166,0.04,0.0,3460051104.7785645,Contrat,4.0,3,,2026-01-20,315.92,-48.68,167
NXE,production_energie,4.6,Tendance baissière (pas un setup),9.63,40.1,-0.031,1.9,-0.21,-22.59,61659190.0,27.6,31.1,47.0,0.25,0.0,0.0,1.0,0.658,0.127,0.0,0.044,0.032,0.0,6397354528.715159,,,0,,2026-01-05,10.72,-10.17,182
LTBR,production_energie,4.5,Tendance baissière (pas un setup),8.64,37.4,0.015,-3.03,-3.03,-28.83,9936674.0,41.8,43.3,22.0,0.0,0.0,0.0,0.372,0.867,0.1,0.0,0.323,0.008,0.0,291659048.31875324,,,0,,2026-07-03,8.64,0.0,3
NNOX,defense,4.5,Tendance baissière (pas un setup),1.3,41.6,-0.028,-4.41,47.9,-32.29,4805477.0,40.8,66.6,100.0,0.0,0.0,0.0,0.0,0.0,0.5,0.0,0.388,0.04,0.0,92917047.96005917,,,0,,2026-07-03,1.3,0.0,3
ONDS,defense|equipement_electrique|espace|laser_photonique|robotique,4.4,Tendance baissière (pas un setup),7.41,34.6,-0.148,-6.44,-3.45,-45.43,560727057.0,47.7,48.4,65.0,0.52,0.0,0.0,0.09,0.61,0.258,0.0,0.369,0.008,0.0,4087611173.455101,Contrat,0.0,6,,2026-01-20,13.13,-43.56,167
CCJ,production_energie,4.3,Tendance baissière (pas un setup),96.54,36.7,-0.609,-0.87,-6.8,-19.89,343502275.0,26.4,28.5,32.0,0.18,0.0,0.0,1.0,0.683,0.09,0.0,0.0,0.008,0.046,42464465355.0,,,0,,2026-01-05,100.17,-3.62,182
PRCT,robotique,4.3,Tendance baissière (pas un setup),21.03,38.1,-0.066,-10.4,-2.14,-21.41,41686197.0,29.3,33.0,100.0,0.0,0.0,0.0,0.943,0.129,0.0,0.0,0.362,0.016,0.0,1227170246.2420578,Vote actionnaires,26.0,1,,2026-05-21,28.93,-27.31,46
SERV,ia|robotique,4.3,Tendance baissière (pas un setup),6.31,38.3,0.028,-3.37,6.95,-30.43,38729475.0,38.9,44.1,60.0,0.0,0.0,0.0,0.328,0.577,0.072,0.0,0.398,0.032,0.0,548704367.9118323,Direction,12.0,2,,2026-07-03,6.31,0.0,3
EU,production_energie,4.2,Tendance baissière (pas un setup),1.29,39.0,-0.009,-5.15,-3.01,-25.86,5529794.0,40.8,42.2,62.0,0.0,0.0,0.0,0.433,0.35,0.48,0.0,0.041,0.008,0.0,253474060.0320735,Vote actionnaires,20.0,1,,2026-01-05,2.78,-53.6,182
ENVX,new_tech,4.2,Tendance baissière (pas un setup),5.36,34.9,-0.143,-8.38,-11.4,-37.82,35541839.0,41.4,41.8,79.0,0.8,0.0,0.0,0.455,0.504,0.398,0.0,0.049,0.008,0.0,1246746942.8875732,Vote actionnaires,24.0,1,,2026-07-03,5.36,0.0,3
NNE,new_tech|production_energie,4.1,Tendance baissière (pas un setup),20.03,39.9,-0.456,-3.47,-3.0,-34.48,75080938.0,36.6,37.9,71.0,0.0,0.0,0.0,0.673,0.526,0.0,0.0,0.316,0.008,0.0,1049213300.0075816,Événement,11.0,2,,2026-07-03,20.03,0.0,3
URG,production_energie,3.8,Tendance baissière (pas un setup),1.35,39.8,-0.014,0.0,3.85,-35.71,23482122.0,37.2,40.0,90.0,0.0,0.0,0.0,0.556,0.31,0.0,0.0,0.365,0.032,0.0,548317955.2453741,,,0,,2026-01-05,1.61,-16.15,182
EOSE,equipement_electrique|new_tech,3.7,Tendance baissière (pas un setup),5.23,34.7,-0.146,-5.77,-14.12,-44.48,149338802.0,47.6,48.6,33.0,0.79,0.0,0.0,0.078,0.726,0.396,0.0,0.027,0.032,0.0,1855650617.5324843,Événement,4.0,3,,2026-01-12,16.13,-67.58,175
KSCP,robotique,3.7,Tendance baissière (pas un setup),2.04,39.0,0.046,-1.45,5.7,-25.0,1245122.0,41.2,48.7,40.0,0.0,0.0,0.0,0.074,0.684,0.0,0.0,0.361,0.087,0.0,34675842.46547532,Direction,28.0,1,,2026-07-03,2.04,0.0,3
SPCE,espace,3.7,Tendance baissière (pas un setup),2.7,42.4,-0.136,-2.88,8.0,-41.18,165840561.0,69.7,74.5,83.0,0.0,0.0,0.0,0.0,0.5,0.0,0.0,0.395,0.143,0.0,348978690.5925572,Émission titres,7.0,4,,2026-07-03,2.7,0.0,3
CEG,production_energie,3.7,Tendance baissière (pas un setup),239.25,34.1,-1.862,1.16,-10.96,-12.25,1061307974.0,27.1,30.4,37.0,0.0,0.0,0.0,1.0,0.671,0.0,0.0,0.0,0.016,0.0,86757933940.36113,,,0,,2026-01-05,353.92,-32.4,182
VERI,ia,3.6,Tendance baissière (pas un setup),1.31,34.2,0.009,-9.03,2.34,-34.17,4217096.0,48.2,49.8,65.0,0.25,0.0,0.0,0.011,0.573,0.127,0.0,0.384,0.016,0.0,126882758.25148223,8-K,26.0,1,,2026-01-05,5.1,-74.31,182
UEC,production_energie,3.6,Tendance baissière (pas un setup),10.77,41.4,0.019,2.09,1.7,-30.25,144736747.0,36.0,44.4,71.0,0.0,0.0,0.0,0.312,0.571,0.0,0.0,0.323,0.048,0.0,5290185384.883291,Résultats,27.0,1,,2026-01-05,13.99,-23.02,182
CAMT,semiconducteurs,3.5,Tendance baissière (pas un setup),142.5,37.2,-3.727,-8.35,-15.21,-24.01,85382718.0,34.0,36.4,81.0,0.16,0.0,0.0,0.753,0.166,0.21,0.0,0.025,0.048,0.0,6631991376.883163,,,0,,2026-01-05,123.88,15.03,182
SMCI,gestion_thermique|ia|semiconducteurs,2.9,Tendance baissière (pas un setup),27.22,39.8,-0.753,-1.56,-14.08,-45.74,2419449970.0,47.0,50.5,85.0,0.0,0.0,0.0,0.0,0.434,0.0,0.0,0.311,0.111,0.0,17607883350.76754,Contrat,21.0,3,,2026-07-03,27.22,0.0,3
CRWV,ia,2.9,Tendance baissière (pas un setup),81.75,33.7,-2.424,-4.6,-17.23,-31.46,3185461561.0,40.9,41.7,61.0,0.37,0.0,0.0,0.46,0.403,0.184,0.0,0.0,0.04,0.0,47249121646.77342,Contrat,18.0,3,,2026-04-23,117.42,-30.38,74
PLAB,semiconducteurs,2.9,Tendance baissière (pas un setup),28.86,37.2,0.393,-4.78,-12.15,-12.91,52178695.0,48.5,49.8,39.0,0.0,0.0,0.0,0.011,0.767,0.302,0.0,0.007,0.008,0.0,1731763859.744305,,,0,,2026-01-05,33.38,-13.54,182
IREN,ia,2.8,Tendance baissière (pas un setup),38.82,30.6,-2.018,-10.39,-18.68,-41.71,2237510098.0,45.1,46.7,75.0,0.54,0.0,0.0,0.181,0.501,0.272,0.0,0.022,0.016,0.0,15878299149.305605,Direction,5.0,1,,2026-05-29,63.54,-38.9,38
UUUU,production_energie,2.7,Tendance baissière (pas un setup),13.81,35.8,-0.001,-2.88,-4.23,-29.32,162937127.0,46.5,47.4,22.0,0.26,0.0,0.0,0.145,0.867,0.13,0.0,0.032,0.008,0.0,3458881018.774636,Contrat,10.0,2,,2026-02-03,24.53,-43.7,153
CMTL,defense|espace,2.4,Tendance baissière (pas un setup),1.93,28.2,-0.108,-8.53,-5.85,-66.72,3036584.0,68.9,68.9,98.0,0.0,0.0,0.0,0.0,0.155,0.0,0.0,0.431,0.008,0.0,60522090.048531055,Direction,20.0,3,,2026-01-12,5.52,-65.04,175
VWAV,defense,1.8,Tendance baissière (pas un setup),4.14,39.6,-0.061,1.97,-4.39,-30.19,5424455.0,39.5,43.6,60.0,0.0,0.0,0.0,0.358,0.35,0.001,0.0,0.046,0.016,0.0,119168364.45926283,Reg FD,4.0,5,,2026-07-03,4.14,0.0,3
NAUT,robotique,1.3,Tendance baissière (pas un setup),1.73,28.6,-0.043,-5.98,-23.79,-35.45,2014494.0,45.3,46.5,77.0,0.0,0.0,0.0,0.193,0.402,0.0,0.0,0.006,0.008,0.0,216669453.2286328,Vote actionnaires,18.0,1,,2026-07-03,1.73,0.0,3
